[0.168s] DEBUG:colcon:Command line arguments: ['/usr/bin/colcon', 'build']
[0.169s] DEBUG:colcon:Parsed command line arguments: Namespace(log_base=None, log_level=None, verb_name='build', build_base='build', install_base='install', merge_install=False, symlink_install=False, test_result_base=None, continue_on_error=False, executor='parallel', parallel_workers=12, event_handlers=None, ignore_user_meta=False, metas=['./colcon.meta'], base_paths=['.'], packages_ignore=None, packages_ignore_regex=None, paths=None, packages_up_to=None, packages_up_to_regex=None, packages_above=None, packages_above_and_dependencies=None, packages_above_depth=None, packages_select_by_dep=None, packages_skip_by_dep=None, packages_skip_up_to=None, packages_select_build_failed=False, packages_skip_build_finished=False, packages_select_test_failures=False, packages_skip_test_passed=False, packages_select=None, packages_skip=None, packages_select_regex=None, packages_skip_regex=None, packages_start=None, packages_end=None, allow_overriding=[], cmake_args=None, cmake_target=None, cmake_target_skip_unavailable=False, cmake_clean_cache=False, cmake_clean_first=False, cmake_force_configure=False, ament_cmake_args=None, catkin_cmake_args=None, catkin_skip_building_tests=False, mixin_files=None, mixin=None, verb_parser=<colcon_mixin.mixin.mixin_argument.MixinArgumentDecorator object at 0x7d8322235f60>, verb_extension=<colcon_core.verb.build.BuildVerb object at 0x7d8322235ab0>, main=<bound method BuildVerb.main of <colcon_core.verb.build.BuildVerb object at 0x7d8322235ab0>>, mixin_verb=('build',))
[0.436s] Level 1:colcon.colcon_core.package_discovery:discover_packages(colcon_meta) check parameters
[0.436s] Level 1:colcon.colcon_core.package_discovery:discover_packages(recursive) check parameters
[0.436s] Level 1:colcon.colcon_core.package_discovery:discover_packages(ignore) check parameters
[0.436s] Level 1:colcon.colcon_core.package_discovery:discover_packages(path) check parameters
[0.436s] Level 1:colcon.colcon_core.package_discovery:discover_packages(colcon_meta) discover
[0.436s] Level 1:colcon.colcon_core.package_discovery:discover_packages(recursive) discover
[0.436s] INFO:colcon.colcon_core.package_discovery:Crawling recursively for packages in '/home/naster/Path_Planning'
[0.436s] Level 1:colcon.colcon_core.package_identification:_identify(.) by extensions ['ignore', 'ignore_ament_install']
[0.437s] Level 1:colcon.colcon_core.package_identification:_identify(.) by extension 'ignore'
[0.437s] Level 1:colcon.colcon_core.package_identification:_identify(.) by extension 'ignore_ament_install'
[0.437s] Level 1:colcon.colcon_core.package_identification:_identify(.) by extensions ['colcon_pkg']
[0.437s] Level 1:colcon.colcon_core.package_identification:_identify(.) by extension 'colcon_pkg'
[0.437s] Level 1:colcon.colcon_core.package_identification:_identify(.) by extensions ['colcon_meta']
[0.437s] Level 1:colcon.colcon_core.package_identification:_identify(.) by extension 'colcon_meta'
[0.437s] Level 1:colcon.colcon_core.package_identification:_identify(.) by extensions ['ros']
[0.437s] Level 1:colcon.colcon_core.package_identification:_identify(.) by extension 'ros'
[0.446s] Level 1:colcon.colcon_core.package_identification:_identify(.) by extensions ['cmake', 'python']
[0.447s] Level 1:colcon.colcon_core.package_identification:_identify(.) by extension 'cmake'
[0.447s] Level 1:colcon.colcon_core.package_identification:_identify(.) by extension 'python'
[0.447s] Level 1:colcon.colcon_core.package_identification:_identify(.) by extensions ['python_setup_py']
[0.447s] Level 1:colcon.colcon_core.package_identification:_identify(.) by extension 'python_setup_py'
[0.447s] Level 1:colcon.colcon_core.package_identification:_identify(build) by extensions ['ignore', 'ignore_ament_install']
[0.447s] Level 1:colcon.colcon_core.package_identification:_identify(build) by extension 'ignore'
[0.447s] Level 1:colcon.colcon_core.package_identification:_identify(build) ignored
[0.448s] Level 1:colcon.colcon_core.package_identification:_identify(dev_spade) by extensions ['ignore', 'ignore_ament_install']
[0.448s] Level 1:colcon.colcon_core.package_identification:_identify(dev_spade) by extension 'ignore'
[0.448s] Level 1:colcon.colcon_core.package_identification:_identify(dev_spade) by extension 'ignore_ament_install'
[0.448s] Level 1:colcon.colcon_core.package_identification:_identify(dev_spade) by extensions ['colcon_pkg']
[0.448s] Level 1:colcon.colcon_core.package_identification:_identify(dev_spade) by extension 'colcon_pkg'
[0.448s] Level 1:colcon.colcon_core.package_identification:_identify(dev_spade) by extensions ['colcon_meta']
[0.448s] Level 1:colcon.colcon_core.package_identification:_identify(dev_spade) by extension 'colcon_meta'
[0.448s] Level 1:colcon.colcon_core.package_identification:_identify(dev_spade) by extensions ['ros']
[0.448s] Level 1:colcon.colcon_core.package_identification:_identify(dev_spade) by extension 'ros'
[0.448s] Level 1:colcon.colcon_core.package_identification:_identify(dev_spade) by extensions ['cmake', 'python']
[0.448s] Level 1:colcon.colcon_core.package_identification:_identify(dev_spade) by extension 'cmake'
[0.448s] Level 1:colcon.colcon_core.package_identification:_identify(dev_spade) by extension 'python'
[0.448s] Level 1:colcon.colcon_core.package_identification:_identify(dev_spade) by extensions ['python_setup_py']
[0.448s] Level 1:colcon.colcon_core.package_identification:_identify(dev_spade) by extension 'python_setup_py'
[0.449s] Level 1:colcon.colcon_core.package_identification:_identify(dev_spade/bin) by extensions ['ignore', 'ignore_ament_install']
[0.449s] Level 1:colcon.colcon_core.package_identification:_identify(dev_spade/bin) by extension 'ignore'
[0.449s] Level 1:colcon.colcon_core.package_identification:_identify(dev_spade/bin) by extension 'ignore_ament_install'
[0.449s] Level 1:colcon.colcon_core.package_identification:_identify(dev_spade/bin) by extensions ['colcon_pkg']
[0.449s] Level 1:colcon.colcon_core.package_identification:_identify(dev_spade/bin) by extension 'colcon_pkg'
[0.449s] Level 1:colcon.colcon_core.package_identification:_identify(dev_spade/bin) by extensions ['colcon_meta']
[0.449s] Level 1:colcon.colcon_core.package_identification:_identify(dev_spade/bin) by extension 'colcon_meta'
[0.449s] Level 1:colcon.colcon_core.package_identification:_identify(dev_spade/bin) by extensions ['ros']
[0.449s] Level 1:colcon.colcon_core.package_identification:_identify(dev_spade/bin) by extension 'ros'
[0.449s] Level 1:colcon.colcon_core.package_identification:_identify(dev_spade/bin) by extensions ['cmake', 'python']
[0.449s] Level 1:colcon.colcon_core.package_identification:_identify(dev_spade/bin) by extension 'cmake'
[0.449s] Level 1:colcon.colcon_core.package_identification:_identify(dev_spade/bin) by extension 'python'
[0.449s] Level 1:colcon.colcon_core.package_identification:_identify(dev_spade/bin) by extensions ['python_setup_py']
[0.449s] Level 1:colcon.colcon_core.package_identification:_identify(dev_spade/bin) by extension 'python_setup_py'
[0.449s] Level 1:colcon.colcon_core.package_identification:_identify(dev_spade/include) by extensions ['ignore', 'ignore_ament_install']
[0.450s] Level 1:colcon.colcon_core.package_identification:_identify(dev_spade/include) by extension 'ignore'
[0.450s] Level 1:colcon.colcon_core.package_identification:_identify(dev_spade/include) by extension 'ignore_ament_install'
[0.450s] Level 1:colcon.colcon_core.package_identification:_identify(dev_spade/include) by extensions ['colcon_pkg']
[0.450s] Level 1:colcon.colcon_core.package_identification:_identify(dev_spade/include) by extension 'colcon_pkg'
[0.450s] Level 1:colcon.colcon_core.package_identification:_identify(dev_spade/include) by extensions ['colcon_meta']
[0.450s] Level 1:colcon.colcon_core.package_identification:_identify(dev_spade/include) by extension 'colcon_meta'
[0.450s] Level 1:colcon.colcon_core.package_identification:_identify(dev_spade/include) by extensions ['ros']
[0.450s] Level 1:colcon.colcon_core.package_identification:_identify(dev_spade/include) by extension 'ros'
[0.450s] Level 1:colcon.colcon_core.package_identification:_identify(dev_spade/include) by extensions ['cmake', 'python']
[0.450s] Level 1:colcon.colcon_core.package_identification:_identify(dev_spade/include) by extension 'cmake'
[0.450s] Level 1:colcon.colcon_core.package_identification:_identify(dev_spade/include) by extension 'python'
[0.450s] Level 1:colcon.colcon_core.package_identification:_identify(dev_spade/include) by extensions ['python_setup_py']
[0.450s] Level 1:colcon.colcon_core.package_identification:_identify(dev_spade/include) by extension 'python_setup_py'
[0.450s] Level 1:colcon.colcon_core.package_identification:_identify(dev_spade/lib) by extensions ['ignore', 'ignore_ament_install']
[0.450s] Level 1:colcon.colcon_core.package_identification:_identify(dev_spade/lib) by extension 'ignore'
[0.450s] Level 1:colcon.colcon_core.package_identification:_identify(dev_spade/lib) by extension 'ignore_ament_install'
[0.450s] Level 1:colcon.colcon_core.package_identification:_identify(dev_spade/lib) by extensions ['colcon_pkg']
[0.450s] Level 1:colcon.colcon_core.package_identification:_identify(dev_spade/lib) by extension 'colcon_pkg'
[0.450s] Level 1:colcon.colcon_core.package_identification:_identify(dev_spade/lib) by extensions ['colcon_meta']
[0.450s] Level 1:colcon.colcon_core.package_identification:_identify(dev_spade/lib) by extension 'colcon_meta'
[0.451s] Level 1:colcon.colcon_core.package_identification:_identify(dev_spade/lib) by extensions ['ros']
[0.451s] Level 1:colcon.colcon_core.package_identification:_identify(dev_spade/lib) by extension 'ros'
[0.451s] Level 1:colcon.colcon_core.package_identification:_identify(dev_spade/lib) by extensions ['cmake', 'python']
[0.451s] Level 1:colcon.colcon_core.package_identification:_identify(dev_spade/lib) by extension 'cmake'
[0.451s] Level 1:colcon.colcon_core.package_identification:_identify(dev_spade/lib) by extension 'python'
[0.451s] Level 1:colcon.colcon_core.package_identification:_identify(dev_spade/lib) by extensions ['python_setup_py']
[0.451s] Level 1:colcon.colcon_core.package_identification:_identify(dev_spade/lib) by extension 'python_setup_py'
[0.451s] Level 1:colcon.colcon_core.package_identification:_identify(dev_spade/lib/python3.10) by extensions ['ignore', 'ignore_ament_install']
[0.451s] Level 1:colcon.colcon_core.package_identification:_identify(dev_spade/lib/python3.10) by extension 'ignore'
[0.452s] Level 1:colcon.colcon_core.package_identification:_identify(dev_spade/lib/python3.10) by extension 'ignore_ament_install'
[0.452s] Level 1:colcon.colcon_core.package_identification:_identify(dev_spade/lib/python3.10) by extensions ['colcon_pkg']
[0.452s] Level 1:colcon.colcon_core.package_identification:_identify(dev_spade/lib/python3.10) by extension 'colcon_pkg'
[0.452s] Level 1:colcon.colcon_core.package_identification:_identify(dev_spade/lib/python3.10) by extensions ['colcon_meta']
[0.452s] Level 1:colcon.colcon_core.package_identification:_identify(dev_spade/lib/python3.10) by extension 'colcon_meta'
[0.452s] Level 1:colcon.colcon_core.package_identification:_identify(dev_spade/lib/python3.10) by extensions ['ros']
[0.452s] Level 1:colcon.colcon_core.package_identification:_identify(dev_spade/lib/python3.10) by extension 'ros'
[0.452s] Level 1:colcon.colcon_core.package_identification:_identify(dev_spade/lib/python3.10) by extensions ['cmake', 'python']
[0.452s] Level 1:colcon.colcon_core.package_identification:_identify(dev_spade/lib/python3.10) by extension 'cmake'
[0.452s] Level 1:colcon.colcon_core.package_identification:_identify(dev_spade/lib/python3.10) by extension 'python'
[0.452s] Level 1:colcon.colcon_core.package_identification:_identify(dev_spade/lib/python3.10) by extensions ['python_setup_py']
[0.452s] Level 1:colcon.colcon_core.package_identification:_identify(dev_spade/lib/python3.10) by extension 'python_setup_py'
[0.452s] Level 1:colcon.colcon_core.package_identification:_identify(dev_spade/lib/python3.10/site-packages) by extensions ['ignore', 'ignore_ament_install']
[0.452s] Level 1:colcon.colcon_core.package_identification:_identify(dev_spade/lib/python3.10/site-packages) by extension 'ignore'
[0.452s] Level 1:colcon.colcon_core.package_identification:_identify(dev_spade/lib/python3.10/site-packages) by extension 'ignore_ament_install'
[0.452s] Level 1:colcon.colcon_core.package_identification:_identify(dev_spade/lib/python3.10/site-packages) by extensions ['colcon_pkg']
[0.452s] Level 1:colcon.colcon_core.package_identification:_identify(dev_spade/lib/python3.10/site-packages) by extension 'colcon_pkg'
[0.452s] Level 1:colcon.colcon_core.package_identification:_identify(dev_spade/lib/python3.10/site-packages) by extensions ['colcon_meta']
[0.452s] Level 1:colcon.colcon_core.package_identification:_identify(dev_spade/lib/python3.10/site-packages) by extension 'colcon_meta'
[0.452s] Level 1:colcon.colcon_core.package_identification:_identify(dev_spade/lib/python3.10/site-packages) by extensions ['ros']
[0.452s] Level 1:colcon.colcon_core.package_identification:_identify(dev_spade/lib/python3.10/site-packages) by extension 'ros'
[0.453s] Level 1:colcon.colcon_core.package_identification:_identify(dev_spade/lib/python3.10/site-packages) by extensions ['cmake', 'python']
[0.453s] Level 1:colcon.colcon_core.package_identification:_identify(dev_spade/lib/python3.10/site-packages) by extension 'cmake'
[0.453s] Level 1:colcon.colcon_core.package_identification:_identify(dev_spade/lib/python3.10/site-packages) by extension 'python'
[0.453s] Level 1:colcon.colcon_core.package_identification:_identify(dev_spade/lib/python3.10/site-packages) by extensions ['python_setup_py']
[0.453s] Level 1:colcon.colcon_core.package_identification:_identify(dev_spade/lib/python3.10/site-packages) by extension 'python_setup_py'
[0.453s] Level 1:colcon.colcon_core.package_identification:_identify(dev_spade/lib/python3.10/site-packages/_distutils_hack) by extensions ['ignore', 'ignore_ament_install']
[0.453s] Level 1:colcon.colcon_core.package_identification:_identify(dev_spade/lib/python3.10/site-packages/_distutils_hack) by extension 'ignore'
[0.453s] Level 1:colcon.colcon_core.package_identification:_identify(dev_spade/lib/python3.10/site-packages/_distutils_hack) by extension 'ignore_ament_install'
[0.453s] Level 1:colcon.colcon_core.package_identification:_identify(dev_spade/lib/python3.10/site-packages/_distutils_hack) by extensions ['colcon_pkg']
[0.453s] Level 1:colcon.colcon_core.package_identification:_identify(dev_spade/lib/python3.10/site-packages/_distutils_hack) by extension 'colcon_pkg'
[0.453s] Level 1:colcon.colcon_core.package_identification:_identify(dev_spade/lib/python3.10/site-packages/_distutils_hack) by extensions ['colcon_meta']
[0.453s] Level 1:colcon.colcon_core.package_identification:_identify(dev_spade/lib/python3.10/site-packages/_distutils_hack) by extension 'colcon_meta'
[0.453s] Level 1:colcon.colcon_core.package_identification:_identify(dev_spade/lib/python3.10/site-packages/_distutils_hack) by extensions ['ros']
[0.453s] Level 1:colcon.colcon_core.package_identification:_identify(dev_spade/lib/python3.10/site-packages/_distutils_hack) by extension 'ros'
[0.453s] Level 1:colcon.colcon_core.package_identification:_identify(dev_spade/lib/python3.10/site-packages/_distutils_hack) by extensions ['cmake', 'python']
[0.453s] Level 1:colcon.colcon_core.package_identification:_identify(dev_spade/lib/python3.10/site-packages/_distutils_hack) by extension 'cmake'
[0.453s] Level 1:colcon.colcon_core.package_identification:_identify(dev_spade/lib/python3.10/site-packages/_distutils_hack) by extension 'python'
[0.453s] Level 1:colcon.colcon_core.package_identification:_identify(dev_spade/lib/python3.10/site-packages/_distutils_hack) by extensions ['python_setup_py']
[0.453s] Level 1:colcon.colcon_core.package_identification:_identify(dev_spade/lib/python3.10/site-packages/_distutils_hack) by extension 'python_setup_py'
[0.454s] Level 1:colcon.colcon_core.package_identification:_identify(dev_spade/lib/python3.10/site-packages/_distutils_hack/__pycache__) by extensions ['ignore', 'ignore_ament_install']
[0.454s] Level 1:colcon.colcon_core.package_identification:_identify(dev_spade/lib/python3.10/site-packages/_distutils_hack/__pycache__) by extension 'ignore'
[0.454s] Level 1:colcon.colcon_core.package_identification:_identify(dev_spade/lib/python3.10/site-packages/_distutils_hack/__pycache__) by extension 'ignore_ament_install'
[0.454s] Level 1:colcon.colcon_core.package_identification:_identify(dev_spade/lib/python3.10/site-packages/_distutils_hack/__pycache__) by extensions ['colcon_pkg']
[0.454s] Level 1:colcon.colcon_core.package_identification:_identify(dev_spade/lib/python3.10/site-packages/_distutils_hack/__pycache__) by extension 'colcon_pkg'
[0.454s] Level 1:colcon.colcon_core.package_identification:_identify(dev_spade/lib/python3.10/site-packages/_distutils_hack/__pycache__) by extensions ['colcon_meta']
[0.454s] Level 1:colcon.colcon_core.package_identification:_identify(dev_spade/lib/python3.10/site-packages/_distutils_hack/__pycache__) by extension 'colcon_meta'
[0.454s] Level 1:colcon.colcon_core.package_identification:_identify(dev_spade/lib/python3.10/site-packages/_distutils_hack/__pycache__) by extensions ['ros']
[0.454s] Level 1:colcon.colcon_core.package_identification:_identify(dev_spade/lib/python3.10/site-packages/_distutils_hack/__pycache__) by extension 'ros'
[0.454s] Level 1:colcon.colcon_core.package_identification:_identify(dev_spade/lib/python3.10/site-packages/_distutils_hack/__pycache__) by extensions ['cmake', 'python']
[0.454s] Level 1:colcon.colcon_core.package_identification:_identify(dev_spade/lib/python3.10/site-packages/_distutils_hack/__pycache__) by extension 'cmake'
[0.454s] Level 1:colcon.colcon_core.package_identification:_identify(dev_spade/lib/python3.10/site-packages/_distutils_hack/__pycache__) by extension 'python'
[0.454s] Level 1:colcon.colcon_core.package_identification:_identify(dev_spade/lib/python3.10/site-packages/_distutils_hack/__pycache__) by extensions ['python_setup_py']
[0.454s] Level 1:colcon.colcon_core.package_identification:_identify(dev_spade/lib/python3.10/site-packages/_distutils_hack/__pycache__) by extension 'python_setup_py'
[0.455s] Level 1:colcon.colcon_core.package_identification:_identify(dev_spade/lib/python3.10/site-packages/pip) by extensions ['ignore', 'ignore_ament_install']
[0.455s] Level 1:colcon.colcon_core.package_identification:_identify(dev_spade/lib/python3.10/site-packages/pip) by extension 'ignore'
[0.455s] Level 1:colcon.colcon_core.package_identification:_identify(dev_spade/lib/python3.10/site-packages/pip) by extension 'ignore_ament_install'
[0.455s] Level 1:colcon.colcon_core.package_identification:_identify(dev_spade/lib/python3.10/site-packages/pip) by extensions ['colcon_pkg']
[0.455s] Level 1:colcon.colcon_core.package_identification:_identify(dev_spade/lib/python3.10/site-packages/pip) by extension 'colcon_pkg'
[0.455s] Level 1:colcon.colcon_core.package_identification:_identify(dev_spade/lib/python3.10/site-packages/pip) by extensions ['colcon_meta']
[0.455s] Level 1:colcon.colcon_core.package_identification:_identify(dev_spade/lib/python3.10/site-packages/pip) by extension 'colcon_meta'
[0.455s] Level 1:colcon.colcon_core.package_identification:_identify(dev_spade/lib/python3.10/site-packages/pip) by extensions ['ros']
[0.455s] Level 1:colcon.colcon_core.package_identification:_identify(dev_spade/lib/python3.10/site-packages/pip) by extension 'ros'
[0.455s] Level 1:colcon.colcon_core.package_identification:_identify(dev_spade/lib/python3.10/site-packages/pip) by extensions ['cmake', 'python']
[0.455s] Level 1:colcon.colcon_core.package_identification:_identify(dev_spade/lib/python3.10/site-packages/pip) by extension 'cmake'
[0.455s] Level 1:colcon.colcon_core.package_identification:_identify(dev_spade/lib/python3.10/site-packages/pip) by extension 'python'
[0.455s] Level 1:colcon.colcon_core.package_identification:_identify(dev_spade/lib/python3.10/site-packages/pip) by extensions ['python_setup_py']
[0.455s] Level 1:colcon.colcon_core.package_identification:_identify(dev_spade/lib/python3.10/site-packages/pip) by extension 'python_setup_py'
[0.456s] Level 1:colcon.colcon_core.package_identification:_identify(dev_spade/lib/python3.10/site-packages/pip/__pycache__) by extensions ['ignore', 'ignore_ament_install']
[0.456s] Level 1:colcon.colcon_core.package_identification:_identify(dev_spade/lib/python3.10/site-packages/pip/__pycache__) by extension 'ignore'
[0.456s] Level 1:colcon.colcon_core.package_identification:_identify(dev_spade/lib/python3.10/site-packages/pip/__pycache__) by extension 'ignore_ament_install'
[0.456s] Level 1:colcon.colcon_core.package_identification:_identify(dev_spade/lib/python3.10/site-packages/pip/__pycache__) by extensions ['colcon_pkg']
[0.456s] Level 1:colcon.colcon_core.package_identification:_identify(dev_spade/lib/python3.10/site-packages/pip/__pycache__) by extension 'colcon_pkg'
[0.456s] Level 1:colcon.colcon_core.package_identification:_identify(dev_spade/lib/python3.10/site-packages/pip/__pycache__) by extensions ['colcon_meta']
[0.456s] Level 1:colcon.colcon_core.package_identification:_identify(dev_spade/lib/python3.10/site-packages/pip/__pycache__) by extension 'colcon_meta'
[0.456s] Level 1:colcon.colcon_core.package_identification:_identify(dev_spade/lib/python3.10/site-packages/pip/__pycache__) by extensions ['ros']
[0.456s] Level 1:colcon.colcon_core.package_identification:_identify(dev_spade/lib/python3.10/site-packages/pip/__pycache__) by extension 'ros'
[0.456s] Level 1:colcon.colcon_core.package_identification:_identify(dev_spade/lib/python3.10/site-packages/pip/__pycache__) by extensions ['cmake', 'python']
[0.456s] Level 1:colcon.colcon_core.package_identification:_identify(dev_spade/lib/python3.10/site-packages/pip/__pycache__) by extension 'cmake'
[0.456s] Level 1:colcon.colcon_core.package_identification:_identify(dev_spade/lib/python3.10/site-packages/pip/__pycache__) by extension 'python'
[0.456s] Level 1:colcon.colcon_core.package_identification:_identify(dev_spade/lib/python3.10/site-packages/pip/__pycache__) by extensions ['python_setup_py']
[0.456s] Level 1:colcon.colcon_core.package_identification:_identify(dev_spade/lib/python3.10/site-packages/pip/__pycache__) by extension 'python_setup_py'
[0.457s] Level 1:colcon.colcon_core.package_identification:_identify(dev_spade/lib/python3.10/site-packages/pip/_internal) by extensions ['ignore', 'ignore_ament_install']
[0.457s] Level 1:colcon.colcon_core.package_identification:_identify(dev_spade/lib/python3.10/site-packages/pip/_internal) by extension 'ignore'
[0.457s] Level 1:colcon.colcon_core.package_identification:_identify(dev_spade/lib/python3.10/site-packages/pip/_internal) by extension 'ignore_ament_install'
[0.457s] Level 1:colcon.colcon_core.package_identification:_identify(dev_spade/lib/python3.10/site-packages/pip/_internal) by extensions ['colcon_pkg']
[0.457s] Level 1:colcon.colcon_core.package_identification:_identify(dev_spade/lib/python3.10/site-packages/pip/_internal) by extension 'colcon_pkg'
[0.457s] Level 1:colcon.colcon_core.package_identification:_identify(dev_spade/lib/python3.10/site-packages/pip/_internal) by extensions ['colcon_meta']
[0.457s] Level 1:colcon.colcon_core.package_identification:_identify(dev_spade/lib/python3.10/site-packages/pip/_internal) by extension 'colcon_meta'
[0.457s] Level 1:colcon.colcon_core.package_identification:_identify(dev_spade/lib/python3.10/site-packages/pip/_internal) by extensions ['ros']
[0.457s] Level 1:colcon.colcon_core.package_identification:_identify(dev_spade/lib/python3.10/site-packages/pip/_internal) by extension 'ros'
[0.457s] Level 1:colcon.colcon_core.package_identification:_identify(dev_spade/lib/python3.10/site-packages/pip/_internal) by extensions ['cmake', 'python']
[0.457s] Level 1:colcon.colcon_core.package_identification:_identify(dev_spade/lib/python3.10/site-packages/pip/_internal) by extension 'cmake'
[0.457s] Level 1:colcon.colcon_core.package_identification:_identify(dev_spade/lib/python3.10/site-packages/pip/_internal) by extension 'python'
[0.457s] Level 1:colcon.colcon_core.package_identification:_identify(dev_spade/lib/python3.10/site-packages/pip/_internal) by extensions ['python_setup_py']
[0.457s] Level 1:colcon.colcon_core.package_identification:_identify(dev_spade/lib/python3.10/site-packages/pip/_internal) by extension 'python_setup_py'
[0.458s] Level 1:colcon.colcon_core.package_identification:_identify(dev_spade/lib/python3.10/site-packages/pip/_internal/__pycache__) by extensions ['ignore', 'ignore_ament_install']
[0.458s] Level 1:colcon.colcon_core.package_identification:_identify(dev_spade/lib/python3.10/site-packages/pip/_internal/__pycache__) by extension 'ignore'
[0.458s] Level 1:colcon.colcon_core.package_identification:_identify(dev_spade/lib/python3.10/site-packages/pip/_internal/__pycache__) by extension 'ignore_ament_install'
[0.458s] Level 1:colcon.colcon_core.package_identification:_identify(dev_spade/lib/python3.10/site-packages/pip/_internal/__pycache__) by extensions ['colcon_pkg']
[0.458s] Level 1:colcon.colcon_core.package_identification:_identify(dev_spade/lib/python3.10/site-packages/pip/_internal/__pycache__) by extension 'colcon_pkg'
[0.458s] Level 1:colcon.colcon_core.package_identification:_identify(dev_spade/lib/python3.10/site-packages/pip/_internal/__pycache__) by extensions ['colcon_meta']
[0.458s] Level 1:colcon.colcon_core.package_identification:_identify(dev_spade/lib/python3.10/site-packages/pip/_internal/__pycache__) by extension 'colcon_meta'
[0.458s] Level 1:colcon.colcon_core.package_identification:_identify(dev_spade/lib/python3.10/site-packages/pip/_internal/__pycache__) by extensions ['ros']
[0.458s] Level 1:colcon.colcon_core.package_identification:_identify(dev_spade/lib/python3.10/site-packages/pip/_internal/__pycache__) by extension 'ros'
[0.458s] Level 1:colcon.colcon_core.package_identification:_identify(dev_spade/lib/python3.10/site-packages/pip/_internal/__pycache__) by extensions ['cmake', 'python']
[0.458s] Level 1:colcon.colcon_core.package_identification:_identify(dev_spade/lib/python3.10/site-packages/pip/_internal/__pycache__) by extension 'cmake'
[0.458s] Level 1:colcon.colcon_core.package_identification:_identify(dev_spade/lib/python3.10/site-packages/pip/_internal/__pycache__) by extension 'python'
[0.458s] Level 1:colcon.colcon_core.package_identification:_identify(dev_spade/lib/python3.10/site-packages/pip/_internal/__pycache__) by extensions ['python_setup_py']
[0.458s] Level 1:colcon.colcon_core.package_identification:_identify(dev_spade/lib/python3.10/site-packages/pip/_internal/__pycache__) by extension 'python_setup_py'
[0.459s] Level 1:colcon.colcon_core.package_identification:_identify(dev_spade/lib/python3.10/site-packages/pip/_internal/cli) by extensions ['ignore', 'ignore_ament_install']
[0.459s] Level 1:colcon.colcon_core.package_identification:_identify(dev_spade/lib/python3.10/site-packages/pip/_internal/cli) by extension 'ignore'
[0.459s] Level 1:colcon.colcon_core.package_identification:_identify(dev_spade/lib/python3.10/site-packages/pip/_internal/cli) by extension 'ignore_ament_install'
[0.459s] Level 1:colcon.colcon_core.package_identification:_identify(dev_spade/lib/python3.10/site-packages/pip/_internal/cli) by extensions ['colcon_pkg']
[0.459s] Level 1:colcon.colcon_core.package_identification:_identify(dev_spade/lib/python3.10/site-packages/pip/_internal/cli) by extension 'colcon_pkg'
[0.459s] Level 1:colcon.colcon_core.package_identification:_identify(dev_spade/lib/python3.10/site-packages/pip/_internal/cli) by extensions ['colcon_meta']
[0.459s] Level 1:colcon.colcon_core.package_identification:_identify(dev_spade/lib/python3.10/site-packages/pip/_internal/cli) by extension 'colcon_meta'
[0.459s] Level 1:colcon.colcon_core.package_identification:_identify(dev_spade/lib/python3.10/site-packages/pip/_internal/cli) by extensions ['ros']
[0.459s] Level 1:colcon.colcon_core.package_identification:_identify(dev_spade/lib/python3.10/site-packages/pip/_internal/cli) by extension 'ros'
[0.459s] Level 1:colcon.colcon_core.package_identification:_identify(dev_spade/lib/python3.10/site-packages/pip/_internal/cli) by extensions ['cmake', 'python']
[0.459s] Level 1:colcon.colcon_core.package_identification:_identify(dev_spade/lib/python3.10/site-packages/pip/_internal/cli) by extension 'cmake'
[0.459s] Level 1:colcon.colcon_core.package_identification:_identify(dev_spade/lib/python3.10/site-packages/pip/_internal/cli) by extension 'python'
[0.459s] Level 1:colcon.colcon_core.package_identification:_identify(dev_spade/lib/python3.10/site-packages/pip/_internal/cli) by extensions ['python_setup_py']
[0.459s] Level 1:colcon.colcon_core.package_identification:_identify(dev_spade/lib/python3.10/site-packages/pip/_internal/cli) by extension 'python_setup_py'
[0.460s] Level 1:colcon.colcon_core.package_identification:_identify(dev_spade/lib/python3.10/site-packages/pip/_internal/cli/__pycache__) by extensions ['ignore', 'ignore_ament_install']
[0.460s] Level 1:colcon.colcon_core.package_identification:_identify(dev_spade/lib/python3.10/site-packages/pip/_internal/cli/__pycache__) by extension 'ignore'
[0.460s] Level 1:colcon.colcon_core.package_identification:_identify(dev_spade/lib/python3.10/site-packages/pip/_internal/cli/__pycache__) by extension 'ignore_ament_install'
[0.460s] Level 1:colcon.colcon_core.package_identification:_identify(dev_spade/lib/python3.10/site-packages/pip/_internal/cli/__pycache__) by extensions ['colcon_pkg']
[0.460s] Level 1:colcon.colcon_core.package_identification:_identify(dev_spade/lib/python3.10/site-packages/pip/_internal/cli/__pycache__) by extension 'colcon_pkg'
[0.460s] Level 1:colcon.colcon_core.package_identification:_identify(dev_spade/lib/python3.10/site-packages/pip/_internal/cli/__pycache__) by extensions ['colcon_meta']
[0.460s] Level 1:colcon.colcon_core.package_identification:_identify(dev_spade/lib/python3.10/site-packages/pip/_internal/cli/__pycache__) by extension 'colcon_meta'
[0.460s] Level 1:colcon.colcon_core.package_identification:_identify(dev_spade/lib/python3.10/site-packages/pip/_internal/cli/__pycache__) by extensions ['ros']
[0.460s] Level 1:colcon.colcon_core.package_identification:_identify(dev_spade/lib/python3.10/site-packages/pip/_internal/cli/__pycache__) by extension 'ros'
[0.460s] Level 1:colcon.colcon_core.package_identification:_identify(dev_spade/lib/python3.10/site-packages/pip/_internal/cli/__pycache__) by extensions ['cmake', 'python']
[0.460s] Level 1:colcon.colcon_core.package_identification:_identify(dev_spade/lib/python3.10/site-packages/pip/_internal/cli/__pycache__) by extension 'cmake'
[0.460s] Level 1:colcon.colcon_core.package_identification:_identify(dev_spade/lib/python3.10/site-packages/pip/_internal/cli/__pycache__) by extension 'python'
[0.460s] Level 1:colcon.colcon_core.package_identification:_identify(dev_spade/lib/python3.10/site-packages/pip/_internal/cli/__pycache__) by extensions ['python_setup_py']
[0.460s] Level 1:colcon.colcon_core.package_identification:_identify(dev_spade/lib/python3.10/site-packages/pip/_internal/cli/__pycache__) by extension 'python_setup_py'
[0.461s] Level 1:colcon.colcon_core.package_identification:_identify(dev_spade/lib/python3.10/site-packages/pip/_internal/commands) by extensions ['ignore', 'ignore_ament_install']
[0.461s] Level 1:colcon.colcon_core.package_identification:_identify(dev_spade/lib/python3.10/site-packages/pip/_internal/commands) by extension 'ignore'
[0.461s] Level 1:colcon.colcon_core.package_identification:_identify(dev_spade/lib/python3.10/site-packages/pip/_internal/commands) by extension 'ignore_ament_install'
[0.461s] Level 1:colcon.colcon_core.package_identification:_identify(dev_spade/lib/python3.10/site-packages/pip/_internal/commands) by extensions ['colcon_pkg']
[0.461s] Level 1:colcon.colcon_core.package_identification:_identify(dev_spade/lib/python3.10/site-packages/pip/_internal/commands) by extension 'colcon_pkg'
[0.461s] Level 1:colcon.colcon_core.package_identification:_identify(dev_spade/lib/python3.10/site-packages/pip/_internal/commands) by extensions ['colcon_meta']
[0.461s] Level 1:colcon.colcon_core.package_identification:_identify(dev_spade/lib/python3.10/site-packages/pip/_internal/commands) by extension 'colcon_meta'
[0.461s] Level 1:colcon.colcon_core.package_identification:_identify(dev_spade/lib/python3.10/site-packages/pip/_internal/commands) by extensions ['ros']
[0.461s] Level 1:colcon.colcon_core.package_identification:_identify(dev_spade/lib/python3.10/site-packages/pip/_internal/commands) by extension 'ros'
[0.461s] Level 1:colcon.colcon_core.package_identification:_identify(dev_spade/lib/python3.10/site-packages/pip/_internal/commands) by extensions ['cmake', 'python']
[0.462s] Level 1:colcon.colcon_core.package_identification:_identify(dev_spade/lib/python3.10/site-packages/pip/_internal/commands) by extension 'cmake'
[0.462s] Level 1:colcon.colcon_core.package_identification:_identify(dev_spade/lib/python3.10/site-packages/pip/_internal/commands) by extension 'python'
[0.462s] Level 1:colcon.colcon_core.package_identification:_identify(dev_spade/lib/python3.10/site-packages/pip/_internal/commands) by extensions ['python_setup_py']
[0.462s] Level 1:colcon.colcon_core.package_identification:_identify(dev_spade/lib/python3.10/site-packages/pip/_internal/commands) by extension 'python_setup_py'
[0.462s] Level 1:colcon.colcon_core.package_identification:_identify(dev_spade/lib/python3.10/site-packages/pip/_internal/commands/__pycache__) by extensions ['ignore', 'ignore_ament_install']
[0.462s] Level 1:colcon.colcon_core.package_identification:_identify(dev_spade/lib/python3.10/site-packages/pip/_internal/commands/__pycache__) by extension 'ignore'
[0.462s] Level 1:colcon.colcon_core.package_identification:_identify(dev_spade/lib/python3.10/site-packages/pip/_internal/commands/__pycache__) by extension 'ignore_ament_install'
[0.462s] Level 1:colcon.colcon_core.package_identification:_identify(dev_spade/lib/python3.10/site-packages/pip/_internal/commands/__pycache__) by extensions ['colcon_pkg']
[0.462s] Level 1:colcon.colcon_core.package_identification:_identify(dev_spade/lib/python3.10/site-packages/pip/_internal/commands/__pycache__) by extension 'colcon_pkg'
[0.462s] Level 1:colcon.colcon_core.package_identification:_identify(dev_spade/lib/python3.10/site-packages/pip/_internal/commands/__pycache__) by extensions ['colcon_meta']
[0.462s] Level 1:colcon.colcon_core.package_identification:_identify(dev_spade/lib/python3.10/site-packages/pip/_internal/commands/__pycache__) by extension 'colcon_meta'
[0.462s] Level 1:colcon.colcon_core.package_identification:_identify(dev_spade/lib/python3.10/site-packages/pip/_internal/commands/__pycache__) by extensions ['ros']
[0.462s] Level 1:colcon.colcon_core.package_identification:_identify(dev_spade/lib/python3.10/site-packages/pip/_internal/commands/__pycache__) by extension 'ros'
[0.462s] Level 1:colcon.colcon_core.package_identification:_identify(dev_spade/lib/python3.10/site-packages/pip/_internal/commands/__pycache__) by extensions ['cmake', 'python']
[0.462s] Level 1:colcon.colcon_core.package_identification:_identify(dev_spade/lib/python3.10/site-packages/pip/_internal/commands/__pycache__) by extension 'cmake'
[0.462s] Level 1:colcon.colcon_core.package_identification:_identify(dev_spade/lib/python3.10/site-packages/pip/_internal/commands/__pycache__) by extension 'python'
[0.462s] Level 1:colcon.colcon_core.package_identification:_identify(dev_spade/lib/python3.10/site-packages/pip/_internal/commands/__pycache__) by extensions ['python_setup_py']
[0.462s] Level 1:colcon.colcon_core.package_identification:_identify(dev_spade/lib/python3.10/site-packages/pip/_internal/commands/__pycache__) by extension 'python_setup_py'
[0.463s] Level 1:colcon.colcon_core.package_identification:_identify(dev_spade/lib/python3.10/site-packages/pip/_internal/distributions) by extensions ['ignore', 'ignore_ament_install']
[0.463s] Level 1:colcon.colcon_core.package_identification:_identify(dev_spade/lib/python3.10/site-packages/pip/_internal/distributions) by extension 'ignore'
[0.463s] Level 1:colcon.colcon_core.package_identification:_identify(dev_spade/lib/python3.10/site-packages/pip/_internal/distributions) by extension 'ignore_ament_install'
[0.463s] Level 1:colcon.colcon_core.package_identification:_identify(dev_spade/lib/python3.10/site-packages/pip/_internal/distributions) by extensions ['colcon_pkg']
[0.463s] Level 1:colcon.colcon_core.package_identification:_identify(dev_spade/lib/python3.10/site-packages/pip/_internal/distributions) by extension 'colcon_pkg'
[0.463s] Level 1:colcon.colcon_core.package_identification:_identify(dev_spade/lib/python3.10/site-packages/pip/_internal/distributions) by extensions ['colcon_meta']
[0.463s] Level 1:colcon.colcon_core.package_identification:_identify(dev_spade/lib/python3.10/site-packages/pip/_internal/distributions) by extension 'colcon_meta'
[0.463s] Level 1:colcon.colcon_core.package_identification:_identify(dev_spade/lib/python3.10/site-packages/pip/_internal/distributions) by extensions ['ros']
[0.463s] Level 1:colcon.colcon_core.package_identification:_identify(dev_spade/lib/python3.10/site-packages/pip/_internal/distributions) by extension 'ros'
[0.463s] Level 1:colcon.colcon_core.package_identification:_identify(dev_spade/lib/python3.10/site-packages/pip/_internal/distributions) by extensions ['cmake', 'python']
[0.463s] Level 1:colcon.colcon_core.package_identification:_identify(dev_spade/lib/python3.10/site-packages/pip/_internal/distributions) by extension 'cmake'
[0.463s] Level 1:colcon.colcon_core.package_identification:_identify(dev_spade/lib/python3.10/site-packages/pip/_internal/distributions) by extension 'python'
[0.463s] Level 1:colcon.colcon_core.package_identification:_identify(dev_spade/lib/python3.10/site-packages/pip/_internal/distributions) by extensions ['python_setup_py']
[0.463s] Level 1:colcon.colcon_core.package_identification:_identify(dev_spade/lib/python3.10/site-packages/pip/_internal/distributions) by extension 'python_setup_py'
[0.464s] Level 1:colcon.colcon_core.package_identification:_identify(dev_spade/lib/python3.10/site-packages/pip/_internal/distributions/__pycache__) by extensions ['ignore', 'ignore_ament_install']
[0.464s] Level 1:colcon.colcon_core.package_identification:_identify(dev_spade/lib/python3.10/site-packages/pip/_internal/distributions/__pycache__) by extension 'ignore'
[0.464s] Level 1:colcon.colcon_core.package_identification:_identify(dev_spade/lib/python3.10/site-packages/pip/_internal/distributions/__pycache__) by extension 'ignore_ament_install'
[0.464s] Level 1:colcon.colcon_core.package_identification:_identify(dev_spade/lib/python3.10/site-packages/pip/_internal/distributions/__pycache__) by extensions ['colcon_pkg']
[0.464s] Level 1:colcon.colcon_core.package_identification:_identify(dev_spade/lib/python3.10/site-packages/pip/_internal/distributions/__pycache__) by extension 'colcon_pkg'
[0.464s] Level 1:colcon.colcon_core.package_identification:_identify(dev_spade/lib/python3.10/site-packages/pip/_internal/distributions/__pycache__) by extensions ['colcon_meta']
[0.464s] Level 1:colcon.colcon_core.package_identification:_identify(dev_spade/lib/python3.10/site-packages/pip/_internal/distributions/__pycache__) by extension 'colcon_meta'
[0.464s] Level 1:colcon.colcon_core.package_identification:_identify(dev_spade/lib/python3.10/site-packages/pip/_internal/distributions/__pycache__) by extensions ['ros']
[0.464s] Level 1:colcon.colcon_core.package_identification:_identify(dev_spade/lib/python3.10/site-packages/pip/_internal/distributions/__pycache__) by extension 'ros'
[0.464s] Level 1:colcon.colcon_core.package_identification:_identify(dev_spade/lib/python3.10/site-packages/pip/_internal/distributions/__pycache__) by extensions ['cmake', 'python']
[0.464s] Level 1:colcon.colcon_core.package_identification:_identify(dev_spade/lib/python3.10/site-packages/pip/_internal/distributions/__pycache__) by extension 'cmake'
[0.464s] Level 1:colcon.colcon_core.package_identification:_identify(dev_spade/lib/python3.10/site-packages/pip/_internal/distributions/__pycache__) by extension 'python'
[0.464s] Level 1:colcon.colcon_core.package_identification:_identify(dev_spade/lib/python3.10/site-packages/pip/_internal/distributions/__pycache__) by extensions ['python_setup_py']
[0.464s] Level 1:colcon.colcon_core.package_identification:_identify(dev_spade/lib/python3.10/site-packages/pip/_internal/distributions/__pycache__) by extension 'python_setup_py'
[0.465s] Level 1:colcon.colcon_core.package_identification:_identify(dev_spade/lib/python3.10/site-packages/pip/_internal/index) by extensions ['ignore', 'ignore_ament_install']
[0.465s] Level 1:colcon.colcon_core.package_identification:_identify(dev_spade/lib/python3.10/site-packages/pip/_internal/index) by extension 'ignore'
[0.465s] Level 1:colcon.colcon_core.package_identification:_identify(dev_spade/lib/python3.10/site-packages/pip/_internal/index) by extension 'ignore_ament_install'
[0.465s] Level 1:colcon.colcon_core.package_identification:_identify(dev_spade/lib/python3.10/site-packages/pip/_internal/index) by extensions ['colcon_pkg']
[0.465s] Level 1:colcon.colcon_core.package_identification:_identify(dev_spade/lib/python3.10/site-packages/pip/_internal/index) by extension 'colcon_pkg'
[0.465s] Level 1:colcon.colcon_core.package_identification:_identify(dev_spade/lib/python3.10/site-packages/pip/_internal/index) by extensions ['colcon_meta']
[0.465s] Level 1:colcon.colcon_core.package_identification:_identify(dev_spade/lib/python3.10/site-packages/pip/_internal/index) by extension 'colcon_meta'
[0.465s] Level 1:colcon.colcon_core.package_identification:_identify(dev_spade/lib/python3.10/site-packages/pip/_internal/index) by extensions ['ros']
[0.465s] Level 1:colcon.colcon_core.package_identification:_identify(dev_spade/lib/python3.10/site-packages/pip/_internal/index) by extension 'ros'
[0.465s] Level 1:colcon.colcon_core.package_identification:_identify(dev_spade/lib/python3.10/site-packages/pip/_internal/index) by extensions ['cmake', 'python']
[0.465s] Level 1:colcon.colcon_core.package_identification:_identify(dev_spade/lib/python3.10/site-packages/pip/_internal/index) by extension 'cmake'
[0.465s] Level 1:colcon.colcon_core.package_identification:_identify(dev_spade/lib/python3.10/site-packages/pip/_internal/index) by extension 'python'
[0.465s] Level 1:colcon.colcon_core.package_identification:_identify(dev_spade/lib/python3.10/site-packages/pip/_internal/index) by extensions ['python_setup_py']
[0.465s] Level 1:colcon.colcon_core.package_identification:_identify(dev_spade/lib/python3.10/site-packages/pip/_internal/index) by extension 'python_setup_py'
[0.465s] Level 1:colcon.colcon_core.package_identification:_identify(dev_spade/lib/python3.10/site-packages/pip/_internal/index/__pycache__) by extensions ['ignore', 'ignore_ament_install']
[0.465s] Level 1:colcon.colcon_core.package_identification:_identify(dev_spade/lib/python3.10/site-packages/pip/_internal/index/__pycache__) by extension 'ignore'
[0.465s] Level 1:colcon.colcon_core.package_identification:_identify(dev_spade/lib/python3.10/site-packages/pip/_internal/index/__pycache__) by extension 'ignore_ament_install'
[0.465s] Level 1:colcon.colcon_core.package_identification:_identify(dev_spade/lib/python3.10/site-packages/pip/_internal/index/__pycache__) by extensions ['colcon_pkg']
[0.465s] Level 1:colcon.colcon_core.package_identification:_identify(dev_spade/lib/python3.10/site-packages/pip/_internal/index/__pycache__) by extension 'colcon_pkg'
[0.465s] Level 1:colcon.colcon_core.package_identification:_identify(dev_spade/lib/python3.10/site-packages/pip/_internal/index/__pycache__) by extensions ['colcon_meta']
[0.465s] Level 1:colcon.colcon_core.package_identification:_identify(dev_spade/lib/python3.10/site-packages/pip/_internal/index/__pycache__) by extension 'colcon_meta'
[0.465s] Level 1:colcon.colcon_core.package_identification:_identify(dev_spade/lib/python3.10/site-packages/pip/_internal/index/__pycache__) by extensions ['ros']
[0.465s] Level 1:colcon.colcon_core.package_identification:_identify(dev_spade/lib/python3.10/site-packages/pip/_internal/index/__pycache__) by extension 'ros'
[0.465s] Level 1:colcon.colcon_core.package_identification:_identify(dev_spade/lib/python3.10/site-packages/pip/_internal/index/__pycache__) by extensions ['cmake', 'python']
[0.466s] Level 1:colcon.colcon_core.package_identification:_identify(dev_spade/lib/python3.10/site-packages/pip/_internal/index/__pycache__) by extension 'cmake'
[0.466s] Level 1:colcon.colcon_core.package_identification:_identify(dev_spade/lib/python3.10/site-packages/pip/_internal/index/__pycache__) by extension 'python'
[0.466s] Level 1:colcon.colcon_core.package_identification:_identify(dev_spade/lib/python3.10/site-packages/pip/_internal/index/__pycache__) by extensions ['python_setup_py']
[0.466s] Level 1:colcon.colcon_core.package_identification:_identify(dev_spade/lib/python3.10/site-packages/pip/_internal/index/__pycache__) by extension 'python_setup_py'
[0.466s] Level 1:colcon.colcon_core.package_identification:_identify(dev_spade/lib/python3.10/site-packages/pip/_internal/locations) by extensions ['ignore', 'ignore_ament_install']
[0.466s] Level 1:colcon.colcon_core.package_identification:_identify(dev_spade/lib/python3.10/site-packages/pip/_internal/locations) by extension 'ignore'
[0.466s] Level 1:colcon.colcon_core.package_identification:_identify(dev_spade/lib/python3.10/site-packages/pip/_internal/locations) by extension 'ignore_ament_install'
[0.466s] Level 1:colcon.colcon_core.package_identification:_identify(dev_spade/lib/python3.10/site-packages/pip/_internal/locations) by extensions ['colcon_pkg']
[0.466s] Level 1:colcon.colcon_core.package_identification:_identify(dev_spade/lib/python3.10/site-packages/pip/_internal/locations) by extension 'colcon_pkg'
[0.466s] Level 1:colcon.colcon_core.package_identification:_identify(dev_spade/lib/python3.10/site-packages/pip/_internal/locations) by extensions ['colcon_meta']
[0.466s] Level 1:colcon.colcon_core.package_identification:_identify(dev_spade/lib/python3.10/site-packages/pip/_internal/locations) by extension 'colcon_meta'
[0.466s] Level 1:colcon.colcon_core.package_identification:_identify(dev_spade/lib/python3.10/site-packages/pip/_internal/locations) by extensions ['ros']
[0.466s] Level 1:colcon.colcon_core.package_identification:_identify(dev_spade/lib/python3.10/site-packages/pip/_internal/locations) by extension 'ros'
[0.466s] Level 1:colcon.colcon_core.package_identification:_identify(dev_spade/lib/python3.10/site-packages/pip/_internal/locations) by extensions ['cmake', 'python']
[0.466s] Level 1:colcon.colcon_core.package_identification:_identify(dev_spade/lib/python3.10/site-packages/pip/_internal/locations) by extension 'cmake'
[0.466s] Level 1:colcon.colcon_core.package_identification:_identify(dev_spade/lib/python3.10/site-packages/pip/_internal/locations) by extension 'python'
[0.466s] Level 1:colcon.colcon_core.package_identification:_identify(dev_spade/lib/python3.10/site-packages/pip/_internal/locations) by extensions ['python_setup_py']
[0.466s] Level 1:colcon.colcon_core.package_identification:_identify(dev_spade/lib/python3.10/site-packages/pip/_internal/locations) by extension 'python_setup_py'
[0.467s] Level 1:colcon.colcon_core.package_identification:_identify(dev_spade/lib/python3.10/site-packages/pip/_internal/locations/__pycache__) by extensions ['ignore', 'ignore_ament_install']
[0.467s] Level 1:colcon.colcon_core.package_identification:_identify(dev_spade/lib/python3.10/site-packages/pip/_internal/locations/__pycache__) by extension 'ignore'
[0.467s] Level 1:colcon.colcon_core.package_identification:_identify(dev_spade/lib/python3.10/site-packages/pip/_internal/locations/__pycache__) by extension 'ignore_ament_install'
[0.467s] Level 1:colcon.colcon_core.package_identification:_identify(dev_spade/lib/python3.10/site-packages/pip/_internal/locations/__pycache__) by extensions ['colcon_pkg']
[0.467s] Level 1:colcon.colcon_core.package_identification:_identify(dev_spade/lib/python3.10/site-packages/pip/_internal/locations/__pycache__) by extension 'colcon_pkg'
[0.467s] Level 1:colcon.colcon_core.package_identification:_identify(dev_spade/lib/python3.10/site-packages/pip/_internal/locations/__pycache__) by extensions ['colcon_meta']
[0.467s] Level 1:colcon.colcon_core.package_identification:_identify(dev_spade/lib/python3.10/site-packages/pip/_internal/locations/__pycache__) by extension 'colcon_meta'
[0.467s] Level 1:colcon.colcon_core.package_identification:_identify(dev_spade/lib/python3.10/site-packages/pip/_internal/locations/__pycache__) by extensions ['ros']
[0.467s] Level 1:colcon.colcon_core.package_identification:_identify(dev_spade/lib/python3.10/site-packages/pip/_internal/locations/__pycache__) by extension 'ros'
[0.467s] Level 1:colcon.colcon_core.package_identification:_identify(dev_spade/lib/python3.10/site-packages/pip/_internal/locations/__pycache__) by extensions ['cmake', 'python']
[0.467s] Level 1:colcon.colcon_core.package_identification:_identify(dev_spade/lib/python3.10/site-packages/pip/_internal/locations/__pycache__) by extension 'cmake'
[0.467s] Level 1:colcon.colcon_core.package_identification:_identify(dev_spade/lib/python3.10/site-packages/pip/_internal/locations/__pycache__) by extension 'python'
[0.467s] Level 1:colcon.colcon_core.package_identification:_identify(dev_spade/lib/python3.10/site-packages/pip/_internal/locations/__pycache__) by extensions ['python_setup_py']
[0.467s] Level 1:colcon.colcon_core.package_identification:_identify(dev_spade/lib/python3.10/site-packages/pip/_internal/locations/__pycache__) by extension 'python_setup_py'
[0.467s] Level 1:colcon.colcon_core.package_identification:_identify(dev_spade/lib/python3.10/site-packages/pip/_internal/metadata) by extensions ['ignore', 'ignore_ament_install']
[0.467s] Level 1:colcon.colcon_core.package_identification:_identify(dev_spade/lib/python3.10/site-packages/pip/_internal/metadata) by extension 'ignore'
[0.467s] Level 1:colcon.colcon_core.package_identification:_identify(dev_spade/lib/python3.10/site-packages/pip/_internal/metadata) by extension 'ignore_ament_install'
[0.467s] Level 1:colcon.colcon_core.package_identification:_identify(dev_spade/lib/python3.10/site-packages/pip/_internal/metadata) by extensions ['colcon_pkg']
[0.467s] Level 1:colcon.colcon_core.package_identification:_identify(dev_spade/lib/python3.10/site-packages/pip/_internal/metadata) by extension 'colcon_pkg'
[0.467s] Level 1:colcon.colcon_core.package_identification:_identify(dev_spade/lib/python3.10/site-packages/pip/_internal/metadata) by extensions ['colcon_meta']
[0.467s] Level 1:colcon.colcon_core.package_identification:_identify(dev_spade/lib/python3.10/site-packages/pip/_internal/metadata) by extension 'colcon_meta'
[0.467s] Level 1:colcon.colcon_core.package_identification:_identify(dev_spade/lib/python3.10/site-packages/pip/_internal/metadata) by extensions ['ros']
[0.467s] Level 1:colcon.colcon_core.package_identification:_identify(dev_spade/lib/python3.10/site-packages/pip/_internal/metadata) by extension 'ros'
[0.467s] Level 1:colcon.colcon_core.package_identification:_identify(dev_spade/lib/python3.10/site-packages/pip/_internal/metadata) by extensions ['cmake', 'python']
[0.468s] Level 1:colcon.colcon_core.package_identification:_identify(dev_spade/lib/python3.10/site-packages/pip/_internal/metadata) by extension 'cmake'
[0.468s] Level 1:colcon.colcon_core.package_identification:_identify(dev_spade/lib/python3.10/site-packages/pip/_internal/metadata) by extension 'python'
[0.468s] Level 1:colcon.colcon_core.package_identification:_identify(dev_spade/lib/python3.10/site-packages/pip/_internal/metadata) by extensions ['python_setup_py']
[0.468s] Level 1:colcon.colcon_core.package_identification:_identify(dev_spade/lib/python3.10/site-packages/pip/_internal/metadata) by extension 'python_setup_py'
[0.468s] Level 1:colcon.colcon_core.package_identification:_identify(dev_spade/lib/python3.10/site-packages/pip/_internal/metadata/__pycache__) by extensions ['ignore', 'ignore_ament_install']
[0.468s] Level 1:colcon.colcon_core.package_identification:_identify(dev_spade/lib/python3.10/site-packages/pip/_internal/metadata/__pycache__) by extension 'ignore'
[0.468s] Level 1:colcon.colcon_core.package_identification:_identify(dev_spade/lib/python3.10/site-packages/pip/_internal/metadata/__pycache__) by extension 'ignore_ament_install'
[0.468s] Level 1:colcon.colcon_core.package_identification:_identify(dev_spade/lib/python3.10/site-packages/pip/_internal/metadata/__pycache__) by extensions ['colcon_pkg']
[0.468s] Level 1:colcon.colcon_core.package_identification:_identify(dev_spade/lib/python3.10/site-packages/pip/_internal/metadata/__pycache__) by extension 'colcon_pkg'
[0.468s] Level 1:colcon.colcon_core.package_identification:_identify(dev_spade/lib/python3.10/site-packages/pip/_internal/metadata/__pycache__) by extensions ['colcon_meta']
[0.468s] Level 1:colcon.colcon_core.package_identification:_identify(dev_spade/lib/python3.10/site-packages/pip/_internal/metadata/__pycache__) by extension 'colcon_meta'
[0.468s] Level 1:colcon.colcon_core.package_identification:_identify(dev_spade/lib/python3.10/site-packages/pip/_internal/metadata/__pycache__) by extensions ['ros']
[0.468s] Level 1:colcon.colcon_core.package_identification:_identify(dev_spade/lib/python3.10/site-packages/pip/_internal/metadata/__pycache__) by extension 'ros'
[0.468s] Level 1:colcon.colcon_core.package_identification:_identify(dev_spade/lib/python3.10/site-packages/pip/_internal/metadata/__pycache__) by extensions ['cmake', 'python']
[0.468s] Level 1:colcon.colcon_core.package_identification:_identify(dev_spade/lib/python3.10/site-packages/pip/_internal/metadata/__pycache__) by extension 'cmake'
[0.468s] Level 1:colcon.colcon_core.package_identification:_identify(dev_spade/lib/python3.10/site-packages/pip/_internal/metadata/__pycache__) by extension 'python'
[0.468s] Level 1:colcon.colcon_core.package_identification:_identify(dev_spade/lib/python3.10/site-packages/pip/_internal/metadata/__pycache__) by extensions ['python_setup_py']
[0.468s] Level 1:colcon.colcon_core.package_identification:_identify(dev_spade/lib/python3.10/site-packages/pip/_internal/metadata/__pycache__) by extension 'python_setup_py'
[0.469s] Level 1:colcon.colcon_core.package_identification:_identify(dev_spade/lib/python3.10/site-packages/pip/_internal/models) by extensions ['ignore', 'ignore_ament_install']
[0.469s] Level 1:colcon.colcon_core.package_identification:_identify(dev_spade/lib/python3.10/site-packages/pip/_internal/models) by extension 'ignore'
[0.469s] Level 1:colcon.colcon_core.package_identification:_identify(dev_spade/lib/python3.10/site-packages/pip/_internal/models) by extension 'ignore_ament_install'
[0.469s] Level 1:colcon.colcon_core.package_identification:_identify(dev_spade/lib/python3.10/site-packages/pip/_internal/models) by extensions ['colcon_pkg']
[0.469s] Level 1:colcon.colcon_core.package_identification:_identify(dev_spade/lib/python3.10/site-packages/pip/_internal/models) by extension 'colcon_pkg'
[0.469s] Level 1:colcon.colcon_core.package_identification:_identify(dev_spade/lib/python3.10/site-packages/pip/_internal/models) by extensions ['colcon_meta']
[0.469s] Level 1:colcon.colcon_core.package_identification:_identify(dev_spade/lib/python3.10/site-packages/pip/_internal/models) by extension 'colcon_meta'
[0.469s] Level 1:colcon.colcon_core.package_identification:_identify(dev_spade/lib/python3.10/site-packages/pip/_internal/models) by extensions ['ros']
[0.469s] Level 1:colcon.colcon_core.package_identification:_identify(dev_spade/lib/python3.10/site-packages/pip/_internal/models) by extension 'ros'
[0.469s] Level 1:colcon.colcon_core.package_identification:_identify(dev_spade/lib/python3.10/site-packages/pip/_internal/models) by extensions ['cmake', 'python']
[0.469s] Level 1:colcon.colcon_core.package_identification:_identify(dev_spade/lib/python3.10/site-packages/pip/_internal/models) by extension 'cmake'
[0.469s] Level 1:colcon.colcon_core.package_identification:_identify(dev_spade/lib/python3.10/site-packages/pip/_internal/models) by extension 'python'
[0.469s] Level 1:colcon.colcon_core.package_identification:_identify(dev_spade/lib/python3.10/site-packages/pip/_internal/models) by extensions ['python_setup_py']
[0.469s] Level 1:colcon.colcon_core.package_identification:_identify(dev_spade/lib/python3.10/site-packages/pip/_internal/models) by extension 'python_setup_py'
[0.469s] Level 1:colcon.colcon_core.package_identification:_identify(dev_spade/lib/python3.10/site-packages/pip/_internal/models/__pycache__) by extensions ['ignore', 'ignore_ament_install']
[0.469s] Level 1:colcon.colcon_core.package_identification:_identify(dev_spade/lib/python3.10/site-packages/pip/_internal/models/__pycache__) by extension 'ignore'
[0.469s] Level 1:colcon.colcon_core.package_identification:_identify(dev_spade/lib/python3.10/site-packages/pip/_internal/models/__pycache__) by extension 'ignore_ament_install'
[0.469s] Level 1:colcon.colcon_core.package_identification:_identify(dev_spade/lib/python3.10/site-packages/pip/_internal/models/__pycache__) by extensions ['colcon_pkg']
[0.469s] Level 1:colcon.colcon_core.package_identification:_identify(dev_spade/lib/python3.10/site-packages/pip/_internal/models/__pycache__) by extension 'colcon_pkg'
[0.469s] Level 1:colcon.colcon_core.package_identification:_identify(dev_spade/lib/python3.10/site-packages/pip/_internal/models/__pycache__) by extensions ['colcon_meta']
[0.469s] Level 1:colcon.colcon_core.package_identification:_identify(dev_spade/lib/python3.10/site-packages/pip/_internal/models/__pycache__) by extension 'colcon_meta'
[0.469s] Level 1:colcon.colcon_core.package_identification:_identify(dev_spade/lib/python3.10/site-packages/pip/_internal/models/__pycache__) by extensions ['ros']
[0.469s] Level 1:colcon.colcon_core.package_identification:_identify(dev_spade/lib/python3.10/site-packages/pip/_internal/models/__pycache__) by extension 'ros'
[0.470s] Level 1:colcon.colcon_core.package_identification:_identify(dev_spade/lib/python3.10/site-packages/pip/_internal/models/__pycache__) by extensions ['cmake', 'python']
[0.470s] Level 1:colcon.colcon_core.package_identification:_identify(dev_spade/lib/python3.10/site-packages/pip/_internal/models/__pycache__) by extension 'cmake'
[0.470s] Level 1:colcon.colcon_core.package_identification:_identify(dev_spade/lib/python3.10/site-packages/pip/_internal/models/__pycache__) by extension 'python'
[0.470s] Level 1:colcon.colcon_core.package_identification:_identify(dev_spade/lib/python3.10/site-packages/pip/_internal/models/__pycache__) by extensions ['python_setup_py']
[0.470s] Level 1:colcon.colcon_core.package_identification:_identify(dev_spade/lib/python3.10/site-packages/pip/_internal/models/__pycache__) by extension 'python_setup_py'
[0.470s] Level 1:colcon.colcon_core.package_identification:_identify(dev_spade/lib/python3.10/site-packages/pip/_internal/network) by extensions ['ignore', 'ignore_ament_install']
[0.470s] Level 1:colcon.colcon_core.package_identification:_identify(dev_spade/lib/python3.10/site-packages/pip/_internal/network) by extension 'ignore'
[0.470s] Level 1:colcon.colcon_core.package_identification:_identify(dev_spade/lib/python3.10/site-packages/pip/_internal/network) by extension 'ignore_ament_install'
[0.470s] Level 1:colcon.colcon_core.package_identification:_identify(dev_spade/lib/python3.10/site-packages/pip/_internal/network) by extensions ['colcon_pkg']
[0.470s] Level 1:colcon.colcon_core.package_identification:_identify(dev_spade/lib/python3.10/site-packages/pip/_internal/network) by extension 'colcon_pkg'
[0.470s] Level 1:colcon.colcon_core.package_identification:_identify(dev_spade/lib/python3.10/site-packages/pip/_internal/network) by extensions ['colcon_meta']
[0.470s] Level 1:colcon.colcon_core.package_identification:_identify(dev_spade/lib/python3.10/site-packages/pip/_internal/network) by extension 'colcon_meta'
[0.470s] Level 1:colcon.colcon_core.package_identification:_identify(dev_spade/lib/python3.10/site-packages/pip/_internal/network) by extensions ['ros']
[0.470s] Level 1:colcon.colcon_core.package_identification:_identify(dev_spade/lib/python3.10/site-packages/pip/_internal/network) by extension 'ros'
[0.470s] Level 1:colcon.colcon_core.package_identification:_identify(dev_spade/lib/python3.10/site-packages/pip/_internal/network) by extensions ['cmake', 'python']
[0.470s] Level 1:colcon.colcon_core.package_identification:_identify(dev_spade/lib/python3.10/site-packages/pip/_internal/network) by extension 'cmake'
[0.470s] Level 1:colcon.colcon_core.package_identification:_identify(dev_spade/lib/python3.10/site-packages/pip/_internal/network) by extension 'python'
[0.470s] Level 1:colcon.colcon_core.package_identification:_identify(dev_spade/lib/python3.10/site-packages/pip/_internal/network) by extensions ['python_setup_py']
[0.470s] Level 1:colcon.colcon_core.package_identification:_identify(dev_spade/lib/python3.10/site-packages/pip/_internal/network) by extension 'python_setup_py'
[0.471s] Level 1:colcon.colcon_core.package_identification:_identify(dev_spade/lib/python3.10/site-packages/pip/_internal/network/__pycache__) by extensions ['ignore', 'ignore_ament_install']
[0.471s] Level 1:colcon.colcon_core.package_identification:_identify(dev_spade/lib/python3.10/site-packages/pip/_internal/network/__pycache__) by extension 'ignore'
[0.471s] Level 1:colcon.colcon_core.package_identification:_identify(dev_spade/lib/python3.10/site-packages/pip/_internal/network/__pycache__) by extension 'ignore_ament_install'
[0.471s] Level 1:colcon.colcon_core.package_identification:_identify(dev_spade/lib/python3.10/site-packages/pip/_internal/network/__pycache__) by extensions ['colcon_pkg']
[0.471s] Level 1:colcon.colcon_core.package_identification:_identify(dev_spade/lib/python3.10/site-packages/pip/_internal/network/__pycache__) by extension 'colcon_pkg'
[0.471s] Level 1:colcon.colcon_core.package_identification:_identify(dev_spade/lib/python3.10/site-packages/pip/_internal/network/__pycache__) by extensions ['colcon_meta']
[0.471s] Level 1:colcon.colcon_core.package_identification:_identify(dev_spade/lib/python3.10/site-packages/pip/_internal/network/__pycache__) by extension 'colcon_meta'
[0.471s] Level 1:colcon.colcon_core.package_identification:_identify(dev_spade/lib/python3.10/site-packages/pip/_internal/network/__pycache__) by extensions ['ros']
[0.471s] Level 1:colcon.colcon_core.package_identification:_identify(dev_spade/lib/python3.10/site-packages/pip/_internal/network/__pycache__) by extension 'ros'
[0.471s] Level 1:colcon.colcon_core.package_identification:_identify(dev_spade/lib/python3.10/site-packages/pip/_internal/network/__pycache__) by extensions ['cmake', 'python']
[0.471s] Level 1:colcon.colcon_core.package_identification:_identify(dev_spade/lib/python3.10/site-packages/pip/_internal/network/__pycache__) by extension 'cmake'
[0.471s] Level 1:colcon.colcon_core.package_identification:_identify(dev_spade/lib/python3.10/site-packages/pip/_internal/network/__pycache__) by extension 'python'
[0.471s] Level 1:colcon.colcon_core.package_identification:_identify(dev_spade/lib/python3.10/site-packages/pip/_internal/network/__pycache__) by extensions ['python_setup_py']
[0.471s] Level 1:colcon.colcon_core.package_identification:_identify(dev_spade/lib/python3.10/site-packages/pip/_internal/network/__pycache__) by extension 'python_setup_py'
[0.471s] Level 1:colcon.colcon_core.package_identification:_identify(dev_spade/lib/python3.10/site-packages/pip/_internal/operations) by extensions ['ignore', 'ignore_ament_install']
[0.471s] Level 1:colcon.colcon_core.package_identification:_identify(dev_spade/lib/python3.10/site-packages/pip/_internal/operations) by extension 'ignore'
[0.472s] Level 1:colcon.colcon_core.package_identification:_identify(dev_spade/lib/python3.10/site-packages/pip/_internal/operations) by extension 'ignore_ament_install'
[0.472s] Level 1:colcon.colcon_core.package_identification:_identify(dev_spade/lib/python3.10/site-packages/pip/_internal/operations) by extensions ['colcon_pkg']
[0.472s] Level 1:colcon.colcon_core.package_identification:_identify(dev_spade/lib/python3.10/site-packages/pip/_internal/operations) by extension 'colcon_pkg'
[0.472s] Level 1:colcon.colcon_core.package_identification:_identify(dev_spade/lib/python3.10/site-packages/pip/_internal/operations) by extensions ['colcon_meta']
[0.472s] Level 1:colcon.colcon_core.package_identification:_identify(dev_spade/lib/python3.10/site-packages/pip/_internal/operations) by extension 'colcon_meta'
[0.472s] Level 1:colcon.colcon_core.package_identification:_identify(dev_spade/lib/python3.10/site-packages/pip/_internal/operations) by extensions ['ros']
[0.472s] Level 1:colcon.colcon_core.package_identification:_identify(dev_spade/lib/python3.10/site-packages/pip/_internal/operations) by extension 'ros'
[0.472s] Level 1:colcon.colcon_core.package_identification:_identify(dev_spade/lib/python3.10/site-packages/pip/_internal/operations) by extensions ['cmake', 'python']
[0.472s] Level 1:colcon.colcon_core.package_identification:_identify(dev_spade/lib/python3.10/site-packages/pip/_internal/operations) by extension 'cmake'
[0.472s] Level 1:colcon.colcon_core.package_identification:_identify(dev_spade/lib/python3.10/site-packages/pip/_internal/operations) by extension 'python'
[0.472s] Level 1:colcon.colcon_core.package_identification:_identify(dev_spade/lib/python3.10/site-packages/pip/_internal/operations) by extensions ['python_setup_py']
[0.472s] Level 1:colcon.colcon_core.package_identification:_identify(dev_spade/lib/python3.10/site-packages/pip/_internal/operations) by extension 'python_setup_py'
[0.472s] Level 1:colcon.colcon_core.package_identification:_identify(dev_spade/lib/python3.10/site-packages/pip/_internal/operations/__pycache__) by extensions ['ignore', 'ignore_ament_install']
[0.472s] Level 1:colcon.colcon_core.package_identification:_identify(dev_spade/lib/python3.10/site-packages/pip/_internal/operations/__pycache__) by extension 'ignore'
[0.472s] Level 1:colcon.colcon_core.package_identification:_identify(dev_spade/lib/python3.10/site-packages/pip/_internal/operations/__pycache__) by extension 'ignore_ament_install'
[0.472s] Level 1:colcon.colcon_core.package_identification:_identify(dev_spade/lib/python3.10/site-packages/pip/_internal/operations/__pycache__) by extensions ['colcon_pkg']
[0.472s] Level 1:colcon.colcon_core.package_identification:_identify(dev_spade/lib/python3.10/site-packages/pip/_internal/operations/__pycache__) by extension 'colcon_pkg'
[0.472s] Level 1:colcon.colcon_core.package_identification:_identify(dev_spade/lib/python3.10/site-packages/pip/_internal/operations/__pycache__) by extensions ['colcon_meta']
[0.472s] Level 1:colcon.colcon_core.package_identification:_identify(dev_spade/lib/python3.10/site-packages/pip/_internal/operations/__pycache__) by extension 'colcon_meta'
[0.472s] Level 1:colcon.colcon_core.package_identification:_identify(dev_spade/lib/python3.10/site-packages/pip/_internal/operations/__pycache__) by extensions ['ros']
[0.472s] Level 1:colcon.colcon_core.package_identification:_identify(dev_spade/lib/python3.10/site-packages/pip/_internal/operations/__pycache__) by extension 'ros'
[0.473s] Level 1:colcon.colcon_core.package_identification:_identify(dev_spade/lib/python3.10/site-packages/pip/_internal/operations/__pycache__) by extensions ['cmake', 'python']
[0.473s] Level 1:colcon.colcon_core.package_identification:_identify(dev_spade/lib/python3.10/site-packages/pip/_internal/operations/__pycache__) by extension 'cmake'
[0.473s] Level 1:colcon.colcon_core.package_identification:_identify(dev_spade/lib/python3.10/site-packages/pip/_internal/operations/__pycache__) by extension 'python'
[0.473s] Level 1:colcon.colcon_core.package_identification:_identify(dev_spade/lib/python3.10/site-packages/pip/_internal/operations/__pycache__) by extensions ['python_setup_py']
[0.473s] Level 1:colcon.colcon_core.package_identification:_identify(dev_spade/lib/python3.10/site-packages/pip/_internal/operations/__pycache__) by extension 'python_setup_py'
[0.473s] Level 1:colcon.colcon_core.package_identification:_identify(dev_spade/lib/python3.10/site-packages/pip/_internal/operations/build) by extensions ['ignore', 'ignore_ament_install']
[0.473s] Level 1:colcon.colcon_core.package_identification:_identify(dev_spade/lib/python3.10/site-packages/pip/_internal/operations/build) by extension 'ignore'
[0.473s] Level 1:colcon.colcon_core.package_identification:_identify(dev_spade/lib/python3.10/site-packages/pip/_internal/operations/build) by extension 'ignore_ament_install'
[0.473s] Level 1:colcon.colcon_core.package_identification:_identify(dev_spade/lib/python3.10/site-packages/pip/_internal/operations/build) by extensions ['colcon_pkg']
[0.473s] Level 1:colcon.colcon_core.package_identification:_identify(dev_spade/lib/python3.10/site-packages/pip/_internal/operations/build) by extension 'colcon_pkg'
[0.473s] Level 1:colcon.colcon_core.package_identification:_identify(dev_spade/lib/python3.10/site-packages/pip/_internal/operations/build) by extensions ['colcon_meta']
[0.473s] Level 1:colcon.colcon_core.package_identification:_identify(dev_spade/lib/python3.10/site-packages/pip/_internal/operations/build) by extension 'colcon_meta'
[0.473s] Level 1:colcon.colcon_core.package_identification:_identify(dev_spade/lib/python3.10/site-packages/pip/_internal/operations/build) by extensions ['ros']
[0.473s] Level 1:colcon.colcon_core.package_identification:_identify(dev_spade/lib/python3.10/site-packages/pip/_internal/operations/build) by extension 'ros'
[0.473s] Level 1:colcon.colcon_core.package_identification:_identify(dev_spade/lib/python3.10/site-packages/pip/_internal/operations/build) by extensions ['cmake', 'python']
[0.473s] Level 1:colcon.colcon_core.package_identification:_identify(dev_spade/lib/python3.10/site-packages/pip/_internal/operations/build) by extension 'cmake'
[0.473s] Level 1:colcon.colcon_core.package_identification:_identify(dev_spade/lib/python3.10/site-packages/pip/_internal/operations/build) by extension 'python'
[0.473s] Level 1:colcon.colcon_core.package_identification:_identify(dev_spade/lib/python3.10/site-packages/pip/_internal/operations/build) by extensions ['python_setup_py']
[0.473s] Level 1:colcon.colcon_core.package_identification:_identify(dev_spade/lib/python3.10/site-packages/pip/_internal/operations/build) by extension 'python_setup_py'
[0.474s] Level 1:colcon.colcon_core.package_identification:_identify(dev_spade/lib/python3.10/site-packages/pip/_internal/operations/build/__pycache__) by extensions ['ignore', 'ignore_ament_install']
[0.474s] Level 1:colcon.colcon_core.package_identification:_identify(dev_spade/lib/python3.10/site-packages/pip/_internal/operations/build/__pycache__) by extension 'ignore'
[0.474s] Level 1:colcon.colcon_core.package_identification:_identify(dev_spade/lib/python3.10/site-packages/pip/_internal/operations/build/__pycache__) by extension 'ignore_ament_install'
[0.474s] Level 1:colcon.colcon_core.package_identification:_identify(dev_spade/lib/python3.10/site-packages/pip/_internal/operations/build/__pycache__) by extensions ['colcon_pkg']
[0.474s] Level 1:colcon.colcon_core.package_identification:_identify(dev_spade/lib/python3.10/site-packages/pip/_internal/operations/build/__pycache__) by extension 'colcon_pkg'
[0.474s] Level 1:colcon.colcon_core.package_identification:_identify(dev_spade/lib/python3.10/site-packages/pip/_internal/operations/build/__pycache__) by extensions ['colcon_meta']
[0.474s] Level 1:colcon.colcon_core.package_identification:_identify(dev_spade/lib/python3.10/site-packages/pip/_internal/operations/build/__pycache__) by extension 'colcon_meta'
[0.474s] Level 1:colcon.colcon_core.package_identification:_identify(dev_spade/lib/python3.10/site-packages/pip/_internal/operations/build/__pycache__) by extensions ['ros']
[0.474s] Level 1:colcon.colcon_core.package_identification:_identify(dev_spade/lib/python3.10/site-packages/pip/_internal/operations/build/__pycache__) by extension 'ros'
[0.475s] Level 1:colcon.colcon_core.package_identification:_identify(dev_spade/lib/python3.10/site-packages/pip/_internal/operations/build/__pycache__) by extensions ['cmake', 'python']
[0.475s] Level 1:colcon.colcon_core.package_identification:_identify(dev_spade/lib/python3.10/site-packages/pip/_internal/operations/build/__pycache__) by extension 'cmake'
[0.475s] Level 1:colcon.colcon_core.package_identification:_identify(dev_spade/lib/python3.10/site-packages/pip/_internal/operations/build/__pycache__) by extension 'python'
[0.475s] Level 1:colcon.colcon_core.package_identification:_identify(dev_spade/lib/python3.10/site-packages/pip/_internal/operations/build/__pycache__) by extensions ['python_setup_py']
[0.475s] Level 1:colcon.colcon_core.package_identification:_identify(dev_spade/lib/python3.10/site-packages/pip/_internal/operations/build/__pycache__) by extension 'python_setup_py'
[0.475s] Level 1:colcon.colcon_core.package_identification:_identify(dev_spade/lib/python3.10/site-packages/pip/_internal/operations/install) by extensions ['ignore', 'ignore_ament_install']
[0.475s] Level 1:colcon.colcon_core.package_identification:_identify(dev_spade/lib/python3.10/site-packages/pip/_internal/operations/install) by extension 'ignore'
[0.475s] Level 1:colcon.colcon_core.package_identification:_identify(dev_spade/lib/python3.10/site-packages/pip/_internal/operations/install) by extension 'ignore_ament_install'
[0.475s] Level 1:colcon.colcon_core.package_identification:_identify(dev_spade/lib/python3.10/site-packages/pip/_internal/operations/install) by extensions ['colcon_pkg']
[0.475s] Level 1:colcon.colcon_core.package_identification:_identify(dev_spade/lib/python3.10/site-packages/pip/_internal/operations/install) by extension 'colcon_pkg'
[0.475s] Level 1:colcon.colcon_core.package_identification:_identify(dev_spade/lib/python3.10/site-packages/pip/_internal/operations/install) by extensions ['colcon_meta']
[0.475s] Level 1:colcon.colcon_core.package_identification:_identify(dev_spade/lib/python3.10/site-packages/pip/_internal/operations/install) by extension 'colcon_meta'
[0.475s] Level 1:colcon.colcon_core.package_identification:_identify(dev_spade/lib/python3.10/site-packages/pip/_internal/operations/install) by extensions ['ros']
[0.475s] Level 1:colcon.colcon_core.package_identification:_identify(dev_spade/lib/python3.10/site-packages/pip/_internal/operations/install) by extension 'ros'
[0.475s] Level 1:colcon.colcon_core.package_identification:_identify(dev_spade/lib/python3.10/site-packages/pip/_internal/operations/install) by extensions ['cmake', 'python']
[0.475s] Level 1:colcon.colcon_core.package_identification:_identify(dev_spade/lib/python3.10/site-packages/pip/_internal/operations/install) by extension 'cmake'
[0.475s] Level 1:colcon.colcon_core.package_identification:_identify(dev_spade/lib/python3.10/site-packages/pip/_internal/operations/install) by extension 'python'
[0.475s] Level 1:colcon.colcon_core.package_identification:_identify(dev_spade/lib/python3.10/site-packages/pip/_internal/operations/install) by extensions ['python_setup_py']
[0.475s] Level 1:colcon.colcon_core.package_identification:_identify(dev_spade/lib/python3.10/site-packages/pip/_internal/operations/install) by extension 'python_setup_py'
[0.476s] Level 1:colcon.colcon_core.package_identification:_identify(dev_spade/lib/python3.10/site-packages/pip/_internal/operations/install/__pycache__) by extensions ['ignore', 'ignore_ament_install']
[0.476s] Level 1:colcon.colcon_core.package_identification:_identify(dev_spade/lib/python3.10/site-packages/pip/_internal/operations/install/__pycache__) by extension 'ignore'
[0.476s] Level 1:colcon.colcon_core.package_identification:_identify(dev_spade/lib/python3.10/site-packages/pip/_internal/operations/install/__pycache__) by extension 'ignore_ament_install'
[0.476s] Level 1:colcon.colcon_core.package_identification:_identify(dev_spade/lib/python3.10/site-packages/pip/_internal/operations/install/__pycache__) by extensions ['colcon_pkg']
[0.476s] Level 1:colcon.colcon_core.package_identification:_identify(dev_spade/lib/python3.10/site-packages/pip/_internal/operations/install/__pycache__) by extension 'colcon_pkg'
[0.476s] Level 1:colcon.colcon_core.package_identification:_identify(dev_spade/lib/python3.10/site-packages/pip/_internal/operations/install/__pycache__) by extensions ['colcon_meta']
[0.476s] Level 1:colcon.colcon_core.package_identification:_identify(dev_spade/lib/python3.10/site-packages/pip/_internal/operations/install/__pycache__) by extension 'colcon_meta'
[0.476s] Level 1:colcon.colcon_core.package_identification:_identify(dev_spade/lib/python3.10/site-packages/pip/_internal/operations/install/__pycache__) by extensions ['ros']
[0.476s] Level 1:colcon.colcon_core.package_identification:_identify(dev_spade/lib/python3.10/site-packages/pip/_internal/operations/install/__pycache__) by extension 'ros'
[0.476s] Level 1:colcon.colcon_core.package_identification:_identify(dev_spade/lib/python3.10/site-packages/pip/_internal/operations/install/__pycache__) by extensions ['cmake', 'python']
[0.476s] Level 1:colcon.colcon_core.package_identification:_identify(dev_spade/lib/python3.10/site-packages/pip/_internal/operations/install/__pycache__) by extension 'cmake'
[0.476s] Level 1:colcon.colcon_core.package_identification:_identify(dev_spade/lib/python3.10/site-packages/pip/_internal/operations/install/__pycache__) by extension 'python'
[0.476s] Level 1:colcon.colcon_core.package_identification:_identify(dev_spade/lib/python3.10/site-packages/pip/_internal/operations/install/__pycache__) by extensions ['python_setup_py']
[0.476s] Level 1:colcon.colcon_core.package_identification:_identify(dev_spade/lib/python3.10/site-packages/pip/_internal/operations/install/__pycache__) by extension 'python_setup_py'
[0.477s] Level 1:colcon.colcon_core.package_identification:_identify(dev_spade/lib/python3.10/site-packages/pip/_internal/req) by extensions ['ignore', 'ignore_ament_install']
[0.477s] Level 1:colcon.colcon_core.package_identification:_identify(dev_spade/lib/python3.10/site-packages/pip/_internal/req) by extension 'ignore'
[0.477s] Level 1:colcon.colcon_core.package_identification:_identify(dev_spade/lib/python3.10/site-packages/pip/_internal/req) by extension 'ignore_ament_install'
[0.477s] Level 1:colcon.colcon_core.package_identification:_identify(dev_spade/lib/python3.10/site-packages/pip/_internal/req) by extensions ['colcon_pkg']
[0.477s] Level 1:colcon.colcon_core.package_identification:_identify(dev_spade/lib/python3.10/site-packages/pip/_internal/req) by extension 'colcon_pkg'
[0.477s] Level 1:colcon.colcon_core.package_identification:_identify(dev_spade/lib/python3.10/site-packages/pip/_internal/req) by extensions ['colcon_meta']
[0.477s] Level 1:colcon.colcon_core.package_identification:_identify(dev_spade/lib/python3.10/site-packages/pip/_internal/req) by extension 'colcon_meta'
[0.477s] Level 1:colcon.colcon_core.package_identification:_identify(dev_spade/lib/python3.10/site-packages/pip/_internal/req) by extensions ['ros']
[0.477s] Level 1:colcon.colcon_core.package_identification:_identify(dev_spade/lib/python3.10/site-packages/pip/_internal/req) by extension 'ros'
[0.477s] Level 1:colcon.colcon_core.package_identification:_identify(dev_spade/lib/python3.10/site-packages/pip/_internal/req) by extensions ['cmake', 'python']
[0.477s] Level 1:colcon.colcon_core.package_identification:_identify(dev_spade/lib/python3.10/site-packages/pip/_internal/req) by extension 'cmake'
[0.477s] Level 1:colcon.colcon_core.package_identification:_identify(dev_spade/lib/python3.10/site-packages/pip/_internal/req) by extension 'python'
[0.477s] Level 1:colcon.colcon_core.package_identification:_identify(dev_spade/lib/python3.10/site-packages/pip/_internal/req) by extensions ['python_setup_py']
[0.477s] Level 1:colcon.colcon_core.package_identification:_identify(dev_spade/lib/python3.10/site-packages/pip/_internal/req) by extension 'python_setup_py'
[0.477s] Level 1:colcon.colcon_core.package_identification:_identify(dev_spade/lib/python3.10/site-packages/pip/_internal/req/__pycache__) by extensions ['ignore', 'ignore_ament_install']
[0.477s] Level 1:colcon.colcon_core.package_identification:_identify(dev_spade/lib/python3.10/site-packages/pip/_internal/req/__pycache__) by extension 'ignore'
[0.478s] Level 1:colcon.colcon_core.package_identification:_identify(dev_spade/lib/python3.10/site-packages/pip/_internal/req/__pycache__) by extension 'ignore_ament_install'
[0.478s] Level 1:colcon.colcon_core.package_identification:_identify(dev_spade/lib/python3.10/site-packages/pip/_internal/req/__pycache__) by extensions ['colcon_pkg']
[0.478s] Level 1:colcon.colcon_core.package_identification:_identify(dev_spade/lib/python3.10/site-packages/pip/_internal/req/__pycache__) by extension 'colcon_pkg'
[0.478s] Level 1:colcon.colcon_core.package_identification:_identify(dev_spade/lib/python3.10/site-packages/pip/_internal/req/__pycache__) by extensions ['colcon_meta']
[0.478s] Level 1:colcon.colcon_core.package_identification:_identify(dev_spade/lib/python3.10/site-packages/pip/_internal/req/__pycache__) by extension 'colcon_meta'
[0.478s] Level 1:colcon.colcon_core.package_identification:_identify(dev_spade/lib/python3.10/site-packages/pip/_internal/req/__pycache__) by extensions ['ros']
[0.478s] Level 1:colcon.colcon_core.package_identification:_identify(dev_spade/lib/python3.10/site-packages/pip/_internal/req/__pycache__) by extension 'ros'
[0.478s] Level 1:colcon.colcon_core.package_identification:_identify(dev_spade/lib/python3.10/site-packages/pip/_internal/req/__pycache__) by extensions ['cmake', 'python']
[0.478s] Level 1:colcon.colcon_core.package_identification:_identify(dev_spade/lib/python3.10/site-packages/pip/_internal/req/__pycache__) by extension 'cmake'
[0.478s] Level 1:colcon.colcon_core.package_identification:_identify(dev_spade/lib/python3.10/site-packages/pip/_internal/req/__pycache__) by extension 'python'
[0.478s] Level 1:colcon.colcon_core.package_identification:_identify(dev_spade/lib/python3.10/site-packages/pip/_internal/req/__pycache__) by extensions ['python_setup_py']
[0.478s] Level 1:colcon.colcon_core.package_identification:_identify(dev_spade/lib/python3.10/site-packages/pip/_internal/req/__pycache__) by extension 'python_setup_py'
[0.478s] Level 1:colcon.colcon_core.package_identification:_identify(dev_spade/lib/python3.10/site-packages/pip/_internal/resolution) by extensions ['ignore', 'ignore_ament_install']
[0.478s] Level 1:colcon.colcon_core.package_identification:_identify(dev_spade/lib/python3.10/site-packages/pip/_internal/resolution) by extension 'ignore'
[0.478s] Level 1:colcon.colcon_core.package_identification:_identify(dev_spade/lib/python3.10/site-packages/pip/_internal/resolution) by extension 'ignore_ament_install'
[0.478s] Level 1:colcon.colcon_core.package_identification:_identify(dev_spade/lib/python3.10/site-packages/pip/_internal/resolution) by extensions ['colcon_pkg']
[0.478s] Level 1:colcon.colcon_core.package_identification:_identify(dev_spade/lib/python3.10/site-packages/pip/_internal/resolution) by extension 'colcon_pkg'
[0.478s] Level 1:colcon.colcon_core.package_identification:_identify(dev_spade/lib/python3.10/site-packages/pip/_internal/resolution) by extensions ['colcon_meta']
[0.478s] Level 1:colcon.colcon_core.package_identification:_identify(dev_spade/lib/python3.10/site-packages/pip/_internal/resolution) by extension 'colcon_meta'
[0.478s] Level 1:colcon.colcon_core.package_identification:_identify(dev_spade/lib/python3.10/site-packages/pip/_internal/resolution) by extensions ['ros']
[0.478s] Level 1:colcon.colcon_core.package_identification:_identify(dev_spade/lib/python3.10/site-packages/pip/_internal/resolution) by extension 'ros'
[0.478s] Level 1:colcon.colcon_core.package_identification:_identify(dev_spade/lib/python3.10/site-packages/pip/_internal/resolution) by extensions ['cmake', 'python']
[0.478s] Level 1:colcon.colcon_core.package_identification:_identify(dev_spade/lib/python3.10/site-packages/pip/_internal/resolution) by extension 'cmake'
[0.479s] Level 1:colcon.colcon_core.package_identification:_identify(dev_spade/lib/python3.10/site-packages/pip/_internal/resolution) by extension 'python'
[0.479s] Level 1:colcon.colcon_core.package_identification:_identify(dev_spade/lib/python3.10/site-packages/pip/_internal/resolution) by extensions ['python_setup_py']
[0.479s] Level 1:colcon.colcon_core.package_identification:_identify(dev_spade/lib/python3.10/site-packages/pip/_internal/resolution) by extension 'python_setup_py'
[0.479s] Level 1:colcon.colcon_core.package_identification:_identify(dev_spade/lib/python3.10/site-packages/pip/_internal/resolution/__pycache__) by extensions ['ignore', 'ignore_ament_install']
[0.479s] Level 1:colcon.colcon_core.package_identification:_identify(dev_spade/lib/python3.10/site-packages/pip/_internal/resolution/__pycache__) by extension 'ignore'
[0.479s] Level 1:colcon.colcon_core.package_identification:_identify(dev_spade/lib/python3.10/site-packages/pip/_internal/resolution/__pycache__) by extension 'ignore_ament_install'
[0.479s] Level 1:colcon.colcon_core.package_identification:_identify(dev_spade/lib/python3.10/site-packages/pip/_internal/resolution/__pycache__) by extensions ['colcon_pkg']
[0.479s] Level 1:colcon.colcon_core.package_identification:_identify(dev_spade/lib/python3.10/site-packages/pip/_internal/resolution/__pycache__) by extension 'colcon_pkg'
[0.479s] Level 1:colcon.colcon_core.package_identification:_identify(dev_spade/lib/python3.10/site-packages/pip/_internal/resolution/__pycache__) by extensions ['colcon_meta']
[0.479s] Level 1:colcon.colcon_core.package_identification:_identify(dev_spade/lib/python3.10/site-packages/pip/_internal/resolution/__pycache__) by extension 'colcon_meta'
[0.479s] Level 1:colcon.colcon_core.package_identification:_identify(dev_spade/lib/python3.10/site-packages/pip/_internal/resolution/__pycache__) by extensions ['ros']
[0.479s] Level 1:colcon.colcon_core.package_identification:_identify(dev_spade/lib/python3.10/site-packages/pip/_internal/resolution/__pycache__) by extension 'ros'
[0.479s] Level 1:colcon.colcon_core.package_identification:_identify(dev_spade/lib/python3.10/site-packages/pip/_internal/resolution/__pycache__) by extensions ['cmake', 'python']
[0.479s] Level 1:colcon.colcon_core.package_identification:_identify(dev_spade/lib/python3.10/site-packages/pip/_internal/resolution/__pycache__) by extension 'cmake'
[0.479s] Level 1:colcon.colcon_core.package_identification:_identify(dev_spade/lib/python3.10/site-packages/pip/_internal/resolution/__pycache__) by extension 'python'
[0.479s] Level 1:colcon.colcon_core.package_identification:_identify(dev_spade/lib/python3.10/site-packages/pip/_internal/resolution/__pycache__) by extensions ['python_setup_py']
[0.479s] Level 1:colcon.colcon_core.package_identification:_identify(dev_spade/lib/python3.10/site-packages/pip/_internal/resolution/__pycache__) by extension 'python_setup_py'
[0.480s] Level 1:colcon.colcon_core.package_identification:_identify(dev_spade/lib/python3.10/site-packages/pip/_internal/resolution/legacy) by extensions ['ignore', 'ignore_ament_install']
[0.480s] Level 1:colcon.colcon_core.package_identification:_identify(dev_spade/lib/python3.10/site-packages/pip/_internal/resolution/legacy) by extension 'ignore'
[0.480s] Level 1:colcon.colcon_core.package_identification:_identify(dev_spade/lib/python3.10/site-packages/pip/_internal/resolution/legacy) by extension 'ignore_ament_install'
[0.480s] Level 1:colcon.colcon_core.package_identification:_identify(dev_spade/lib/python3.10/site-packages/pip/_internal/resolution/legacy) by extensions ['colcon_pkg']
[0.480s] Level 1:colcon.colcon_core.package_identification:_identify(dev_spade/lib/python3.10/site-packages/pip/_internal/resolution/legacy) by extension 'colcon_pkg'
[0.480s] Level 1:colcon.colcon_core.package_identification:_identify(dev_spade/lib/python3.10/site-packages/pip/_internal/resolution/legacy) by extensions ['colcon_meta']
[0.480s] Level 1:colcon.colcon_core.package_identification:_identify(dev_spade/lib/python3.10/site-packages/pip/_internal/resolution/legacy) by extension 'colcon_meta'
[0.480s] Level 1:colcon.colcon_core.package_identification:_identify(dev_spade/lib/python3.10/site-packages/pip/_internal/resolution/legacy) by extensions ['ros']
[0.480s] Level 1:colcon.colcon_core.package_identification:_identify(dev_spade/lib/python3.10/site-packages/pip/_internal/resolution/legacy) by extension 'ros'
[0.480s] Level 1:colcon.colcon_core.package_identification:_identify(dev_spade/lib/python3.10/site-packages/pip/_internal/resolution/legacy) by extensions ['cmake', 'python']
[0.480s] Level 1:colcon.colcon_core.package_identification:_identify(dev_spade/lib/python3.10/site-packages/pip/_internal/resolution/legacy) by extension 'cmake'
[0.480s] Level 1:colcon.colcon_core.package_identification:_identify(dev_spade/lib/python3.10/site-packages/pip/_internal/resolution/legacy) by extension 'python'
[0.480s] Level 1:colcon.colcon_core.package_identification:_identify(dev_spade/lib/python3.10/site-packages/pip/_internal/resolution/legacy) by extensions ['python_setup_py']
[0.480s] Level 1:colcon.colcon_core.package_identification:_identify(dev_spade/lib/python3.10/site-packages/pip/_internal/resolution/legacy) by extension 'python_setup_py'
[0.480s] Level 1:colcon.colcon_core.package_identification:_identify(dev_spade/lib/python3.10/site-packages/pip/_internal/resolution/legacy/__pycache__) by extensions ['ignore', 'ignore_ament_install']
[0.480s] Level 1:colcon.colcon_core.package_identification:_identify(dev_spade/lib/python3.10/site-packages/pip/_internal/resolution/legacy/__pycache__) by extension 'ignore'
[0.480s] Level 1:colcon.colcon_core.package_identification:_identify(dev_spade/lib/python3.10/site-packages/pip/_internal/resolution/legacy/__pycache__) by extension 'ignore_ament_install'
[0.480s] Level 1:colcon.colcon_core.package_identification:_identify(dev_spade/lib/python3.10/site-packages/pip/_internal/resolution/legacy/__pycache__) by extensions ['colcon_pkg']
[0.480s] Level 1:colcon.colcon_core.package_identification:_identify(dev_spade/lib/python3.10/site-packages/pip/_internal/resolution/legacy/__pycache__) by extension 'colcon_pkg'
[0.480s] Level 1:colcon.colcon_core.package_identification:_identify(dev_spade/lib/python3.10/site-packages/pip/_internal/resolution/legacy/__pycache__) by extensions ['colcon_meta']
[0.480s] Level 1:colcon.colcon_core.package_identification:_identify(dev_spade/lib/python3.10/site-packages/pip/_internal/resolution/legacy/__pycache__) by extension 'colcon_meta'
[0.481s] Level 1:colcon.colcon_core.package_identification:_identify(dev_spade/lib/python3.10/site-packages/pip/_internal/resolution/legacy/__pycache__) by extensions ['ros']
[0.481s] Level 1:colcon.colcon_core.package_identification:_identify(dev_spade/lib/python3.10/site-packages/pip/_internal/resolution/legacy/__pycache__) by extension 'ros'
[0.481s] Level 1:colcon.colcon_core.package_identification:_identify(dev_spade/lib/python3.10/site-packages/pip/_internal/resolution/legacy/__pycache__) by extensions ['cmake', 'python']
[0.481s] Level 1:colcon.colcon_core.package_identification:_identify(dev_spade/lib/python3.10/site-packages/pip/_internal/resolution/legacy/__pycache__) by extension 'cmake'
[0.481s] Level 1:colcon.colcon_core.package_identification:_identify(dev_spade/lib/python3.10/site-packages/pip/_internal/resolution/legacy/__pycache__) by extension 'python'
[0.481s] Level 1:colcon.colcon_core.package_identification:_identify(dev_spade/lib/python3.10/site-packages/pip/_internal/resolution/legacy/__pycache__) by extensions ['python_setup_py']
[0.481s] Level 1:colcon.colcon_core.package_identification:_identify(dev_spade/lib/python3.10/site-packages/pip/_internal/resolution/legacy/__pycache__) by extension 'python_setup_py'
[0.481s] Level 1:colcon.colcon_core.package_identification:_identify(dev_spade/lib/python3.10/site-packages/pip/_internal/resolution/resolvelib) by extensions ['ignore', 'ignore_ament_install']
[0.481s] Level 1:colcon.colcon_core.package_identification:_identify(dev_spade/lib/python3.10/site-packages/pip/_internal/resolution/resolvelib) by extension 'ignore'
[0.481s] Level 1:colcon.colcon_core.package_identification:_identify(dev_spade/lib/python3.10/site-packages/pip/_internal/resolution/resolvelib) by extension 'ignore_ament_install'
[0.481s] Level 1:colcon.colcon_core.package_identification:_identify(dev_spade/lib/python3.10/site-packages/pip/_internal/resolution/resolvelib) by extensions ['colcon_pkg']
[0.481s] Level 1:colcon.colcon_core.package_identification:_identify(dev_spade/lib/python3.10/site-packages/pip/_internal/resolution/resolvelib) by extension 'colcon_pkg'
[0.481s] Level 1:colcon.colcon_core.package_identification:_identify(dev_spade/lib/python3.10/site-packages/pip/_internal/resolution/resolvelib) by extensions ['colcon_meta']
[0.481s] Level 1:colcon.colcon_core.package_identification:_identify(dev_spade/lib/python3.10/site-packages/pip/_internal/resolution/resolvelib) by extension 'colcon_meta'
[0.481s] Level 1:colcon.colcon_core.package_identification:_identify(dev_spade/lib/python3.10/site-packages/pip/_internal/resolution/resolvelib) by extensions ['ros']
[0.481s] Level 1:colcon.colcon_core.package_identification:_identify(dev_spade/lib/python3.10/site-packages/pip/_internal/resolution/resolvelib) by extension 'ros'
[0.481s] Level 1:colcon.colcon_core.package_identification:_identify(dev_spade/lib/python3.10/site-packages/pip/_internal/resolution/resolvelib) by extensions ['cmake', 'python']
[0.481s] Level 1:colcon.colcon_core.package_identification:_identify(dev_spade/lib/python3.10/site-packages/pip/_internal/resolution/resolvelib) by extension 'cmake'
[0.482s] Level 1:colcon.colcon_core.package_identification:_identify(dev_spade/lib/python3.10/site-packages/pip/_internal/resolution/resolvelib) by extension 'python'
[0.482s] Level 1:colcon.colcon_core.package_identification:_identify(dev_spade/lib/python3.10/site-packages/pip/_internal/resolution/resolvelib) by extensions ['python_setup_py']
[0.482s] Level 1:colcon.colcon_core.package_identification:_identify(dev_spade/lib/python3.10/site-packages/pip/_internal/resolution/resolvelib) by extension 'python_setup_py'
[0.482s] Level 1:colcon.colcon_core.package_identification:_identify(dev_spade/lib/python3.10/site-packages/pip/_internal/resolution/resolvelib/__pycache__) by extensions ['ignore', 'ignore_ament_install']
[0.482s] Level 1:colcon.colcon_core.package_identification:_identify(dev_spade/lib/python3.10/site-packages/pip/_internal/resolution/resolvelib/__pycache__) by extension 'ignore'
[0.482s] Level 1:colcon.colcon_core.package_identification:_identify(dev_spade/lib/python3.10/site-packages/pip/_internal/resolution/resolvelib/__pycache__) by extension 'ignore_ament_install'
[0.482s] Level 1:colcon.colcon_core.package_identification:_identify(dev_spade/lib/python3.10/site-packages/pip/_internal/resolution/resolvelib/__pycache__) by extensions ['colcon_pkg']
[0.482s] Level 1:colcon.colcon_core.package_identification:_identify(dev_spade/lib/python3.10/site-packages/pip/_internal/resolution/resolvelib/__pycache__) by extension 'colcon_pkg'
[0.482s] Level 1:colcon.colcon_core.package_identification:_identify(dev_spade/lib/python3.10/site-packages/pip/_internal/resolution/resolvelib/__pycache__) by extensions ['colcon_meta']
[0.482s] Level 1:colcon.colcon_core.package_identification:_identify(dev_spade/lib/python3.10/site-packages/pip/_internal/resolution/resolvelib/__pycache__) by extension 'colcon_meta'
[0.482s] Level 1:colcon.colcon_core.package_identification:_identify(dev_spade/lib/python3.10/site-packages/pip/_internal/resolution/resolvelib/__pycache__) by extensions ['ros']
[0.482s] Level 1:colcon.colcon_core.package_identification:_identify(dev_spade/lib/python3.10/site-packages/pip/_internal/resolution/resolvelib/__pycache__) by extension 'ros'
[0.482s] Level 1:colcon.colcon_core.package_identification:_identify(dev_spade/lib/python3.10/site-packages/pip/_internal/resolution/resolvelib/__pycache__) by extensions ['cmake', 'python']
[0.482s] Level 1:colcon.colcon_core.package_identification:_identify(dev_spade/lib/python3.10/site-packages/pip/_internal/resolution/resolvelib/__pycache__) by extension 'cmake'
[0.482s] Level 1:colcon.colcon_core.package_identification:_identify(dev_spade/lib/python3.10/site-packages/pip/_internal/resolution/resolvelib/__pycache__) by extension 'python'
[0.482s] Level 1:colcon.colcon_core.package_identification:_identify(dev_spade/lib/python3.10/site-packages/pip/_internal/resolution/resolvelib/__pycache__) by extensions ['python_setup_py']
[0.482s] Level 1:colcon.colcon_core.package_identification:_identify(dev_spade/lib/python3.10/site-packages/pip/_internal/resolution/resolvelib/__pycache__) by extension 'python_setup_py'
[0.483s] Level 1:colcon.colcon_core.package_identification:_identify(dev_spade/lib/python3.10/site-packages/pip/_internal/utils) by extensions ['ignore', 'ignore_ament_install']
[0.483s] Level 1:colcon.colcon_core.package_identification:_identify(dev_spade/lib/python3.10/site-packages/pip/_internal/utils) by extension 'ignore'
[0.483s] Level 1:colcon.colcon_core.package_identification:_identify(dev_spade/lib/python3.10/site-packages/pip/_internal/utils) by extension 'ignore_ament_install'
[0.483s] Level 1:colcon.colcon_core.package_identification:_identify(dev_spade/lib/python3.10/site-packages/pip/_internal/utils) by extensions ['colcon_pkg']
[0.483s] Level 1:colcon.colcon_core.package_identification:_identify(dev_spade/lib/python3.10/site-packages/pip/_internal/utils) by extension 'colcon_pkg'
[0.483s] Level 1:colcon.colcon_core.package_identification:_identify(dev_spade/lib/python3.10/site-packages/pip/_internal/utils) by extensions ['colcon_meta']
[0.483s] Level 1:colcon.colcon_core.package_identification:_identify(dev_spade/lib/python3.10/site-packages/pip/_internal/utils) by extension 'colcon_meta'
[0.483s] Level 1:colcon.colcon_core.package_identification:_identify(dev_spade/lib/python3.10/site-packages/pip/_internal/utils) by extensions ['ros']
[0.483s] Level 1:colcon.colcon_core.package_identification:_identify(dev_spade/lib/python3.10/site-packages/pip/_internal/utils) by extension 'ros'
[0.483s] Level 1:colcon.colcon_core.package_identification:_identify(dev_spade/lib/python3.10/site-packages/pip/_internal/utils) by extensions ['cmake', 'python']
[0.483s] Level 1:colcon.colcon_core.package_identification:_identify(dev_spade/lib/python3.10/site-packages/pip/_internal/utils) by extension 'cmake'
[0.483s] Level 1:colcon.colcon_core.package_identification:_identify(dev_spade/lib/python3.10/site-packages/pip/_internal/utils) by extension 'python'
[0.483s] Level 1:colcon.colcon_core.package_identification:_identify(dev_spade/lib/python3.10/site-packages/pip/_internal/utils) by extensions ['python_setup_py']
[0.483s] Level 1:colcon.colcon_core.package_identification:_identify(dev_spade/lib/python3.10/site-packages/pip/_internal/utils) by extension 'python_setup_py'
[0.484s] Level 1:colcon.colcon_core.package_identification:_identify(dev_spade/lib/python3.10/site-packages/pip/_internal/utils/__pycache__) by extensions ['ignore', 'ignore_ament_install']
[0.484s] Level 1:colcon.colcon_core.package_identification:_identify(dev_spade/lib/python3.10/site-packages/pip/_internal/utils/__pycache__) by extension 'ignore'
[0.484s] Level 1:colcon.colcon_core.package_identification:_identify(dev_spade/lib/python3.10/site-packages/pip/_internal/utils/__pycache__) by extension 'ignore_ament_install'
[0.484s] Level 1:colcon.colcon_core.package_identification:_identify(dev_spade/lib/python3.10/site-packages/pip/_internal/utils/__pycache__) by extensions ['colcon_pkg']
[0.484s] Level 1:colcon.colcon_core.package_identification:_identify(dev_spade/lib/python3.10/site-packages/pip/_internal/utils/__pycache__) by extension 'colcon_pkg'
[0.484s] Level 1:colcon.colcon_core.package_identification:_identify(dev_spade/lib/python3.10/site-packages/pip/_internal/utils/__pycache__) by extensions ['colcon_meta']
[0.484s] Level 1:colcon.colcon_core.package_identification:_identify(dev_spade/lib/python3.10/site-packages/pip/_internal/utils/__pycache__) by extension 'colcon_meta'
[0.484s] Level 1:colcon.colcon_core.package_identification:_identify(dev_spade/lib/python3.10/site-packages/pip/_internal/utils/__pycache__) by extensions ['ros']
[0.484s] Level 1:colcon.colcon_core.package_identification:_identify(dev_spade/lib/python3.10/site-packages/pip/_internal/utils/__pycache__) by extension 'ros'
[0.484s] Level 1:colcon.colcon_core.package_identification:_identify(dev_spade/lib/python3.10/site-packages/pip/_internal/utils/__pycache__) by extensions ['cmake', 'python']
[0.484s] Level 1:colcon.colcon_core.package_identification:_identify(dev_spade/lib/python3.10/site-packages/pip/_internal/utils/__pycache__) by extension 'cmake'
[0.484s] Level 1:colcon.colcon_core.package_identification:_identify(dev_spade/lib/python3.10/site-packages/pip/_internal/utils/__pycache__) by extension 'python'
[0.484s] Level 1:colcon.colcon_core.package_identification:_identify(dev_spade/lib/python3.10/site-packages/pip/_internal/utils/__pycache__) by extensions ['python_setup_py']
[0.484s] Level 1:colcon.colcon_core.package_identification:_identify(dev_spade/lib/python3.10/site-packages/pip/_internal/utils/__pycache__) by extension 'python_setup_py'
[0.484s] Level 1:colcon.colcon_core.package_identification:_identify(dev_spade/lib/python3.10/site-packages/pip/_internal/vcs) by extensions ['ignore', 'ignore_ament_install']
[0.485s] Level 1:colcon.colcon_core.package_identification:_identify(dev_spade/lib/python3.10/site-packages/pip/_internal/vcs) by extension 'ignore'
[0.485s] Level 1:colcon.colcon_core.package_identification:_identify(dev_spade/lib/python3.10/site-packages/pip/_internal/vcs) by extension 'ignore_ament_install'
[0.485s] Level 1:colcon.colcon_core.package_identification:_identify(dev_spade/lib/python3.10/site-packages/pip/_internal/vcs) by extensions ['colcon_pkg']
[0.485s] Level 1:colcon.colcon_core.package_identification:_identify(dev_spade/lib/python3.10/site-packages/pip/_internal/vcs) by extension 'colcon_pkg'
[0.485s] Level 1:colcon.colcon_core.package_identification:_identify(dev_spade/lib/python3.10/site-packages/pip/_internal/vcs) by extensions ['colcon_meta']
[0.485s] Level 1:colcon.colcon_core.package_identification:_identify(dev_spade/lib/python3.10/site-packages/pip/_internal/vcs) by extension 'colcon_meta'
[0.485s] Level 1:colcon.colcon_core.package_identification:_identify(dev_spade/lib/python3.10/site-packages/pip/_internal/vcs) by extensions ['ros']
[0.485s] Level 1:colcon.colcon_core.package_identification:_identify(dev_spade/lib/python3.10/site-packages/pip/_internal/vcs) by extension 'ros'
[0.485s] Level 1:colcon.colcon_core.package_identification:_identify(dev_spade/lib/python3.10/site-packages/pip/_internal/vcs) by extensions ['cmake', 'python']
[0.485s] Level 1:colcon.colcon_core.package_identification:_identify(dev_spade/lib/python3.10/site-packages/pip/_internal/vcs) by extension 'cmake'
[0.485s] Level 1:colcon.colcon_core.package_identification:_identify(dev_spade/lib/python3.10/site-packages/pip/_internal/vcs) by extension 'python'
[0.485s] Level 1:colcon.colcon_core.package_identification:_identify(dev_spade/lib/python3.10/site-packages/pip/_internal/vcs) by extensions ['python_setup_py']
[0.485s] Level 1:colcon.colcon_core.package_identification:_identify(dev_spade/lib/python3.10/site-packages/pip/_internal/vcs) by extension 'python_setup_py'
[0.485s] Level 1:colcon.colcon_core.package_identification:_identify(dev_spade/lib/python3.10/site-packages/pip/_internal/vcs/__pycache__) by extensions ['ignore', 'ignore_ament_install']
[0.485s] Level 1:colcon.colcon_core.package_identification:_identify(dev_spade/lib/python3.10/site-packages/pip/_internal/vcs/__pycache__) by extension 'ignore'
[0.485s] Level 1:colcon.colcon_core.package_identification:_identify(dev_spade/lib/python3.10/site-packages/pip/_internal/vcs/__pycache__) by extension 'ignore_ament_install'
[0.485s] Level 1:colcon.colcon_core.package_identification:_identify(dev_spade/lib/python3.10/site-packages/pip/_internal/vcs/__pycache__) by extensions ['colcon_pkg']
[0.485s] Level 1:colcon.colcon_core.package_identification:_identify(dev_spade/lib/python3.10/site-packages/pip/_internal/vcs/__pycache__) by extension 'colcon_pkg'
[0.485s] Level 1:colcon.colcon_core.package_identification:_identify(dev_spade/lib/python3.10/site-packages/pip/_internal/vcs/__pycache__) by extensions ['colcon_meta']
[0.485s] Level 1:colcon.colcon_core.package_identification:_identify(dev_spade/lib/python3.10/site-packages/pip/_internal/vcs/__pycache__) by extension 'colcon_meta'
[0.485s] Level 1:colcon.colcon_core.package_identification:_identify(dev_spade/lib/python3.10/site-packages/pip/_internal/vcs/__pycache__) by extensions ['ros']
[0.485s] Level 1:colcon.colcon_core.package_identification:_identify(dev_spade/lib/python3.10/site-packages/pip/_internal/vcs/__pycache__) by extension 'ros'
[0.485s] Level 1:colcon.colcon_core.package_identification:_identify(dev_spade/lib/python3.10/site-packages/pip/_internal/vcs/__pycache__) by extensions ['cmake', 'python']
[0.485s] Level 1:colcon.colcon_core.package_identification:_identify(dev_spade/lib/python3.10/site-packages/pip/_internal/vcs/__pycache__) by extension 'cmake'
[0.486s] Level 1:colcon.colcon_core.package_identification:_identify(dev_spade/lib/python3.10/site-packages/pip/_internal/vcs/__pycache__) by extension 'python'
[0.486s] Level 1:colcon.colcon_core.package_identification:_identify(dev_spade/lib/python3.10/site-packages/pip/_internal/vcs/__pycache__) by extensions ['python_setup_py']
[0.486s] Level 1:colcon.colcon_core.package_identification:_identify(dev_spade/lib/python3.10/site-packages/pip/_internal/vcs/__pycache__) by extension 'python_setup_py'
[0.486s] Level 1:colcon.colcon_core.package_identification:_identify(dev_spade/lib/python3.10/site-packages/pip/_vendor) by extensions ['ignore', 'ignore_ament_install']
[0.486s] Level 1:colcon.colcon_core.package_identification:_identify(dev_spade/lib/python3.10/site-packages/pip/_vendor) by extension 'ignore'
[0.486s] Level 1:colcon.colcon_core.package_identification:_identify(dev_spade/lib/python3.10/site-packages/pip/_vendor) by extension 'ignore_ament_install'
[0.486s] Level 1:colcon.colcon_core.package_identification:_identify(dev_spade/lib/python3.10/site-packages/pip/_vendor) by extensions ['colcon_pkg']
[0.486s] Level 1:colcon.colcon_core.package_identification:_identify(dev_spade/lib/python3.10/site-packages/pip/_vendor) by extension 'colcon_pkg'
[0.486s] Level 1:colcon.colcon_core.package_identification:_identify(dev_spade/lib/python3.10/site-packages/pip/_vendor) by extensions ['colcon_meta']
[0.486s] Level 1:colcon.colcon_core.package_identification:_identify(dev_spade/lib/python3.10/site-packages/pip/_vendor) by extension 'colcon_meta'
[0.486s] Level 1:colcon.colcon_core.package_identification:_identify(dev_spade/lib/python3.10/site-packages/pip/_vendor) by extensions ['ros']
[0.486s] Level 1:colcon.colcon_core.package_identification:_identify(dev_spade/lib/python3.10/site-packages/pip/_vendor) by extension 'ros'
[0.486s] Level 1:colcon.colcon_core.package_identification:_identify(dev_spade/lib/python3.10/site-packages/pip/_vendor) by extensions ['cmake', 'python']
[0.486s] Level 1:colcon.colcon_core.package_identification:_identify(dev_spade/lib/python3.10/site-packages/pip/_vendor) by extension 'cmake'
[0.486s] Level 1:colcon.colcon_core.package_identification:_identify(dev_spade/lib/python3.10/site-packages/pip/_vendor) by extension 'python'
[0.486s] Level 1:colcon.colcon_core.package_identification:_identify(dev_spade/lib/python3.10/site-packages/pip/_vendor) by extensions ['python_setup_py']
[0.486s] Level 1:colcon.colcon_core.package_identification:_identify(dev_spade/lib/python3.10/site-packages/pip/_vendor) by extension 'python_setup_py'
[0.487s] Level 1:colcon.colcon_core.package_identification:_identify(dev_spade/lib/python3.10/site-packages/pip/_vendor/__pycache__) by extensions ['ignore', 'ignore_ament_install']
[0.487s] Level 1:colcon.colcon_core.package_identification:_identify(dev_spade/lib/python3.10/site-packages/pip/_vendor/__pycache__) by extension 'ignore'
[0.487s] Level 1:colcon.colcon_core.package_identification:_identify(dev_spade/lib/python3.10/site-packages/pip/_vendor/__pycache__) by extension 'ignore_ament_install'
[0.487s] Level 1:colcon.colcon_core.package_identification:_identify(dev_spade/lib/python3.10/site-packages/pip/_vendor/__pycache__) by extensions ['colcon_pkg']
[0.487s] Level 1:colcon.colcon_core.package_identification:_identify(dev_spade/lib/python3.10/site-packages/pip/_vendor/__pycache__) by extension 'colcon_pkg'
[0.487s] Level 1:colcon.colcon_core.package_identification:_identify(dev_spade/lib/python3.10/site-packages/pip/_vendor/__pycache__) by extensions ['colcon_meta']
[0.487s] Level 1:colcon.colcon_core.package_identification:_identify(dev_spade/lib/python3.10/site-packages/pip/_vendor/__pycache__) by extension 'colcon_meta'
[0.487s] Level 1:colcon.colcon_core.package_identification:_identify(dev_spade/lib/python3.10/site-packages/pip/_vendor/__pycache__) by extensions ['ros']
[0.487s] Level 1:colcon.colcon_core.package_identification:_identify(dev_spade/lib/python3.10/site-packages/pip/_vendor/__pycache__) by extension 'ros'
[0.487s] Level 1:colcon.colcon_core.package_identification:_identify(dev_spade/lib/python3.10/site-packages/pip/_vendor/__pycache__) by extensions ['cmake', 'python']
[0.487s] Level 1:colcon.colcon_core.package_identification:_identify(dev_spade/lib/python3.10/site-packages/pip/_vendor/__pycache__) by extension 'cmake'
[0.487s] Level 1:colcon.colcon_core.package_identification:_identify(dev_spade/lib/python3.10/site-packages/pip/_vendor/__pycache__) by extension 'python'
[0.487s] Level 1:colcon.colcon_core.package_identification:_identify(dev_spade/lib/python3.10/site-packages/pip/_vendor/__pycache__) by extensions ['python_setup_py']
[0.487s] Level 1:colcon.colcon_core.package_identification:_identify(dev_spade/lib/python3.10/site-packages/pip/_vendor/__pycache__) by extension 'python_setup_py'
[0.487s] Level 1:colcon.colcon_core.package_identification:_identify(dev_spade/lib/python3.10/site-packages/pip/_vendor/cachecontrol) by extensions ['ignore', 'ignore_ament_install']
[0.487s] Level 1:colcon.colcon_core.package_identification:_identify(dev_spade/lib/python3.10/site-packages/pip/_vendor/cachecontrol) by extension 'ignore'
[0.488s] Level 1:colcon.colcon_core.package_identification:_identify(dev_spade/lib/python3.10/site-packages/pip/_vendor/cachecontrol) by extension 'ignore_ament_install'
[0.488s] Level 1:colcon.colcon_core.package_identification:_identify(dev_spade/lib/python3.10/site-packages/pip/_vendor/cachecontrol) by extensions ['colcon_pkg']
[0.488s] Level 1:colcon.colcon_core.package_identification:_identify(dev_spade/lib/python3.10/site-packages/pip/_vendor/cachecontrol) by extension 'colcon_pkg'
[0.488s] Level 1:colcon.colcon_core.package_identification:_identify(dev_spade/lib/python3.10/site-packages/pip/_vendor/cachecontrol) by extensions ['colcon_meta']
[0.488s] Level 1:colcon.colcon_core.package_identification:_identify(dev_spade/lib/python3.10/site-packages/pip/_vendor/cachecontrol) by extension 'colcon_meta'
[0.488s] Level 1:colcon.colcon_core.package_identification:_identify(dev_spade/lib/python3.10/site-packages/pip/_vendor/cachecontrol) by extensions ['ros']
[0.488s] Level 1:colcon.colcon_core.package_identification:_identify(dev_spade/lib/python3.10/site-packages/pip/_vendor/cachecontrol) by extension 'ros'
[0.488s] Level 1:colcon.colcon_core.package_identification:_identify(dev_spade/lib/python3.10/site-packages/pip/_vendor/cachecontrol) by extensions ['cmake', 'python']
[0.488s] Level 1:colcon.colcon_core.package_identification:_identify(dev_spade/lib/python3.10/site-packages/pip/_vendor/cachecontrol) by extension 'cmake'
[0.488s] Level 1:colcon.colcon_core.package_identification:_identify(dev_spade/lib/python3.10/site-packages/pip/_vendor/cachecontrol) by extension 'python'
[0.488s] Level 1:colcon.colcon_core.package_identification:_identify(dev_spade/lib/python3.10/site-packages/pip/_vendor/cachecontrol) by extensions ['python_setup_py']
[0.488s] Level 1:colcon.colcon_core.package_identification:_identify(dev_spade/lib/python3.10/site-packages/pip/_vendor/cachecontrol) by extension 'python_setup_py'
[0.488s] Level 1:colcon.colcon_core.package_identification:_identify(dev_spade/lib/python3.10/site-packages/pip/_vendor/cachecontrol/__pycache__) by extensions ['ignore', 'ignore_ament_install']
[0.488s] Level 1:colcon.colcon_core.package_identification:_identify(dev_spade/lib/python3.10/site-packages/pip/_vendor/cachecontrol/__pycache__) by extension 'ignore'
[0.488s] Level 1:colcon.colcon_core.package_identification:_identify(dev_spade/lib/python3.10/site-packages/pip/_vendor/cachecontrol/__pycache__) by extension 'ignore_ament_install'
[0.488s] Level 1:colcon.colcon_core.package_identification:_identify(dev_spade/lib/python3.10/site-packages/pip/_vendor/cachecontrol/__pycache__) by extensions ['colcon_pkg']
[0.488s] Level 1:colcon.colcon_core.package_identification:_identify(dev_spade/lib/python3.10/site-packages/pip/_vendor/cachecontrol/__pycache__) by extension 'colcon_pkg'
[0.488s] Level 1:colcon.colcon_core.package_identification:_identify(dev_spade/lib/python3.10/site-packages/pip/_vendor/cachecontrol/__pycache__) by extensions ['colcon_meta']
[0.488s] Level 1:colcon.colcon_core.package_identification:_identify(dev_spade/lib/python3.10/site-packages/pip/_vendor/cachecontrol/__pycache__) by extension 'colcon_meta'
[0.488s] Level 1:colcon.colcon_core.package_identification:_identify(dev_spade/lib/python3.10/site-packages/pip/_vendor/cachecontrol/__pycache__) by extensions ['ros']
[0.488s] Level 1:colcon.colcon_core.package_identification:_identify(dev_spade/lib/python3.10/site-packages/pip/_vendor/cachecontrol/__pycache__) by extension 'ros'
[0.489s] Level 1:colcon.colcon_core.package_identification:_identify(dev_spade/lib/python3.10/site-packages/pip/_vendor/cachecontrol/__pycache__) by extensions ['cmake', 'python']
[0.489s] Level 1:colcon.colcon_core.package_identification:_identify(dev_spade/lib/python3.10/site-packages/pip/_vendor/cachecontrol/__pycache__) by extension 'cmake'
[0.489s] Level 1:colcon.colcon_core.package_identification:_identify(dev_spade/lib/python3.10/site-packages/pip/_vendor/cachecontrol/__pycache__) by extension 'python'
[0.489s] Level 1:colcon.colcon_core.package_identification:_identify(dev_spade/lib/python3.10/site-packages/pip/_vendor/cachecontrol/__pycache__) by extensions ['python_setup_py']
[0.489s] Level 1:colcon.colcon_core.package_identification:_identify(dev_spade/lib/python3.10/site-packages/pip/_vendor/cachecontrol/__pycache__) by extension 'python_setup_py'
[0.489s] Level 1:colcon.colcon_core.package_identification:_identify(dev_spade/lib/python3.10/site-packages/pip/_vendor/cachecontrol/caches) by extensions ['ignore', 'ignore_ament_install']
[0.489s] Level 1:colcon.colcon_core.package_identification:_identify(dev_spade/lib/python3.10/site-packages/pip/_vendor/cachecontrol/caches) by extension 'ignore'
[0.489s] Level 1:colcon.colcon_core.package_identification:_identify(dev_spade/lib/python3.10/site-packages/pip/_vendor/cachecontrol/caches) by extension 'ignore_ament_install'
[0.489s] Level 1:colcon.colcon_core.package_identification:_identify(dev_spade/lib/python3.10/site-packages/pip/_vendor/cachecontrol/caches) by extensions ['colcon_pkg']
[0.489s] Level 1:colcon.colcon_core.package_identification:_identify(dev_spade/lib/python3.10/site-packages/pip/_vendor/cachecontrol/caches) by extension 'colcon_pkg'
[0.489s] Level 1:colcon.colcon_core.package_identification:_identify(dev_spade/lib/python3.10/site-packages/pip/_vendor/cachecontrol/caches) by extensions ['colcon_meta']
[0.489s] Level 1:colcon.colcon_core.package_identification:_identify(dev_spade/lib/python3.10/site-packages/pip/_vendor/cachecontrol/caches) by extension 'colcon_meta'
[0.489s] Level 1:colcon.colcon_core.package_identification:_identify(dev_spade/lib/python3.10/site-packages/pip/_vendor/cachecontrol/caches) by extensions ['ros']
[0.489s] Level 1:colcon.colcon_core.package_identification:_identify(dev_spade/lib/python3.10/site-packages/pip/_vendor/cachecontrol/caches) by extension 'ros'
[0.489s] Level 1:colcon.colcon_core.package_identification:_identify(dev_spade/lib/python3.10/site-packages/pip/_vendor/cachecontrol/caches) by extensions ['cmake', 'python']
[0.489s] Level 1:colcon.colcon_core.package_identification:_identify(dev_spade/lib/python3.10/site-packages/pip/_vendor/cachecontrol/caches) by extension 'cmake'
[0.489s] Level 1:colcon.colcon_core.package_identification:_identify(dev_spade/lib/python3.10/site-packages/pip/_vendor/cachecontrol/caches) by extension 'python'
[0.489s] Level 1:colcon.colcon_core.package_identification:_identify(dev_spade/lib/python3.10/site-packages/pip/_vendor/cachecontrol/caches) by extensions ['python_setup_py']
[0.489s] Level 1:colcon.colcon_core.package_identification:_identify(dev_spade/lib/python3.10/site-packages/pip/_vendor/cachecontrol/caches) by extension 'python_setup_py'
[0.490s] Level 1:colcon.colcon_core.package_identification:_identify(dev_spade/lib/python3.10/site-packages/pip/_vendor/cachecontrol/caches/__pycache__) by extensions ['ignore', 'ignore_ament_install']
[0.490s] Level 1:colcon.colcon_core.package_identification:_identify(dev_spade/lib/python3.10/site-packages/pip/_vendor/cachecontrol/caches/__pycache__) by extension 'ignore'
[0.490s] Level 1:colcon.colcon_core.package_identification:_identify(dev_spade/lib/python3.10/site-packages/pip/_vendor/cachecontrol/caches/__pycache__) by extension 'ignore_ament_install'
[0.490s] Level 1:colcon.colcon_core.package_identification:_identify(dev_spade/lib/python3.10/site-packages/pip/_vendor/cachecontrol/caches/__pycache__) by extensions ['colcon_pkg']
[0.490s] Level 1:colcon.colcon_core.package_identification:_identify(dev_spade/lib/python3.10/site-packages/pip/_vendor/cachecontrol/caches/__pycache__) by extension 'colcon_pkg'
[0.490s] Level 1:colcon.colcon_core.package_identification:_identify(dev_spade/lib/python3.10/site-packages/pip/_vendor/cachecontrol/caches/__pycache__) by extensions ['colcon_meta']
[0.490s] Level 1:colcon.colcon_core.package_identification:_identify(dev_spade/lib/python3.10/site-packages/pip/_vendor/cachecontrol/caches/__pycache__) by extension 'colcon_meta'
[0.490s] Level 1:colcon.colcon_core.package_identification:_identify(dev_spade/lib/python3.10/site-packages/pip/_vendor/cachecontrol/caches/__pycache__) by extensions ['ros']
[0.490s] Level 1:colcon.colcon_core.package_identification:_identify(dev_spade/lib/python3.10/site-packages/pip/_vendor/cachecontrol/caches/__pycache__) by extension 'ros'
[0.490s] Level 1:colcon.colcon_core.package_identification:_identify(dev_spade/lib/python3.10/site-packages/pip/_vendor/cachecontrol/caches/__pycache__) by extensions ['cmake', 'python']
[0.490s] Level 1:colcon.colcon_core.package_identification:_identify(dev_spade/lib/python3.10/site-packages/pip/_vendor/cachecontrol/caches/__pycache__) by extension 'cmake'
[0.490s] Level 1:colcon.colcon_core.package_identification:_identify(dev_spade/lib/python3.10/site-packages/pip/_vendor/cachecontrol/caches/__pycache__) by extension 'python'
[0.490s] Level 1:colcon.colcon_core.package_identification:_identify(dev_spade/lib/python3.10/site-packages/pip/_vendor/cachecontrol/caches/__pycache__) by extensions ['python_setup_py']
[0.490s] Level 1:colcon.colcon_core.package_identification:_identify(dev_spade/lib/python3.10/site-packages/pip/_vendor/cachecontrol/caches/__pycache__) by extension 'python_setup_py'
[0.491s] Level 1:colcon.colcon_core.package_identification:_identify(dev_spade/lib/python3.10/site-packages/pip/_vendor/certifi) by extensions ['ignore', 'ignore_ament_install']
[0.491s] Level 1:colcon.colcon_core.package_identification:_identify(dev_spade/lib/python3.10/site-packages/pip/_vendor/certifi) by extension 'ignore'
[0.491s] Level 1:colcon.colcon_core.package_identification:_identify(dev_spade/lib/python3.10/site-packages/pip/_vendor/certifi) by extension 'ignore_ament_install'
[0.491s] Level 1:colcon.colcon_core.package_identification:_identify(dev_spade/lib/python3.10/site-packages/pip/_vendor/certifi) by extensions ['colcon_pkg']
[0.491s] Level 1:colcon.colcon_core.package_identification:_identify(dev_spade/lib/python3.10/site-packages/pip/_vendor/certifi) by extension 'colcon_pkg'
[0.491s] Level 1:colcon.colcon_core.package_identification:_identify(dev_spade/lib/python3.10/site-packages/pip/_vendor/certifi) by extensions ['colcon_meta']
[0.491s] Level 1:colcon.colcon_core.package_identification:_identify(dev_spade/lib/python3.10/site-packages/pip/_vendor/certifi) by extension 'colcon_meta'
[0.491s] Level 1:colcon.colcon_core.package_identification:_identify(dev_spade/lib/python3.10/site-packages/pip/_vendor/certifi) by extensions ['ros']
[0.491s] Level 1:colcon.colcon_core.package_identification:_identify(dev_spade/lib/python3.10/site-packages/pip/_vendor/certifi) by extension 'ros'
[0.491s] Level 1:colcon.colcon_core.package_identification:_identify(dev_spade/lib/python3.10/site-packages/pip/_vendor/certifi) by extensions ['cmake', 'python']
[0.491s] Level 1:colcon.colcon_core.package_identification:_identify(dev_spade/lib/python3.10/site-packages/pip/_vendor/certifi) by extension 'cmake'
[0.491s] Level 1:colcon.colcon_core.package_identification:_identify(dev_spade/lib/python3.10/site-packages/pip/_vendor/certifi) by extension 'python'
[0.491s] Level 1:colcon.colcon_core.package_identification:_identify(dev_spade/lib/python3.10/site-packages/pip/_vendor/certifi) by extensions ['python_setup_py']
[0.491s] Level 1:colcon.colcon_core.package_identification:_identify(dev_spade/lib/python3.10/site-packages/pip/_vendor/certifi) by extension 'python_setup_py'
[0.492s] Level 1:colcon.colcon_core.package_identification:_identify(dev_spade/lib/python3.10/site-packages/pip/_vendor/certifi/__pycache__) by extensions ['ignore', 'ignore_ament_install']
[0.492s] Level 1:colcon.colcon_core.package_identification:_identify(dev_spade/lib/python3.10/site-packages/pip/_vendor/certifi/__pycache__) by extension 'ignore'
[0.492s] Level 1:colcon.colcon_core.package_identification:_identify(dev_spade/lib/python3.10/site-packages/pip/_vendor/certifi/__pycache__) by extension 'ignore_ament_install'
[0.492s] Level 1:colcon.colcon_core.package_identification:_identify(dev_spade/lib/python3.10/site-packages/pip/_vendor/certifi/__pycache__) by extensions ['colcon_pkg']
[0.492s] Level 1:colcon.colcon_core.package_identification:_identify(dev_spade/lib/python3.10/site-packages/pip/_vendor/certifi/__pycache__) by extension 'colcon_pkg'
[0.492s] Level 1:colcon.colcon_core.package_identification:_identify(dev_spade/lib/python3.10/site-packages/pip/_vendor/certifi/__pycache__) by extensions ['colcon_meta']
[0.492s] Level 1:colcon.colcon_core.package_identification:_identify(dev_spade/lib/python3.10/site-packages/pip/_vendor/certifi/__pycache__) by extension 'colcon_meta'
[0.492s] Level 1:colcon.colcon_core.package_identification:_identify(dev_spade/lib/python3.10/site-packages/pip/_vendor/certifi/__pycache__) by extensions ['ros']
[0.492s] Level 1:colcon.colcon_core.package_identification:_identify(dev_spade/lib/python3.10/site-packages/pip/_vendor/certifi/__pycache__) by extension 'ros'
[0.492s] Level 1:colcon.colcon_core.package_identification:_identify(dev_spade/lib/python3.10/site-packages/pip/_vendor/certifi/__pycache__) by extensions ['cmake', 'python']
[0.492s] Level 1:colcon.colcon_core.package_identification:_identify(dev_spade/lib/python3.10/site-packages/pip/_vendor/certifi/__pycache__) by extension 'cmake'
[0.492s] Level 1:colcon.colcon_core.package_identification:_identify(dev_spade/lib/python3.10/site-packages/pip/_vendor/certifi/__pycache__) by extension 'python'
[0.492s] Level 1:colcon.colcon_core.package_identification:_identify(dev_spade/lib/python3.10/site-packages/pip/_vendor/certifi/__pycache__) by extensions ['python_setup_py']
[0.492s] Level 1:colcon.colcon_core.package_identification:_identify(dev_spade/lib/python3.10/site-packages/pip/_vendor/certifi/__pycache__) by extension 'python_setup_py'
[0.493s] Level 1:colcon.colcon_core.package_identification:_identify(dev_spade/lib/python3.10/site-packages/pip/_vendor/chardet) by extensions ['ignore', 'ignore_ament_install']
[0.493s] Level 1:colcon.colcon_core.package_identification:_identify(dev_spade/lib/python3.10/site-packages/pip/_vendor/chardet) by extension 'ignore'
[0.493s] Level 1:colcon.colcon_core.package_identification:_identify(dev_spade/lib/python3.10/site-packages/pip/_vendor/chardet) by extension 'ignore_ament_install'
[0.493s] Level 1:colcon.colcon_core.package_identification:_identify(dev_spade/lib/python3.10/site-packages/pip/_vendor/chardet) by extensions ['colcon_pkg']
[0.493s] Level 1:colcon.colcon_core.package_identification:_identify(dev_spade/lib/python3.10/site-packages/pip/_vendor/chardet) by extension 'colcon_pkg'
[0.493s] Level 1:colcon.colcon_core.package_identification:_identify(dev_spade/lib/python3.10/site-packages/pip/_vendor/chardet) by extensions ['colcon_meta']
[0.493s] Level 1:colcon.colcon_core.package_identification:_identify(dev_spade/lib/python3.10/site-packages/pip/_vendor/chardet) by extension 'colcon_meta'
[0.493s] Level 1:colcon.colcon_core.package_identification:_identify(dev_spade/lib/python3.10/site-packages/pip/_vendor/chardet) by extensions ['ros']
[0.493s] Level 1:colcon.colcon_core.package_identification:_identify(dev_spade/lib/python3.10/site-packages/pip/_vendor/chardet) by extension 'ros'
[0.493s] Level 1:colcon.colcon_core.package_identification:_identify(dev_spade/lib/python3.10/site-packages/pip/_vendor/chardet) by extensions ['cmake', 'python']
[0.493s] Level 1:colcon.colcon_core.package_identification:_identify(dev_spade/lib/python3.10/site-packages/pip/_vendor/chardet) by extension 'cmake'
[0.493s] Level 1:colcon.colcon_core.package_identification:_identify(dev_spade/lib/python3.10/site-packages/pip/_vendor/chardet) by extension 'python'
[0.493s] Level 1:colcon.colcon_core.package_identification:_identify(dev_spade/lib/python3.10/site-packages/pip/_vendor/chardet) by extensions ['python_setup_py']
[0.493s] Level 1:colcon.colcon_core.package_identification:_identify(dev_spade/lib/python3.10/site-packages/pip/_vendor/chardet) by extension 'python_setup_py'
[0.494s] Level 1:colcon.colcon_core.package_identification:_identify(dev_spade/lib/python3.10/site-packages/pip/_vendor/chardet/__pycache__) by extensions ['ignore', 'ignore_ament_install']
[0.494s] Level 1:colcon.colcon_core.package_identification:_identify(dev_spade/lib/python3.10/site-packages/pip/_vendor/chardet/__pycache__) by extension 'ignore'
[0.494s] Level 1:colcon.colcon_core.package_identification:_identify(dev_spade/lib/python3.10/site-packages/pip/_vendor/chardet/__pycache__) by extension 'ignore_ament_install'
[0.494s] Level 1:colcon.colcon_core.package_identification:_identify(dev_spade/lib/python3.10/site-packages/pip/_vendor/chardet/__pycache__) by extensions ['colcon_pkg']
[0.494s] Level 1:colcon.colcon_core.package_identification:_identify(dev_spade/lib/python3.10/site-packages/pip/_vendor/chardet/__pycache__) by extension 'colcon_pkg'
[0.494s] Level 1:colcon.colcon_core.package_identification:_identify(dev_spade/lib/python3.10/site-packages/pip/_vendor/chardet/__pycache__) by extensions ['colcon_meta']
[0.494s] Level 1:colcon.colcon_core.package_identification:_identify(dev_spade/lib/python3.10/site-packages/pip/_vendor/chardet/__pycache__) by extension 'colcon_meta'
[0.494s] Level 1:colcon.colcon_core.package_identification:_identify(dev_spade/lib/python3.10/site-packages/pip/_vendor/chardet/__pycache__) by extensions ['ros']
[0.494s] Level 1:colcon.colcon_core.package_identification:_identify(dev_spade/lib/python3.10/site-packages/pip/_vendor/chardet/__pycache__) by extension 'ros'
[0.494s] Level 1:colcon.colcon_core.package_identification:_identify(dev_spade/lib/python3.10/site-packages/pip/_vendor/chardet/__pycache__) by extensions ['cmake', 'python']
[0.494s] Level 1:colcon.colcon_core.package_identification:_identify(dev_spade/lib/python3.10/site-packages/pip/_vendor/chardet/__pycache__) by extension 'cmake'
[0.494s] Level 1:colcon.colcon_core.package_identification:_identify(dev_spade/lib/python3.10/site-packages/pip/_vendor/chardet/__pycache__) by extension 'python'
[0.494s] Level 1:colcon.colcon_core.package_identification:_identify(dev_spade/lib/python3.10/site-packages/pip/_vendor/chardet/__pycache__) by extensions ['python_setup_py']
[0.494s] Level 1:colcon.colcon_core.package_identification:_identify(dev_spade/lib/python3.10/site-packages/pip/_vendor/chardet/__pycache__) by extension 'python_setup_py'
[0.494s] Level 1:colcon.colcon_core.package_identification:_identify(dev_spade/lib/python3.10/site-packages/pip/_vendor/chardet/cli) by extensions ['ignore', 'ignore_ament_install']
[0.495s] Level 1:colcon.colcon_core.package_identification:_identify(dev_spade/lib/python3.10/site-packages/pip/_vendor/chardet/cli) by extension 'ignore'
[0.495s] Level 1:colcon.colcon_core.package_identification:_identify(dev_spade/lib/python3.10/site-packages/pip/_vendor/chardet/cli) by extension 'ignore_ament_install'
[0.495s] Level 1:colcon.colcon_core.package_identification:_identify(dev_spade/lib/python3.10/site-packages/pip/_vendor/chardet/cli) by extensions ['colcon_pkg']
[0.495s] Level 1:colcon.colcon_core.package_identification:_identify(dev_spade/lib/python3.10/site-packages/pip/_vendor/chardet/cli) by extension 'colcon_pkg'
[0.495s] Level 1:colcon.colcon_core.package_identification:_identify(dev_spade/lib/python3.10/site-packages/pip/_vendor/chardet/cli) by extensions ['colcon_meta']
[0.495s] Level 1:colcon.colcon_core.package_identification:_identify(dev_spade/lib/python3.10/site-packages/pip/_vendor/chardet/cli) by extension 'colcon_meta'
[0.495s] Level 1:colcon.colcon_core.package_identification:_identify(dev_spade/lib/python3.10/site-packages/pip/_vendor/chardet/cli) by extensions ['ros']
[0.495s] Level 1:colcon.colcon_core.package_identification:_identify(dev_spade/lib/python3.10/site-packages/pip/_vendor/chardet/cli) by extension 'ros'
[0.495s] Level 1:colcon.colcon_core.package_identification:_identify(dev_spade/lib/python3.10/site-packages/pip/_vendor/chardet/cli) by extensions ['cmake', 'python']
[0.495s] Level 1:colcon.colcon_core.package_identification:_identify(dev_spade/lib/python3.10/site-packages/pip/_vendor/chardet/cli) by extension 'cmake'
[0.495s] Level 1:colcon.colcon_core.package_identification:_identify(dev_spade/lib/python3.10/site-packages/pip/_vendor/chardet/cli) by extension 'python'
[0.495s] Level 1:colcon.colcon_core.package_identification:_identify(dev_spade/lib/python3.10/site-packages/pip/_vendor/chardet/cli) by extensions ['python_setup_py']
[0.495s] Level 1:colcon.colcon_core.package_identification:_identify(dev_spade/lib/python3.10/site-packages/pip/_vendor/chardet/cli) by extension 'python_setup_py'
[0.495s] Level 1:colcon.colcon_core.package_identification:_identify(dev_spade/lib/python3.10/site-packages/pip/_vendor/chardet/cli/__pycache__) by extensions ['ignore', 'ignore_ament_install']
[0.495s] Level 1:colcon.colcon_core.package_identification:_identify(dev_spade/lib/python3.10/site-packages/pip/_vendor/chardet/cli/__pycache__) by extension 'ignore'
[0.495s] Level 1:colcon.colcon_core.package_identification:_identify(dev_spade/lib/python3.10/site-packages/pip/_vendor/chardet/cli/__pycache__) by extension 'ignore_ament_install'
[0.496s] Level 1:colcon.colcon_core.package_identification:_identify(dev_spade/lib/python3.10/site-packages/pip/_vendor/chardet/cli/__pycache__) by extensions ['colcon_pkg']
[0.496s] Level 1:colcon.colcon_core.package_identification:_identify(dev_spade/lib/python3.10/site-packages/pip/_vendor/chardet/cli/__pycache__) by extension 'colcon_pkg'
[0.496s] Level 1:colcon.colcon_core.package_identification:_identify(dev_spade/lib/python3.10/site-packages/pip/_vendor/chardet/cli/__pycache__) by extensions ['colcon_meta']
[0.496s] Level 1:colcon.colcon_core.package_identification:_identify(dev_spade/lib/python3.10/site-packages/pip/_vendor/chardet/cli/__pycache__) by extension 'colcon_meta'
[0.496s] Level 1:colcon.colcon_core.package_identification:_identify(dev_spade/lib/python3.10/site-packages/pip/_vendor/chardet/cli/__pycache__) by extensions ['ros']
[0.496s] Level 1:colcon.colcon_core.package_identification:_identify(dev_spade/lib/python3.10/site-packages/pip/_vendor/chardet/cli/__pycache__) by extension 'ros'
[0.496s] Level 1:colcon.colcon_core.package_identification:_identify(dev_spade/lib/python3.10/site-packages/pip/_vendor/chardet/cli/__pycache__) by extensions ['cmake', 'python']
[0.496s] Level 1:colcon.colcon_core.package_identification:_identify(dev_spade/lib/python3.10/site-packages/pip/_vendor/chardet/cli/__pycache__) by extension 'cmake'
[0.496s] Level 1:colcon.colcon_core.package_identification:_identify(dev_spade/lib/python3.10/site-packages/pip/_vendor/chardet/cli/__pycache__) by extension 'python'
[0.496s] Level 1:colcon.colcon_core.package_identification:_identify(dev_spade/lib/python3.10/site-packages/pip/_vendor/chardet/cli/__pycache__) by extensions ['python_setup_py']
[0.496s] Level 1:colcon.colcon_core.package_identification:_identify(dev_spade/lib/python3.10/site-packages/pip/_vendor/chardet/cli/__pycache__) by extension 'python_setup_py'
[0.496s] Level 1:colcon.colcon_core.package_identification:_identify(dev_spade/lib/python3.10/site-packages/pip/_vendor/chardet/metadata) by extensions ['ignore', 'ignore_ament_install']
[0.497s] Level 1:colcon.colcon_core.package_identification:_identify(dev_spade/lib/python3.10/site-packages/pip/_vendor/chardet/metadata) by extension 'ignore'
[0.497s] Level 1:colcon.colcon_core.package_identification:_identify(dev_spade/lib/python3.10/site-packages/pip/_vendor/chardet/metadata) by extension 'ignore_ament_install'
[0.497s] Level 1:colcon.colcon_core.package_identification:_identify(dev_spade/lib/python3.10/site-packages/pip/_vendor/chardet/metadata) by extensions ['colcon_pkg']
[0.497s] Level 1:colcon.colcon_core.package_identification:_identify(dev_spade/lib/python3.10/site-packages/pip/_vendor/chardet/metadata) by extension 'colcon_pkg'
[0.497s] Level 1:colcon.colcon_core.package_identification:_identify(dev_spade/lib/python3.10/site-packages/pip/_vendor/chardet/metadata) by extensions ['colcon_meta']
[0.497s] Level 1:colcon.colcon_core.package_identification:_identify(dev_spade/lib/python3.10/site-packages/pip/_vendor/chardet/metadata) by extension 'colcon_meta'
[0.497s] Level 1:colcon.colcon_core.package_identification:_identify(dev_spade/lib/python3.10/site-packages/pip/_vendor/chardet/metadata) by extensions ['ros']
[0.497s] Level 1:colcon.colcon_core.package_identification:_identify(dev_spade/lib/python3.10/site-packages/pip/_vendor/chardet/metadata) by extension 'ros'
[0.497s] Level 1:colcon.colcon_core.package_identification:_identify(dev_spade/lib/python3.10/site-packages/pip/_vendor/chardet/metadata) by extensions ['cmake', 'python']
[0.497s] Level 1:colcon.colcon_core.package_identification:_identify(dev_spade/lib/python3.10/site-packages/pip/_vendor/chardet/metadata) by extension 'cmake'
[0.497s] Level 1:colcon.colcon_core.package_identification:_identify(dev_spade/lib/python3.10/site-packages/pip/_vendor/chardet/metadata) by extension 'python'
[0.497s] Level 1:colcon.colcon_core.package_identification:_identify(dev_spade/lib/python3.10/site-packages/pip/_vendor/chardet/metadata) by extensions ['python_setup_py']
[0.497s] Level 1:colcon.colcon_core.package_identification:_identify(dev_spade/lib/python3.10/site-packages/pip/_vendor/chardet/metadata) by extension 'python_setup_py'
[0.497s] Level 1:colcon.colcon_core.package_identification:_identify(dev_spade/lib/python3.10/site-packages/pip/_vendor/chardet/metadata/__pycache__) by extensions ['ignore', 'ignore_ament_install']
[0.497s] Level 1:colcon.colcon_core.package_identification:_identify(dev_spade/lib/python3.10/site-packages/pip/_vendor/chardet/metadata/__pycache__) by extension 'ignore'
[0.497s] Level 1:colcon.colcon_core.package_identification:_identify(dev_spade/lib/python3.10/site-packages/pip/_vendor/chardet/metadata/__pycache__) by extension 'ignore_ament_install'
[0.497s] Level 1:colcon.colcon_core.package_identification:_identify(dev_spade/lib/python3.10/site-packages/pip/_vendor/chardet/metadata/__pycache__) by extensions ['colcon_pkg']
[0.498s] Level 1:colcon.colcon_core.package_identification:_identify(dev_spade/lib/python3.10/site-packages/pip/_vendor/chardet/metadata/__pycache__) by extension 'colcon_pkg'
[0.498s] Level 1:colcon.colcon_core.package_identification:_identify(dev_spade/lib/python3.10/site-packages/pip/_vendor/chardet/metadata/__pycache__) by extensions ['colcon_meta']
[0.498s] Level 1:colcon.colcon_core.package_identification:_identify(dev_spade/lib/python3.10/site-packages/pip/_vendor/chardet/metadata/__pycache__) by extension 'colcon_meta'
[0.498s] Level 1:colcon.colcon_core.package_identification:_identify(dev_spade/lib/python3.10/site-packages/pip/_vendor/chardet/metadata/__pycache__) by extensions ['ros']
[0.498s] Level 1:colcon.colcon_core.package_identification:_identify(dev_spade/lib/python3.10/site-packages/pip/_vendor/chardet/metadata/__pycache__) by extension 'ros'
[0.498s] Level 1:colcon.colcon_core.package_identification:_identify(dev_spade/lib/python3.10/site-packages/pip/_vendor/chardet/metadata/__pycache__) by extensions ['cmake', 'python']
[0.498s] Level 1:colcon.colcon_core.package_identification:_identify(dev_spade/lib/python3.10/site-packages/pip/_vendor/chardet/metadata/__pycache__) by extension 'cmake'
[0.498s] Level 1:colcon.colcon_core.package_identification:_identify(dev_spade/lib/python3.10/site-packages/pip/_vendor/chardet/metadata/__pycache__) by extension 'python'
[0.498s] Level 1:colcon.colcon_core.package_identification:_identify(dev_spade/lib/python3.10/site-packages/pip/_vendor/chardet/metadata/__pycache__) by extensions ['python_setup_py']
[0.498s] Level 1:colcon.colcon_core.package_identification:_identify(dev_spade/lib/python3.10/site-packages/pip/_vendor/chardet/metadata/__pycache__) by extension 'python_setup_py'
[0.498s] Level 1:colcon.colcon_core.package_identification:_identify(dev_spade/lib/python3.10/site-packages/pip/_vendor/colorama) by extensions ['ignore', 'ignore_ament_install']
[0.498s] Level 1:colcon.colcon_core.package_identification:_identify(dev_spade/lib/python3.10/site-packages/pip/_vendor/colorama) by extension 'ignore'
[0.498s] Level 1:colcon.colcon_core.package_identification:_identify(dev_spade/lib/python3.10/site-packages/pip/_vendor/colorama) by extension 'ignore_ament_install'
[0.498s] Level 1:colcon.colcon_core.package_identification:_identify(dev_spade/lib/python3.10/site-packages/pip/_vendor/colorama) by extensions ['colcon_pkg']
[0.498s] Level 1:colcon.colcon_core.package_identification:_identify(dev_spade/lib/python3.10/site-packages/pip/_vendor/colorama) by extension 'colcon_pkg'
[0.498s] Level 1:colcon.colcon_core.package_identification:_identify(dev_spade/lib/python3.10/site-packages/pip/_vendor/colorama) by extensions ['colcon_meta']
[0.498s] Level 1:colcon.colcon_core.package_identification:_identify(dev_spade/lib/python3.10/site-packages/pip/_vendor/colorama) by extension 'colcon_meta'
[0.498s] Level 1:colcon.colcon_core.package_identification:_identify(dev_spade/lib/python3.10/site-packages/pip/_vendor/colorama) by extensions ['ros']
[0.498s] Level 1:colcon.colcon_core.package_identification:_identify(dev_spade/lib/python3.10/site-packages/pip/_vendor/colorama) by extension 'ros'
[0.498s] Level 1:colcon.colcon_core.package_identification:_identify(dev_spade/lib/python3.10/site-packages/pip/_vendor/colorama) by extensions ['cmake', 'python']
[0.499s] Level 1:colcon.colcon_core.package_identification:_identify(dev_spade/lib/python3.10/site-packages/pip/_vendor/colorama) by extension 'cmake'
[0.499s] Level 1:colcon.colcon_core.package_identification:_identify(dev_spade/lib/python3.10/site-packages/pip/_vendor/colorama) by extension 'python'
[0.499s] Level 1:colcon.colcon_core.package_identification:_identify(dev_spade/lib/python3.10/site-packages/pip/_vendor/colorama) by extensions ['python_setup_py']
[0.499s] Level 1:colcon.colcon_core.package_identification:_identify(dev_spade/lib/python3.10/site-packages/pip/_vendor/colorama) by extension 'python_setup_py'
[0.499s] Level 1:colcon.colcon_core.package_identification:_identify(dev_spade/lib/python3.10/site-packages/pip/_vendor/colorama/__pycache__) by extensions ['ignore', 'ignore_ament_install']
[0.499s] Level 1:colcon.colcon_core.package_identification:_identify(dev_spade/lib/python3.10/site-packages/pip/_vendor/colorama/__pycache__) by extension 'ignore'
[0.499s] Level 1:colcon.colcon_core.package_identification:_identify(dev_spade/lib/python3.10/site-packages/pip/_vendor/colorama/__pycache__) by extension 'ignore_ament_install'
[0.499s] Level 1:colcon.colcon_core.package_identification:_identify(dev_spade/lib/python3.10/site-packages/pip/_vendor/colorama/__pycache__) by extensions ['colcon_pkg']
[0.499s] Level 1:colcon.colcon_core.package_identification:_identify(dev_spade/lib/python3.10/site-packages/pip/_vendor/colorama/__pycache__) by extension 'colcon_pkg'
[0.499s] Level 1:colcon.colcon_core.package_identification:_identify(dev_spade/lib/python3.10/site-packages/pip/_vendor/colorama/__pycache__) by extensions ['colcon_meta']
[0.499s] Level 1:colcon.colcon_core.package_identification:_identify(dev_spade/lib/python3.10/site-packages/pip/_vendor/colorama/__pycache__) by extension 'colcon_meta'
[0.499s] Level 1:colcon.colcon_core.package_identification:_identify(dev_spade/lib/python3.10/site-packages/pip/_vendor/colorama/__pycache__) by extensions ['ros']
[0.499s] Level 1:colcon.colcon_core.package_identification:_identify(dev_spade/lib/python3.10/site-packages/pip/_vendor/colorama/__pycache__) by extension 'ros'
[0.499s] Level 1:colcon.colcon_core.package_identification:_identify(dev_spade/lib/python3.10/site-packages/pip/_vendor/colorama/__pycache__) by extensions ['cmake', 'python']
[0.499s] Level 1:colcon.colcon_core.package_identification:_identify(dev_spade/lib/python3.10/site-packages/pip/_vendor/colorama/__pycache__) by extension 'cmake'
[0.499s] Level 1:colcon.colcon_core.package_identification:_identify(dev_spade/lib/python3.10/site-packages/pip/_vendor/colorama/__pycache__) by extension 'python'
[0.499s] Level 1:colcon.colcon_core.package_identification:_identify(dev_spade/lib/python3.10/site-packages/pip/_vendor/colorama/__pycache__) by extensions ['python_setup_py']
[0.499s] Level 1:colcon.colcon_core.package_identification:_identify(dev_spade/lib/python3.10/site-packages/pip/_vendor/colorama/__pycache__) by extension 'python_setup_py'
[0.500s] Level 1:colcon.colcon_core.package_identification:_identify(dev_spade/lib/python3.10/site-packages/pip/_vendor/distlib) by extensions ['ignore', 'ignore_ament_install']
[0.500s] Level 1:colcon.colcon_core.package_identification:_identify(dev_spade/lib/python3.10/site-packages/pip/_vendor/distlib) by extension 'ignore'
[0.500s] Level 1:colcon.colcon_core.package_identification:_identify(dev_spade/lib/python3.10/site-packages/pip/_vendor/distlib) by extension 'ignore_ament_install'
[0.500s] Level 1:colcon.colcon_core.package_identification:_identify(dev_spade/lib/python3.10/site-packages/pip/_vendor/distlib) by extensions ['colcon_pkg']
[0.500s] Level 1:colcon.colcon_core.package_identification:_identify(dev_spade/lib/python3.10/site-packages/pip/_vendor/distlib) by extension 'colcon_pkg'
[0.500s] Level 1:colcon.colcon_core.package_identification:_identify(dev_spade/lib/python3.10/site-packages/pip/_vendor/distlib) by extensions ['colcon_meta']
[0.500s] Level 1:colcon.colcon_core.package_identification:_identify(dev_spade/lib/python3.10/site-packages/pip/_vendor/distlib) by extension 'colcon_meta'
[0.500s] Level 1:colcon.colcon_core.package_identification:_identify(dev_spade/lib/python3.10/site-packages/pip/_vendor/distlib) by extensions ['ros']
[0.500s] Level 1:colcon.colcon_core.package_identification:_identify(dev_spade/lib/python3.10/site-packages/pip/_vendor/distlib) by extension 'ros'
[0.500s] Level 1:colcon.colcon_core.package_identification:_identify(dev_spade/lib/python3.10/site-packages/pip/_vendor/distlib) by extensions ['cmake', 'python']
[0.500s] Level 1:colcon.colcon_core.package_identification:_identify(dev_spade/lib/python3.10/site-packages/pip/_vendor/distlib) by extension 'cmake'
[0.500s] Level 1:colcon.colcon_core.package_identification:_identify(dev_spade/lib/python3.10/site-packages/pip/_vendor/distlib) by extension 'python'
[0.500s] Level 1:colcon.colcon_core.package_identification:_identify(dev_spade/lib/python3.10/site-packages/pip/_vendor/distlib) by extensions ['python_setup_py']
[0.500s] Level 1:colcon.colcon_core.package_identification:_identify(dev_spade/lib/python3.10/site-packages/pip/_vendor/distlib) by extension 'python_setup_py'
[0.500s] Level 1:colcon.colcon_core.package_identification:_identify(dev_spade/lib/python3.10/site-packages/pip/_vendor/distlib/__pycache__) by extensions ['ignore', 'ignore_ament_install']
[0.500s] Level 1:colcon.colcon_core.package_identification:_identify(dev_spade/lib/python3.10/site-packages/pip/_vendor/distlib/__pycache__) by extension 'ignore'
[0.500s] Level 1:colcon.colcon_core.package_identification:_identify(dev_spade/lib/python3.10/site-packages/pip/_vendor/distlib/__pycache__) by extension 'ignore_ament_install'
[0.500s] Level 1:colcon.colcon_core.package_identification:_identify(dev_spade/lib/python3.10/site-packages/pip/_vendor/distlib/__pycache__) by extensions ['colcon_pkg']
[0.500s] Level 1:colcon.colcon_core.package_identification:_identify(dev_spade/lib/python3.10/site-packages/pip/_vendor/distlib/__pycache__) by extension 'colcon_pkg'
[0.501s] Level 1:colcon.colcon_core.package_identification:_identify(dev_spade/lib/python3.10/site-packages/pip/_vendor/distlib/__pycache__) by extensions ['colcon_meta']
[0.501s] Level 1:colcon.colcon_core.package_identification:_identify(dev_spade/lib/python3.10/site-packages/pip/_vendor/distlib/__pycache__) by extension 'colcon_meta'
[0.501s] Level 1:colcon.colcon_core.package_identification:_identify(dev_spade/lib/python3.10/site-packages/pip/_vendor/distlib/__pycache__) by extensions ['ros']
[0.501s] Level 1:colcon.colcon_core.package_identification:_identify(dev_spade/lib/python3.10/site-packages/pip/_vendor/distlib/__pycache__) by extension 'ros'
[0.501s] Level 1:colcon.colcon_core.package_identification:_identify(dev_spade/lib/python3.10/site-packages/pip/_vendor/distlib/__pycache__) by extensions ['cmake', 'python']
[0.501s] Level 1:colcon.colcon_core.package_identification:_identify(dev_spade/lib/python3.10/site-packages/pip/_vendor/distlib/__pycache__) by extension 'cmake'
[0.501s] Level 1:colcon.colcon_core.package_identification:_identify(dev_spade/lib/python3.10/site-packages/pip/_vendor/distlib/__pycache__) by extension 'python'
[0.501s] Level 1:colcon.colcon_core.package_identification:_identify(dev_spade/lib/python3.10/site-packages/pip/_vendor/distlib/__pycache__) by extensions ['python_setup_py']
[0.501s] Level 1:colcon.colcon_core.package_identification:_identify(dev_spade/lib/python3.10/site-packages/pip/_vendor/distlib/__pycache__) by extension 'python_setup_py'
[0.501s] Level 1:colcon.colcon_core.package_identification:_identify(dev_spade/lib/python3.10/site-packages/pip/_vendor/html5lib) by extensions ['ignore', 'ignore_ament_install']
[0.501s] Level 1:colcon.colcon_core.package_identification:_identify(dev_spade/lib/python3.10/site-packages/pip/_vendor/html5lib) by extension 'ignore'
[0.501s] Level 1:colcon.colcon_core.package_identification:_identify(dev_spade/lib/python3.10/site-packages/pip/_vendor/html5lib) by extension 'ignore_ament_install'
[0.501s] Level 1:colcon.colcon_core.package_identification:_identify(dev_spade/lib/python3.10/site-packages/pip/_vendor/html5lib) by extensions ['colcon_pkg']
[0.501s] Level 1:colcon.colcon_core.package_identification:_identify(dev_spade/lib/python3.10/site-packages/pip/_vendor/html5lib) by extension 'colcon_pkg'
[0.501s] Level 1:colcon.colcon_core.package_identification:_identify(dev_spade/lib/python3.10/site-packages/pip/_vendor/html5lib) by extensions ['colcon_meta']
[0.501s] Level 1:colcon.colcon_core.package_identification:_identify(dev_spade/lib/python3.10/site-packages/pip/_vendor/html5lib) by extension 'colcon_meta'
[0.501s] Level 1:colcon.colcon_core.package_identification:_identify(dev_spade/lib/python3.10/site-packages/pip/_vendor/html5lib) by extensions ['ros']
[0.501s] Level 1:colcon.colcon_core.package_identification:_identify(dev_spade/lib/python3.10/site-packages/pip/_vendor/html5lib) by extension 'ros'
[0.501s] Level 1:colcon.colcon_core.package_identification:_identify(dev_spade/lib/python3.10/site-packages/pip/_vendor/html5lib) by extensions ['cmake', 'python']
[0.501s] Level 1:colcon.colcon_core.package_identification:_identify(dev_spade/lib/python3.10/site-packages/pip/_vendor/html5lib) by extension 'cmake'
[0.501s] Level 1:colcon.colcon_core.package_identification:_identify(dev_spade/lib/python3.10/site-packages/pip/_vendor/html5lib) by extension 'python'
[0.501s] Level 1:colcon.colcon_core.package_identification:_identify(dev_spade/lib/python3.10/site-packages/pip/_vendor/html5lib) by extensions ['python_setup_py']
[0.502s] Level 1:colcon.colcon_core.package_identification:_identify(dev_spade/lib/python3.10/site-packages/pip/_vendor/html5lib) by extension 'python_setup_py'
[0.502s] Level 1:colcon.colcon_core.package_identification:_identify(dev_spade/lib/python3.10/site-packages/pip/_vendor/html5lib/__pycache__) by extensions ['ignore', 'ignore_ament_install']
[0.502s] Level 1:colcon.colcon_core.package_identification:_identify(dev_spade/lib/python3.10/site-packages/pip/_vendor/html5lib/__pycache__) by extension 'ignore'
[0.502s] Level 1:colcon.colcon_core.package_identification:_identify(dev_spade/lib/python3.10/site-packages/pip/_vendor/html5lib/__pycache__) by extension 'ignore_ament_install'
[0.502s] Level 1:colcon.colcon_core.package_identification:_identify(dev_spade/lib/python3.10/site-packages/pip/_vendor/html5lib/__pycache__) by extensions ['colcon_pkg']
[0.502s] Level 1:colcon.colcon_core.package_identification:_identify(dev_spade/lib/python3.10/site-packages/pip/_vendor/html5lib/__pycache__) by extension 'colcon_pkg'
[0.502s] Level 1:colcon.colcon_core.package_identification:_identify(dev_spade/lib/python3.10/site-packages/pip/_vendor/html5lib/__pycache__) by extensions ['colcon_meta']
[0.502s] Level 1:colcon.colcon_core.package_identification:_identify(dev_spade/lib/python3.10/site-packages/pip/_vendor/html5lib/__pycache__) by extension 'colcon_meta'
[0.502s] Level 1:colcon.colcon_core.package_identification:_identify(dev_spade/lib/python3.10/site-packages/pip/_vendor/html5lib/__pycache__) by extensions ['ros']
[0.502s] Level 1:colcon.colcon_core.package_identification:_identify(dev_spade/lib/python3.10/site-packages/pip/_vendor/html5lib/__pycache__) by extension 'ros'
[0.502s] Level 1:colcon.colcon_core.package_identification:_identify(dev_spade/lib/python3.10/site-packages/pip/_vendor/html5lib/__pycache__) by extensions ['cmake', 'python']
[0.502s] Level 1:colcon.colcon_core.package_identification:_identify(dev_spade/lib/python3.10/site-packages/pip/_vendor/html5lib/__pycache__) by extension 'cmake'
[0.502s] Level 1:colcon.colcon_core.package_identification:_identify(dev_spade/lib/python3.10/site-packages/pip/_vendor/html5lib/__pycache__) by extension 'python'
[0.502s] Level 1:colcon.colcon_core.package_identification:_identify(dev_spade/lib/python3.10/site-packages/pip/_vendor/html5lib/__pycache__) by extensions ['python_setup_py']
[0.502s] Level 1:colcon.colcon_core.package_identification:_identify(dev_spade/lib/python3.10/site-packages/pip/_vendor/html5lib/__pycache__) by extension 'python_setup_py'
[0.502s] Level 1:colcon.colcon_core.package_identification:_identify(dev_spade/lib/python3.10/site-packages/pip/_vendor/html5lib/_trie) by extensions ['ignore', 'ignore_ament_install']
[0.503s] Level 1:colcon.colcon_core.package_identification:_identify(dev_spade/lib/python3.10/site-packages/pip/_vendor/html5lib/_trie) by extension 'ignore'
[0.503s] Level 1:colcon.colcon_core.package_identification:_identify(dev_spade/lib/python3.10/site-packages/pip/_vendor/html5lib/_trie) by extension 'ignore_ament_install'
[0.503s] Level 1:colcon.colcon_core.package_identification:_identify(dev_spade/lib/python3.10/site-packages/pip/_vendor/html5lib/_trie) by extensions ['colcon_pkg']
[0.503s] Level 1:colcon.colcon_core.package_identification:_identify(dev_spade/lib/python3.10/site-packages/pip/_vendor/html5lib/_trie) by extension 'colcon_pkg'
[0.503s] Level 1:colcon.colcon_core.package_identification:_identify(dev_spade/lib/python3.10/site-packages/pip/_vendor/html5lib/_trie) by extensions ['colcon_meta']
[0.503s] Level 1:colcon.colcon_core.package_identification:_identify(dev_spade/lib/python3.10/site-packages/pip/_vendor/html5lib/_trie) by extension 'colcon_meta'
[0.503s] Level 1:colcon.colcon_core.package_identification:_identify(dev_spade/lib/python3.10/site-packages/pip/_vendor/html5lib/_trie) by extensions ['ros']
[0.503s] Level 1:colcon.colcon_core.package_identification:_identify(dev_spade/lib/python3.10/site-packages/pip/_vendor/html5lib/_trie) by extension 'ros'
[0.503s] Level 1:colcon.colcon_core.package_identification:_identify(dev_spade/lib/python3.10/site-packages/pip/_vendor/html5lib/_trie) by extensions ['cmake', 'python']
[0.503s] Level 1:colcon.colcon_core.package_identification:_identify(dev_spade/lib/python3.10/site-packages/pip/_vendor/html5lib/_trie) by extension 'cmake'
[0.503s] Level 1:colcon.colcon_core.package_identification:_identify(dev_spade/lib/python3.10/site-packages/pip/_vendor/html5lib/_trie) by extension 'python'
[0.503s] Level 1:colcon.colcon_core.package_identification:_identify(dev_spade/lib/python3.10/site-packages/pip/_vendor/html5lib/_trie) by extensions ['python_setup_py']
[0.503s] Level 1:colcon.colcon_core.package_identification:_identify(dev_spade/lib/python3.10/site-packages/pip/_vendor/html5lib/_trie) by extension 'python_setup_py'
[0.503s] Level 1:colcon.colcon_core.package_identification:_identify(dev_spade/lib/python3.10/site-packages/pip/_vendor/html5lib/_trie/__pycache__) by extensions ['ignore', 'ignore_ament_install']
[0.503s] Level 1:colcon.colcon_core.package_identification:_identify(dev_spade/lib/python3.10/site-packages/pip/_vendor/html5lib/_trie/__pycache__) by extension 'ignore'
[0.503s] Level 1:colcon.colcon_core.package_identification:_identify(dev_spade/lib/python3.10/site-packages/pip/_vendor/html5lib/_trie/__pycache__) by extension 'ignore_ament_install'
[0.503s] Level 1:colcon.colcon_core.package_identification:_identify(dev_spade/lib/python3.10/site-packages/pip/_vendor/html5lib/_trie/__pycache__) by extensions ['colcon_pkg']
[0.503s] Level 1:colcon.colcon_core.package_identification:_identify(dev_spade/lib/python3.10/site-packages/pip/_vendor/html5lib/_trie/__pycache__) by extension 'colcon_pkg'
[0.503s] Level 1:colcon.colcon_core.package_identification:_identify(dev_spade/lib/python3.10/site-packages/pip/_vendor/html5lib/_trie/__pycache__) by extensions ['colcon_meta']
[0.503s] Level 1:colcon.colcon_core.package_identification:_identify(dev_spade/lib/python3.10/site-packages/pip/_vendor/html5lib/_trie/__pycache__) by extension 'colcon_meta'
[0.503s] Level 1:colcon.colcon_core.package_identification:_identify(dev_spade/lib/python3.10/site-packages/pip/_vendor/html5lib/_trie/__pycache__) by extensions ['ros']
[0.503s] Level 1:colcon.colcon_core.package_identification:_identify(dev_spade/lib/python3.10/site-packages/pip/_vendor/html5lib/_trie/__pycache__) by extension 'ros'
[0.504s] Level 1:colcon.colcon_core.package_identification:_identify(dev_spade/lib/python3.10/site-packages/pip/_vendor/html5lib/_trie/__pycache__) by extensions ['cmake', 'python']
[0.504s] Level 1:colcon.colcon_core.package_identification:_identify(dev_spade/lib/python3.10/site-packages/pip/_vendor/html5lib/_trie/__pycache__) by extension 'cmake'
[0.504s] Level 1:colcon.colcon_core.package_identification:_identify(dev_spade/lib/python3.10/site-packages/pip/_vendor/html5lib/_trie/__pycache__) by extension 'python'
[0.504s] Level 1:colcon.colcon_core.package_identification:_identify(dev_spade/lib/python3.10/site-packages/pip/_vendor/html5lib/_trie/__pycache__) by extensions ['python_setup_py']
[0.504s] Level 1:colcon.colcon_core.package_identification:_identify(dev_spade/lib/python3.10/site-packages/pip/_vendor/html5lib/_trie/__pycache__) by extension 'python_setup_py'
[0.504s] Level 1:colcon.colcon_core.package_identification:_identify(dev_spade/lib/python3.10/site-packages/pip/_vendor/html5lib/filters) by extensions ['ignore', 'ignore_ament_install']
[0.504s] Level 1:colcon.colcon_core.package_identification:_identify(dev_spade/lib/python3.10/site-packages/pip/_vendor/html5lib/filters) by extension 'ignore'
[0.504s] Level 1:colcon.colcon_core.package_identification:_identify(dev_spade/lib/python3.10/site-packages/pip/_vendor/html5lib/filters) by extension 'ignore_ament_install'
[0.504s] Level 1:colcon.colcon_core.package_identification:_identify(dev_spade/lib/python3.10/site-packages/pip/_vendor/html5lib/filters) by extensions ['colcon_pkg']
[0.504s] Level 1:colcon.colcon_core.package_identification:_identify(dev_spade/lib/python3.10/site-packages/pip/_vendor/html5lib/filters) by extension 'colcon_pkg'
[0.504s] Level 1:colcon.colcon_core.package_identification:_identify(dev_spade/lib/python3.10/site-packages/pip/_vendor/html5lib/filters) by extensions ['colcon_meta']
[0.504s] Level 1:colcon.colcon_core.package_identification:_identify(dev_spade/lib/python3.10/site-packages/pip/_vendor/html5lib/filters) by extension 'colcon_meta'
[0.504s] Level 1:colcon.colcon_core.package_identification:_identify(dev_spade/lib/python3.10/site-packages/pip/_vendor/html5lib/filters) by extensions ['ros']
[0.504s] Level 1:colcon.colcon_core.package_identification:_identify(dev_spade/lib/python3.10/site-packages/pip/_vendor/html5lib/filters) by extension 'ros'
[0.504s] Level 1:colcon.colcon_core.package_identification:_identify(dev_spade/lib/python3.10/site-packages/pip/_vendor/html5lib/filters) by extensions ['cmake', 'python']
[0.504s] Level 1:colcon.colcon_core.package_identification:_identify(dev_spade/lib/python3.10/site-packages/pip/_vendor/html5lib/filters) by extension 'cmake'
[0.504s] Level 1:colcon.colcon_core.package_identification:_identify(dev_spade/lib/python3.10/site-packages/pip/_vendor/html5lib/filters) by extension 'python'
[0.504s] Level 1:colcon.colcon_core.package_identification:_identify(dev_spade/lib/python3.10/site-packages/pip/_vendor/html5lib/filters) by extensions ['python_setup_py']
[0.504s] Level 1:colcon.colcon_core.package_identification:_identify(dev_spade/lib/python3.10/site-packages/pip/_vendor/html5lib/filters) by extension 'python_setup_py'
[0.505s] Level 1:colcon.colcon_core.package_identification:_identify(dev_spade/lib/python3.10/site-packages/pip/_vendor/html5lib/filters/__pycache__) by extensions ['ignore', 'ignore_ament_install']
[0.505s] Level 1:colcon.colcon_core.package_identification:_identify(dev_spade/lib/python3.10/site-packages/pip/_vendor/html5lib/filters/__pycache__) by extension 'ignore'
[0.505s] Level 1:colcon.colcon_core.package_identification:_identify(dev_spade/lib/python3.10/site-packages/pip/_vendor/html5lib/filters/__pycache__) by extension 'ignore_ament_install'
[0.505s] Level 1:colcon.colcon_core.package_identification:_identify(dev_spade/lib/python3.10/site-packages/pip/_vendor/html5lib/filters/__pycache__) by extensions ['colcon_pkg']
[0.505s] Level 1:colcon.colcon_core.package_identification:_identify(dev_spade/lib/python3.10/site-packages/pip/_vendor/html5lib/filters/__pycache__) by extension 'colcon_pkg'
[0.505s] Level 1:colcon.colcon_core.package_identification:_identify(dev_spade/lib/python3.10/site-packages/pip/_vendor/html5lib/filters/__pycache__) by extensions ['colcon_meta']
[0.505s] Level 1:colcon.colcon_core.package_identification:_identify(dev_spade/lib/python3.10/site-packages/pip/_vendor/html5lib/filters/__pycache__) by extension 'colcon_meta'
[0.505s] Level 1:colcon.colcon_core.package_identification:_identify(dev_spade/lib/python3.10/site-packages/pip/_vendor/html5lib/filters/__pycache__) by extensions ['ros']
[0.505s] Level 1:colcon.colcon_core.package_identification:_identify(dev_spade/lib/python3.10/site-packages/pip/_vendor/html5lib/filters/__pycache__) by extension 'ros'
[0.505s] Level 1:colcon.colcon_core.package_identification:_identify(dev_spade/lib/python3.10/site-packages/pip/_vendor/html5lib/filters/__pycache__) by extensions ['cmake', 'python']
[0.505s] Level 1:colcon.colcon_core.package_identification:_identify(dev_spade/lib/python3.10/site-packages/pip/_vendor/html5lib/filters/__pycache__) by extension 'cmake'
[0.505s] Level 1:colcon.colcon_core.package_identification:_identify(dev_spade/lib/python3.10/site-packages/pip/_vendor/html5lib/filters/__pycache__) by extension 'python'
[0.505s] Level 1:colcon.colcon_core.package_identification:_identify(dev_spade/lib/python3.10/site-packages/pip/_vendor/html5lib/filters/__pycache__) by extensions ['python_setup_py']
[0.505s] Level 1:colcon.colcon_core.package_identification:_identify(dev_spade/lib/python3.10/site-packages/pip/_vendor/html5lib/filters/__pycache__) by extension 'python_setup_py'
[0.506s] Level 1:colcon.colcon_core.package_identification:_identify(dev_spade/lib/python3.10/site-packages/pip/_vendor/html5lib/treeadapters) by extensions ['ignore', 'ignore_ament_install']
[0.506s] Level 1:colcon.colcon_core.package_identification:_identify(dev_spade/lib/python3.10/site-packages/pip/_vendor/html5lib/treeadapters) by extension 'ignore'
[0.506s] Level 1:colcon.colcon_core.package_identification:_identify(dev_spade/lib/python3.10/site-packages/pip/_vendor/html5lib/treeadapters) by extension 'ignore_ament_install'
[0.506s] Level 1:colcon.colcon_core.package_identification:_identify(dev_spade/lib/python3.10/site-packages/pip/_vendor/html5lib/treeadapters) by extensions ['colcon_pkg']
[0.506s] Level 1:colcon.colcon_core.package_identification:_identify(dev_spade/lib/python3.10/site-packages/pip/_vendor/html5lib/treeadapters) by extension 'colcon_pkg'
[0.506s] Level 1:colcon.colcon_core.package_identification:_identify(dev_spade/lib/python3.10/site-packages/pip/_vendor/html5lib/treeadapters) by extensions ['colcon_meta']
[0.506s] Level 1:colcon.colcon_core.package_identification:_identify(dev_spade/lib/python3.10/site-packages/pip/_vendor/html5lib/treeadapters) by extension 'colcon_meta'
[0.506s] Level 1:colcon.colcon_core.package_identification:_identify(dev_spade/lib/python3.10/site-packages/pip/_vendor/html5lib/treeadapters) by extensions ['ros']
[0.506s] Level 1:colcon.colcon_core.package_identification:_identify(dev_spade/lib/python3.10/site-packages/pip/_vendor/html5lib/treeadapters) by extension 'ros'
[0.506s] Level 1:colcon.colcon_core.package_identification:_identify(dev_spade/lib/python3.10/site-packages/pip/_vendor/html5lib/treeadapters) by extensions ['cmake', 'python']
[0.506s] Level 1:colcon.colcon_core.package_identification:_identify(dev_spade/lib/python3.10/site-packages/pip/_vendor/html5lib/treeadapters) by extension 'cmake'
[0.506s] Level 1:colcon.colcon_core.package_identification:_identify(dev_spade/lib/python3.10/site-packages/pip/_vendor/html5lib/treeadapters) by extension 'python'
[0.506s] Level 1:colcon.colcon_core.package_identification:_identify(dev_spade/lib/python3.10/site-packages/pip/_vendor/html5lib/treeadapters) by extensions ['python_setup_py']
[0.506s] Level 1:colcon.colcon_core.package_identification:_identify(dev_spade/lib/python3.10/site-packages/pip/_vendor/html5lib/treeadapters) by extension 'python_setup_py'
[0.506s] Level 1:colcon.colcon_core.package_identification:_identify(dev_spade/lib/python3.10/site-packages/pip/_vendor/html5lib/treeadapters/__pycache__) by extensions ['ignore', 'ignore_ament_install']
[0.506s] Level 1:colcon.colcon_core.package_identification:_identify(dev_spade/lib/python3.10/site-packages/pip/_vendor/html5lib/treeadapters/__pycache__) by extension 'ignore'
[0.506s] Level 1:colcon.colcon_core.package_identification:_identify(dev_spade/lib/python3.10/site-packages/pip/_vendor/html5lib/treeadapters/__pycache__) by extension 'ignore_ament_install'
[0.506s] Level 1:colcon.colcon_core.package_identification:_identify(dev_spade/lib/python3.10/site-packages/pip/_vendor/html5lib/treeadapters/__pycache__) by extensions ['colcon_pkg']
[0.506s] Level 1:colcon.colcon_core.package_identification:_identify(dev_spade/lib/python3.10/site-packages/pip/_vendor/html5lib/treeadapters/__pycache__) by extension 'colcon_pkg'
[0.507s] Level 1:colcon.colcon_core.package_identification:_identify(dev_spade/lib/python3.10/site-packages/pip/_vendor/html5lib/treeadapters/__pycache__) by extensions ['colcon_meta']
[0.507s] Level 1:colcon.colcon_core.package_identification:_identify(dev_spade/lib/python3.10/site-packages/pip/_vendor/html5lib/treeadapters/__pycache__) by extension 'colcon_meta'
[0.507s] Level 1:colcon.colcon_core.package_identification:_identify(dev_spade/lib/python3.10/site-packages/pip/_vendor/html5lib/treeadapters/__pycache__) by extensions ['ros']
[0.507s] Level 1:colcon.colcon_core.package_identification:_identify(dev_spade/lib/python3.10/site-packages/pip/_vendor/html5lib/treeadapters/__pycache__) by extension 'ros'
[0.507s] Level 1:colcon.colcon_core.package_identification:_identify(dev_spade/lib/python3.10/site-packages/pip/_vendor/html5lib/treeadapters/__pycache__) by extensions ['cmake', 'python']
[0.507s] Level 1:colcon.colcon_core.package_identification:_identify(dev_spade/lib/python3.10/site-packages/pip/_vendor/html5lib/treeadapters/__pycache__) by extension 'cmake'
[0.507s] Level 1:colcon.colcon_core.package_identification:_identify(dev_spade/lib/python3.10/site-packages/pip/_vendor/html5lib/treeadapters/__pycache__) by extension 'python'
[0.507s] Level 1:colcon.colcon_core.package_identification:_identify(dev_spade/lib/python3.10/site-packages/pip/_vendor/html5lib/treeadapters/__pycache__) by extensions ['python_setup_py']
[0.507s] Level 1:colcon.colcon_core.package_identification:_identify(dev_spade/lib/python3.10/site-packages/pip/_vendor/html5lib/treeadapters/__pycache__) by extension 'python_setup_py'
[0.507s] Level 1:colcon.colcon_core.package_identification:_identify(dev_spade/lib/python3.10/site-packages/pip/_vendor/html5lib/treebuilders) by extensions ['ignore', 'ignore_ament_install']
[0.507s] Level 1:colcon.colcon_core.package_identification:_identify(dev_spade/lib/python3.10/site-packages/pip/_vendor/html5lib/treebuilders) by extension 'ignore'
[0.507s] Level 1:colcon.colcon_core.package_identification:_identify(dev_spade/lib/python3.10/site-packages/pip/_vendor/html5lib/treebuilders) by extension 'ignore_ament_install'
[0.507s] Level 1:colcon.colcon_core.package_identification:_identify(dev_spade/lib/python3.10/site-packages/pip/_vendor/html5lib/treebuilders) by extensions ['colcon_pkg']
[0.507s] Level 1:colcon.colcon_core.package_identification:_identify(dev_spade/lib/python3.10/site-packages/pip/_vendor/html5lib/treebuilders) by extension 'colcon_pkg'
[0.507s] Level 1:colcon.colcon_core.package_identification:_identify(dev_spade/lib/python3.10/site-packages/pip/_vendor/html5lib/treebuilders) by extensions ['colcon_meta']
[0.507s] Level 1:colcon.colcon_core.package_identification:_identify(dev_spade/lib/python3.10/site-packages/pip/_vendor/html5lib/treebuilders) by extension 'colcon_meta'
[0.507s] Level 1:colcon.colcon_core.package_identification:_identify(dev_spade/lib/python3.10/site-packages/pip/_vendor/html5lib/treebuilders) by extensions ['ros']
[0.507s] Level 1:colcon.colcon_core.package_identification:_identify(dev_spade/lib/python3.10/site-packages/pip/_vendor/html5lib/treebuilders) by extension 'ros'
[0.507s] Level 1:colcon.colcon_core.package_identification:_identify(dev_spade/lib/python3.10/site-packages/pip/_vendor/html5lib/treebuilders) by extensions ['cmake', 'python']
[0.507s] Level 1:colcon.colcon_core.package_identification:_identify(dev_spade/lib/python3.10/site-packages/pip/_vendor/html5lib/treebuilders) by extension 'cmake'
[0.507s] Level 1:colcon.colcon_core.package_identification:_identify(dev_spade/lib/python3.10/site-packages/pip/_vendor/html5lib/treebuilders) by extension 'python'
[0.508s] Level 1:colcon.colcon_core.package_identification:_identify(dev_spade/lib/python3.10/site-packages/pip/_vendor/html5lib/treebuilders) by extensions ['python_setup_py']
[0.508s] Level 1:colcon.colcon_core.package_identification:_identify(dev_spade/lib/python3.10/site-packages/pip/_vendor/html5lib/treebuilders) by extension 'python_setup_py'
[0.508s] Level 1:colcon.colcon_core.package_identification:_identify(dev_spade/lib/python3.10/site-packages/pip/_vendor/html5lib/treebuilders/__pycache__) by extensions ['ignore', 'ignore_ament_install']
[0.508s] Level 1:colcon.colcon_core.package_identification:_identify(dev_spade/lib/python3.10/site-packages/pip/_vendor/html5lib/treebuilders/__pycache__) by extension 'ignore'
[0.508s] Level 1:colcon.colcon_core.package_identification:_identify(dev_spade/lib/python3.10/site-packages/pip/_vendor/html5lib/treebuilders/__pycache__) by extension 'ignore_ament_install'
[0.508s] Level 1:colcon.colcon_core.package_identification:_identify(dev_spade/lib/python3.10/site-packages/pip/_vendor/html5lib/treebuilders/__pycache__) by extensions ['colcon_pkg']
[0.508s] Level 1:colcon.colcon_core.package_identification:_identify(dev_spade/lib/python3.10/site-packages/pip/_vendor/html5lib/treebuilders/__pycache__) by extension 'colcon_pkg'
[0.508s] Level 1:colcon.colcon_core.package_identification:_identify(dev_spade/lib/python3.10/site-packages/pip/_vendor/html5lib/treebuilders/__pycache__) by extensions ['colcon_meta']
[0.508s] Level 1:colcon.colcon_core.package_identification:_identify(dev_spade/lib/python3.10/site-packages/pip/_vendor/html5lib/treebuilders/__pycache__) by extension 'colcon_meta'
[0.508s] Level 1:colcon.colcon_core.package_identification:_identify(dev_spade/lib/python3.10/site-packages/pip/_vendor/html5lib/treebuilders/__pycache__) by extensions ['ros']
[0.508s] Level 1:colcon.colcon_core.package_identification:_identify(dev_spade/lib/python3.10/site-packages/pip/_vendor/html5lib/treebuilders/__pycache__) by extension 'ros'
[0.508s] Level 1:colcon.colcon_core.package_identification:_identify(dev_spade/lib/python3.10/site-packages/pip/_vendor/html5lib/treebuilders/__pycache__) by extensions ['cmake', 'python']
[0.508s] Level 1:colcon.colcon_core.package_identification:_identify(dev_spade/lib/python3.10/site-packages/pip/_vendor/html5lib/treebuilders/__pycache__) by extension 'cmake'
[0.508s] Level 1:colcon.colcon_core.package_identification:_identify(dev_spade/lib/python3.10/site-packages/pip/_vendor/html5lib/treebuilders/__pycache__) by extension 'python'
[0.508s] Level 1:colcon.colcon_core.package_identification:_identify(dev_spade/lib/python3.10/site-packages/pip/_vendor/html5lib/treebuilders/__pycache__) by extensions ['python_setup_py']
[0.508s] Level 1:colcon.colcon_core.package_identification:_identify(dev_spade/lib/python3.10/site-packages/pip/_vendor/html5lib/treebuilders/__pycache__) by extension 'python_setup_py'
[0.509s] Level 1:colcon.colcon_core.package_identification:_identify(dev_spade/lib/python3.10/site-packages/pip/_vendor/html5lib/treewalkers) by extensions ['ignore', 'ignore_ament_install']
[0.509s] Level 1:colcon.colcon_core.package_identification:_identify(dev_spade/lib/python3.10/site-packages/pip/_vendor/html5lib/treewalkers) by extension 'ignore'
[0.509s] Level 1:colcon.colcon_core.package_identification:_identify(dev_spade/lib/python3.10/site-packages/pip/_vendor/html5lib/treewalkers) by extension 'ignore_ament_install'
[0.509s] Level 1:colcon.colcon_core.package_identification:_identify(dev_spade/lib/python3.10/site-packages/pip/_vendor/html5lib/treewalkers) by extensions ['colcon_pkg']
[0.509s] Level 1:colcon.colcon_core.package_identification:_identify(dev_spade/lib/python3.10/site-packages/pip/_vendor/html5lib/treewalkers) by extension 'colcon_pkg'
[0.509s] Level 1:colcon.colcon_core.package_identification:_identify(dev_spade/lib/python3.10/site-packages/pip/_vendor/html5lib/treewalkers) by extensions ['colcon_meta']
[0.509s] Level 1:colcon.colcon_core.package_identification:_identify(dev_spade/lib/python3.10/site-packages/pip/_vendor/html5lib/treewalkers) by extension 'colcon_meta'
[0.509s] Level 1:colcon.colcon_core.package_identification:_identify(dev_spade/lib/python3.10/site-packages/pip/_vendor/html5lib/treewalkers) by extensions ['ros']
[0.509s] Level 1:colcon.colcon_core.package_identification:_identify(dev_spade/lib/python3.10/site-packages/pip/_vendor/html5lib/treewalkers) by extension 'ros'
[0.509s] Level 1:colcon.colcon_core.package_identification:_identify(dev_spade/lib/python3.10/site-packages/pip/_vendor/html5lib/treewalkers) by extensions ['cmake', 'python']
[0.509s] Level 1:colcon.colcon_core.package_identification:_identify(dev_spade/lib/python3.10/site-packages/pip/_vendor/html5lib/treewalkers) by extension 'cmake'
[0.509s] Level 1:colcon.colcon_core.package_identification:_identify(dev_spade/lib/python3.10/site-packages/pip/_vendor/html5lib/treewalkers) by extension 'python'
[0.509s] Level 1:colcon.colcon_core.package_identification:_identify(dev_spade/lib/python3.10/site-packages/pip/_vendor/html5lib/treewalkers) by extensions ['python_setup_py']
[0.509s] Level 1:colcon.colcon_core.package_identification:_identify(dev_spade/lib/python3.10/site-packages/pip/_vendor/html5lib/treewalkers) by extension 'python_setup_py'
[0.509s] Level 1:colcon.colcon_core.package_identification:_identify(dev_spade/lib/python3.10/site-packages/pip/_vendor/html5lib/treewalkers/__pycache__) by extensions ['ignore', 'ignore_ament_install']
[0.509s] Level 1:colcon.colcon_core.package_identification:_identify(dev_spade/lib/python3.10/site-packages/pip/_vendor/html5lib/treewalkers/__pycache__) by extension 'ignore'
[0.510s] Level 1:colcon.colcon_core.package_identification:_identify(dev_spade/lib/python3.10/site-packages/pip/_vendor/html5lib/treewalkers/__pycache__) by extension 'ignore_ament_install'
[0.510s] Level 1:colcon.colcon_core.package_identification:_identify(dev_spade/lib/python3.10/site-packages/pip/_vendor/html5lib/treewalkers/__pycache__) by extensions ['colcon_pkg']
[0.510s] Level 1:colcon.colcon_core.package_identification:_identify(dev_spade/lib/python3.10/site-packages/pip/_vendor/html5lib/treewalkers/__pycache__) by extension 'colcon_pkg'
[0.510s] Level 1:colcon.colcon_core.package_identification:_identify(dev_spade/lib/python3.10/site-packages/pip/_vendor/html5lib/treewalkers/__pycache__) by extensions ['colcon_meta']
[0.510s] Level 1:colcon.colcon_core.package_identification:_identify(dev_spade/lib/python3.10/site-packages/pip/_vendor/html5lib/treewalkers/__pycache__) by extension 'colcon_meta'
[0.510s] Level 1:colcon.colcon_core.package_identification:_identify(dev_spade/lib/python3.10/site-packages/pip/_vendor/html5lib/treewalkers/__pycache__) by extensions ['ros']
[0.510s] Level 1:colcon.colcon_core.package_identification:_identify(dev_spade/lib/python3.10/site-packages/pip/_vendor/html5lib/treewalkers/__pycache__) by extension 'ros'
[0.510s] Level 1:colcon.colcon_core.package_identification:_identify(dev_spade/lib/python3.10/site-packages/pip/_vendor/html5lib/treewalkers/__pycache__) by extensions ['cmake', 'python']
[0.510s] Level 1:colcon.colcon_core.package_identification:_identify(dev_spade/lib/python3.10/site-packages/pip/_vendor/html5lib/treewalkers/__pycache__) by extension 'cmake'
[0.510s] Level 1:colcon.colcon_core.package_identification:_identify(dev_spade/lib/python3.10/site-packages/pip/_vendor/html5lib/treewalkers/__pycache__) by extension 'python'
[0.510s] Level 1:colcon.colcon_core.package_identification:_identify(dev_spade/lib/python3.10/site-packages/pip/_vendor/html5lib/treewalkers/__pycache__) by extensions ['python_setup_py']
[0.510s] Level 1:colcon.colcon_core.package_identification:_identify(dev_spade/lib/python3.10/site-packages/pip/_vendor/html5lib/treewalkers/__pycache__) by extension 'python_setup_py'
[0.510s] Level 1:colcon.colcon_core.package_identification:_identify(dev_spade/lib/python3.10/site-packages/pip/_vendor/idna) by extensions ['ignore', 'ignore_ament_install']
[0.510s] Level 1:colcon.colcon_core.package_identification:_identify(dev_spade/lib/python3.10/site-packages/pip/_vendor/idna) by extension 'ignore'
[0.510s] Level 1:colcon.colcon_core.package_identification:_identify(dev_spade/lib/python3.10/site-packages/pip/_vendor/idna) by extension 'ignore_ament_install'
[0.510s] Level 1:colcon.colcon_core.package_identification:_identify(dev_spade/lib/python3.10/site-packages/pip/_vendor/idna) by extensions ['colcon_pkg']
[0.510s] Level 1:colcon.colcon_core.package_identification:_identify(dev_spade/lib/python3.10/site-packages/pip/_vendor/idna) by extension 'colcon_pkg'
[0.510s] Level 1:colcon.colcon_core.package_identification:_identify(dev_spade/lib/python3.10/site-packages/pip/_vendor/idna) by extensions ['colcon_meta']
[0.510s] Level 1:colcon.colcon_core.package_identification:_identify(dev_spade/lib/python3.10/site-packages/pip/_vendor/idna) by extension 'colcon_meta'
[0.510s] Level 1:colcon.colcon_core.package_identification:_identify(dev_spade/lib/python3.10/site-packages/pip/_vendor/idna) by extensions ['ros']
[0.510s] Level 1:colcon.colcon_core.package_identification:_identify(dev_spade/lib/python3.10/site-packages/pip/_vendor/idna) by extension 'ros'
[0.511s] Level 1:colcon.colcon_core.package_identification:_identify(dev_spade/lib/python3.10/site-packages/pip/_vendor/idna) by extensions ['cmake', 'python']
[0.511s] Level 1:colcon.colcon_core.package_identification:_identify(dev_spade/lib/python3.10/site-packages/pip/_vendor/idna) by extension 'cmake'
[0.511s] Level 1:colcon.colcon_core.package_identification:_identify(dev_spade/lib/python3.10/site-packages/pip/_vendor/idna) by extension 'python'
[0.511s] Level 1:colcon.colcon_core.package_identification:_identify(dev_spade/lib/python3.10/site-packages/pip/_vendor/idna) by extensions ['python_setup_py']
[0.511s] Level 1:colcon.colcon_core.package_identification:_identify(dev_spade/lib/python3.10/site-packages/pip/_vendor/idna) by extension 'python_setup_py'
[0.511s] Level 1:colcon.colcon_core.package_identification:_identify(dev_spade/lib/python3.10/site-packages/pip/_vendor/idna/__pycache__) by extensions ['ignore', 'ignore_ament_install']
[0.511s] Level 1:colcon.colcon_core.package_identification:_identify(dev_spade/lib/python3.10/site-packages/pip/_vendor/idna/__pycache__) by extension 'ignore'
[0.511s] Level 1:colcon.colcon_core.package_identification:_identify(dev_spade/lib/python3.10/site-packages/pip/_vendor/idna/__pycache__) by extension 'ignore_ament_install'
[0.511s] Level 1:colcon.colcon_core.package_identification:_identify(dev_spade/lib/python3.10/site-packages/pip/_vendor/idna/__pycache__) by extensions ['colcon_pkg']
[0.511s] Level 1:colcon.colcon_core.package_identification:_identify(dev_spade/lib/python3.10/site-packages/pip/_vendor/idna/__pycache__) by extension 'colcon_pkg'
[0.511s] Level 1:colcon.colcon_core.package_identification:_identify(dev_spade/lib/python3.10/site-packages/pip/_vendor/idna/__pycache__) by extensions ['colcon_meta']
[0.511s] Level 1:colcon.colcon_core.package_identification:_identify(dev_spade/lib/python3.10/site-packages/pip/_vendor/idna/__pycache__) by extension 'colcon_meta'
[0.511s] Level 1:colcon.colcon_core.package_identification:_identify(dev_spade/lib/python3.10/site-packages/pip/_vendor/idna/__pycache__) by extensions ['ros']
[0.511s] Level 1:colcon.colcon_core.package_identification:_identify(dev_spade/lib/python3.10/site-packages/pip/_vendor/idna/__pycache__) by extension 'ros'
[0.512s] Level 1:colcon.colcon_core.package_identification:_identify(dev_spade/lib/python3.10/site-packages/pip/_vendor/idna/__pycache__) by extensions ['cmake', 'python']
[0.512s] Level 1:colcon.colcon_core.package_identification:_identify(dev_spade/lib/python3.10/site-packages/pip/_vendor/idna/__pycache__) by extension 'cmake'
[0.512s] Level 1:colcon.colcon_core.package_identification:_identify(dev_spade/lib/python3.10/site-packages/pip/_vendor/idna/__pycache__) by extension 'python'
[0.512s] Level 1:colcon.colcon_core.package_identification:_identify(dev_spade/lib/python3.10/site-packages/pip/_vendor/idna/__pycache__) by extensions ['python_setup_py']
[0.512s] Level 1:colcon.colcon_core.package_identification:_identify(dev_spade/lib/python3.10/site-packages/pip/_vendor/idna/__pycache__) by extension 'python_setup_py'
[0.512s] Level 1:colcon.colcon_core.package_identification:_identify(dev_spade/lib/python3.10/site-packages/pip/_vendor/msgpack) by extensions ['ignore', 'ignore_ament_install']
[0.512s] Level 1:colcon.colcon_core.package_identification:_identify(dev_spade/lib/python3.10/site-packages/pip/_vendor/msgpack) by extension 'ignore'
[0.512s] Level 1:colcon.colcon_core.package_identification:_identify(dev_spade/lib/python3.10/site-packages/pip/_vendor/msgpack) by extension 'ignore_ament_install'
[0.512s] Level 1:colcon.colcon_core.package_identification:_identify(dev_spade/lib/python3.10/site-packages/pip/_vendor/msgpack) by extensions ['colcon_pkg']
[0.512s] Level 1:colcon.colcon_core.package_identification:_identify(dev_spade/lib/python3.10/site-packages/pip/_vendor/msgpack) by extension 'colcon_pkg'
[0.512s] Level 1:colcon.colcon_core.package_identification:_identify(dev_spade/lib/python3.10/site-packages/pip/_vendor/msgpack) by extensions ['colcon_meta']
[0.512s] Level 1:colcon.colcon_core.package_identification:_identify(dev_spade/lib/python3.10/site-packages/pip/_vendor/msgpack) by extension 'colcon_meta'
[0.512s] Level 1:colcon.colcon_core.package_identification:_identify(dev_spade/lib/python3.10/site-packages/pip/_vendor/msgpack) by extensions ['ros']
[0.512s] Level 1:colcon.colcon_core.package_identification:_identify(dev_spade/lib/python3.10/site-packages/pip/_vendor/msgpack) by extension 'ros'
[0.512s] Level 1:colcon.colcon_core.package_identification:_identify(dev_spade/lib/python3.10/site-packages/pip/_vendor/msgpack) by extensions ['cmake', 'python']
[0.512s] Level 1:colcon.colcon_core.package_identification:_identify(dev_spade/lib/python3.10/site-packages/pip/_vendor/msgpack) by extension 'cmake'
[0.512s] Level 1:colcon.colcon_core.package_identification:_identify(dev_spade/lib/python3.10/site-packages/pip/_vendor/msgpack) by extension 'python'
[0.512s] Level 1:colcon.colcon_core.package_identification:_identify(dev_spade/lib/python3.10/site-packages/pip/_vendor/msgpack) by extensions ['python_setup_py']
[0.512s] Level 1:colcon.colcon_core.package_identification:_identify(dev_spade/lib/python3.10/site-packages/pip/_vendor/msgpack) by extension 'python_setup_py'
[0.513s] Level 1:colcon.colcon_core.package_identification:_identify(dev_spade/lib/python3.10/site-packages/pip/_vendor/msgpack/__pycache__) by extensions ['ignore', 'ignore_ament_install']
[0.513s] Level 1:colcon.colcon_core.package_identification:_identify(dev_spade/lib/python3.10/site-packages/pip/_vendor/msgpack/__pycache__) by extension 'ignore'
[0.513s] Level 1:colcon.colcon_core.package_identification:_identify(dev_spade/lib/python3.10/site-packages/pip/_vendor/msgpack/__pycache__) by extension 'ignore_ament_install'
[0.513s] Level 1:colcon.colcon_core.package_identification:_identify(dev_spade/lib/python3.10/site-packages/pip/_vendor/msgpack/__pycache__) by extensions ['colcon_pkg']
[0.513s] Level 1:colcon.colcon_core.package_identification:_identify(dev_spade/lib/python3.10/site-packages/pip/_vendor/msgpack/__pycache__) by extension 'colcon_pkg'
[0.513s] Level 1:colcon.colcon_core.package_identification:_identify(dev_spade/lib/python3.10/site-packages/pip/_vendor/msgpack/__pycache__) by extensions ['colcon_meta']
[0.513s] Level 1:colcon.colcon_core.package_identification:_identify(dev_spade/lib/python3.10/site-packages/pip/_vendor/msgpack/__pycache__) by extension 'colcon_meta'
[0.513s] Level 1:colcon.colcon_core.package_identification:_identify(dev_spade/lib/python3.10/site-packages/pip/_vendor/msgpack/__pycache__) by extensions ['ros']
[0.513s] Level 1:colcon.colcon_core.package_identification:_identify(dev_spade/lib/python3.10/site-packages/pip/_vendor/msgpack/__pycache__) by extension 'ros'
[0.513s] Level 1:colcon.colcon_core.package_identification:_identify(dev_spade/lib/python3.10/site-packages/pip/_vendor/msgpack/__pycache__) by extensions ['cmake', 'python']
[0.513s] Level 1:colcon.colcon_core.package_identification:_identify(dev_spade/lib/python3.10/site-packages/pip/_vendor/msgpack/__pycache__) by extension 'cmake'
[0.513s] Level 1:colcon.colcon_core.package_identification:_identify(dev_spade/lib/python3.10/site-packages/pip/_vendor/msgpack/__pycache__) by extension 'python'
[0.513s] Level 1:colcon.colcon_core.package_identification:_identify(dev_spade/lib/python3.10/site-packages/pip/_vendor/msgpack/__pycache__) by extensions ['python_setup_py']
[0.513s] Level 1:colcon.colcon_core.package_identification:_identify(dev_spade/lib/python3.10/site-packages/pip/_vendor/msgpack/__pycache__) by extension 'python_setup_py'
[0.514s] Level 1:colcon.colcon_core.package_identification:_identify(dev_spade/lib/python3.10/site-packages/pip/_vendor/packaging) by extensions ['ignore', 'ignore_ament_install']
[0.514s] Level 1:colcon.colcon_core.package_identification:_identify(dev_spade/lib/python3.10/site-packages/pip/_vendor/packaging) by extension 'ignore'
[0.514s] Level 1:colcon.colcon_core.package_identification:_identify(dev_spade/lib/python3.10/site-packages/pip/_vendor/packaging) by extension 'ignore_ament_install'
[0.514s] Level 1:colcon.colcon_core.package_identification:_identify(dev_spade/lib/python3.10/site-packages/pip/_vendor/packaging) by extensions ['colcon_pkg']
[0.514s] Level 1:colcon.colcon_core.package_identification:_identify(dev_spade/lib/python3.10/site-packages/pip/_vendor/packaging) by extension 'colcon_pkg'
[0.514s] Level 1:colcon.colcon_core.package_identification:_identify(dev_spade/lib/python3.10/site-packages/pip/_vendor/packaging) by extensions ['colcon_meta']
[0.514s] Level 1:colcon.colcon_core.package_identification:_identify(dev_spade/lib/python3.10/site-packages/pip/_vendor/packaging) by extension 'colcon_meta'
[0.514s] Level 1:colcon.colcon_core.package_identification:_identify(dev_spade/lib/python3.10/site-packages/pip/_vendor/packaging) by extensions ['ros']
[0.514s] Level 1:colcon.colcon_core.package_identification:_identify(dev_spade/lib/python3.10/site-packages/pip/_vendor/packaging) by extension 'ros'
[0.514s] Level 1:colcon.colcon_core.package_identification:_identify(dev_spade/lib/python3.10/site-packages/pip/_vendor/packaging) by extensions ['cmake', 'python']
[0.514s] Level 1:colcon.colcon_core.package_identification:_identify(dev_spade/lib/python3.10/site-packages/pip/_vendor/packaging) by extension 'cmake'
[0.514s] Level 1:colcon.colcon_core.package_identification:_identify(dev_spade/lib/python3.10/site-packages/pip/_vendor/packaging) by extension 'python'
[0.514s] Level 1:colcon.colcon_core.package_identification:_identify(dev_spade/lib/python3.10/site-packages/pip/_vendor/packaging) by extensions ['python_setup_py']
[0.514s] Level 1:colcon.colcon_core.package_identification:_identify(dev_spade/lib/python3.10/site-packages/pip/_vendor/packaging) by extension 'python_setup_py'
[0.514s] Level 1:colcon.colcon_core.package_identification:_identify(dev_spade/lib/python3.10/site-packages/pip/_vendor/packaging/__pycache__) by extensions ['ignore', 'ignore_ament_install']
[0.514s] Level 1:colcon.colcon_core.package_identification:_identify(dev_spade/lib/python3.10/site-packages/pip/_vendor/packaging/__pycache__) by extension 'ignore'
[0.515s] Level 1:colcon.colcon_core.package_identification:_identify(dev_spade/lib/python3.10/site-packages/pip/_vendor/packaging/__pycache__) by extension 'ignore_ament_install'
[0.515s] Level 1:colcon.colcon_core.package_identification:_identify(dev_spade/lib/python3.10/site-packages/pip/_vendor/packaging/__pycache__) by extensions ['colcon_pkg']
[0.515s] Level 1:colcon.colcon_core.package_identification:_identify(dev_spade/lib/python3.10/site-packages/pip/_vendor/packaging/__pycache__) by extension 'colcon_pkg'
[0.515s] Level 1:colcon.colcon_core.package_identification:_identify(dev_spade/lib/python3.10/site-packages/pip/_vendor/packaging/__pycache__) by extensions ['colcon_meta']
[0.515s] Level 1:colcon.colcon_core.package_identification:_identify(dev_spade/lib/python3.10/site-packages/pip/_vendor/packaging/__pycache__) by extension 'colcon_meta'
[0.515s] Level 1:colcon.colcon_core.package_identification:_identify(dev_spade/lib/python3.10/site-packages/pip/_vendor/packaging/__pycache__) by extensions ['ros']
[0.515s] Level 1:colcon.colcon_core.package_identification:_identify(dev_spade/lib/python3.10/site-packages/pip/_vendor/packaging/__pycache__) by extension 'ros'
[0.515s] Level 1:colcon.colcon_core.package_identification:_identify(dev_spade/lib/python3.10/site-packages/pip/_vendor/packaging/__pycache__) by extensions ['cmake', 'python']
[0.515s] Level 1:colcon.colcon_core.package_identification:_identify(dev_spade/lib/python3.10/site-packages/pip/_vendor/packaging/__pycache__) by extension 'cmake'
[0.515s] Level 1:colcon.colcon_core.package_identification:_identify(dev_spade/lib/python3.10/site-packages/pip/_vendor/packaging/__pycache__) by extension 'python'
[0.515s] Level 1:colcon.colcon_core.package_identification:_identify(dev_spade/lib/python3.10/site-packages/pip/_vendor/packaging/__pycache__) by extensions ['python_setup_py']
[0.515s] Level 1:colcon.colcon_core.package_identification:_identify(dev_spade/lib/python3.10/site-packages/pip/_vendor/packaging/__pycache__) by extension 'python_setup_py'
[0.515s] Level 1:colcon.colcon_core.package_identification:_identify(dev_spade/lib/python3.10/site-packages/pip/_vendor/pep517) by extensions ['ignore', 'ignore_ament_install']
[0.515s] Level 1:colcon.colcon_core.package_identification:_identify(dev_spade/lib/python3.10/site-packages/pip/_vendor/pep517) by extension 'ignore'
[0.516s] Level 1:colcon.colcon_core.package_identification:_identify(dev_spade/lib/python3.10/site-packages/pip/_vendor/pep517) by extension 'ignore_ament_install'
[0.516s] Level 1:colcon.colcon_core.package_identification:_identify(dev_spade/lib/python3.10/site-packages/pip/_vendor/pep517) by extensions ['colcon_pkg']
[0.516s] Level 1:colcon.colcon_core.package_identification:_identify(dev_spade/lib/python3.10/site-packages/pip/_vendor/pep517) by extension 'colcon_pkg'
[0.516s] Level 1:colcon.colcon_core.package_identification:_identify(dev_spade/lib/python3.10/site-packages/pip/_vendor/pep517) by extensions ['colcon_meta']
[0.516s] Level 1:colcon.colcon_core.package_identification:_identify(dev_spade/lib/python3.10/site-packages/pip/_vendor/pep517) by extension 'colcon_meta'
[0.516s] Level 1:colcon.colcon_core.package_identification:_identify(dev_spade/lib/python3.10/site-packages/pip/_vendor/pep517) by extensions ['ros']
[0.516s] Level 1:colcon.colcon_core.package_identification:_identify(dev_spade/lib/python3.10/site-packages/pip/_vendor/pep517) by extension 'ros'
[0.516s] Level 1:colcon.colcon_core.package_identification:_identify(dev_spade/lib/python3.10/site-packages/pip/_vendor/pep517) by extensions ['cmake', 'python']
[0.516s] Level 1:colcon.colcon_core.package_identification:_identify(dev_spade/lib/python3.10/site-packages/pip/_vendor/pep517) by extension 'cmake'
[0.516s] Level 1:colcon.colcon_core.package_identification:_identify(dev_spade/lib/python3.10/site-packages/pip/_vendor/pep517) by extension 'python'
[0.516s] Level 1:colcon.colcon_core.package_identification:_identify(dev_spade/lib/python3.10/site-packages/pip/_vendor/pep517) by extensions ['python_setup_py']
[0.516s] Level 1:colcon.colcon_core.package_identification:_identify(dev_spade/lib/python3.10/site-packages/pip/_vendor/pep517) by extension 'python_setup_py'
[0.517s] Level 1:colcon.colcon_core.package_identification:_identify(dev_spade/lib/python3.10/site-packages/pip/_vendor/pep517/__pycache__) by extensions ['ignore', 'ignore_ament_install']
[0.517s] Level 1:colcon.colcon_core.package_identification:_identify(dev_spade/lib/python3.10/site-packages/pip/_vendor/pep517/__pycache__) by extension 'ignore'
[0.517s] Level 1:colcon.colcon_core.package_identification:_identify(dev_spade/lib/python3.10/site-packages/pip/_vendor/pep517/__pycache__) by extension 'ignore_ament_install'
[0.517s] Level 1:colcon.colcon_core.package_identification:_identify(dev_spade/lib/python3.10/site-packages/pip/_vendor/pep517/__pycache__) by extensions ['colcon_pkg']
[0.517s] Level 1:colcon.colcon_core.package_identification:_identify(dev_spade/lib/python3.10/site-packages/pip/_vendor/pep517/__pycache__) by extension 'colcon_pkg'
[0.517s] Level 1:colcon.colcon_core.package_identification:_identify(dev_spade/lib/python3.10/site-packages/pip/_vendor/pep517/__pycache__) by extensions ['colcon_meta']
[0.517s] Level 1:colcon.colcon_core.package_identification:_identify(dev_spade/lib/python3.10/site-packages/pip/_vendor/pep517/__pycache__) by extension 'colcon_meta'
[0.517s] Level 1:colcon.colcon_core.package_identification:_identify(dev_spade/lib/python3.10/site-packages/pip/_vendor/pep517/__pycache__) by extensions ['ros']
[0.517s] Level 1:colcon.colcon_core.package_identification:_identify(dev_spade/lib/python3.10/site-packages/pip/_vendor/pep517/__pycache__) by extension 'ros'
[0.517s] Level 1:colcon.colcon_core.package_identification:_identify(dev_spade/lib/python3.10/site-packages/pip/_vendor/pep517/__pycache__) by extensions ['cmake', 'python']
[0.517s] Level 1:colcon.colcon_core.package_identification:_identify(dev_spade/lib/python3.10/site-packages/pip/_vendor/pep517/__pycache__) by extension 'cmake'
[0.517s] Level 1:colcon.colcon_core.package_identification:_identify(dev_spade/lib/python3.10/site-packages/pip/_vendor/pep517/__pycache__) by extension 'python'
[0.517s] Level 1:colcon.colcon_core.package_identification:_identify(dev_spade/lib/python3.10/site-packages/pip/_vendor/pep517/__pycache__) by extensions ['python_setup_py']
[0.517s] Level 1:colcon.colcon_core.package_identification:_identify(dev_spade/lib/python3.10/site-packages/pip/_vendor/pep517/__pycache__) by extension 'python_setup_py'
[0.517s] Level 1:colcon.colcon_core.package_identification:_identify(dev_spade/lib/python3.10/site-packages/pip/_vendor/pep517/in_process) by extensions ['ignore', 'ignore_ament_install']
[0.518s] Level 1:colcon.colcon_core.package_identification:_identify(dev_spade/lib/python3.10/site-packages/pip/_vendor/pep517/in_process) by extension 'ignore'
[0.518s] Level 1:colcon.colcon_core.package_identification:_identify(dev_spade/lib/python3.10/site-packages/pip/_vendor/pep517/in_process) by extension 'ignore_ament_install'
[0.518s] Level 1:colcon.colcon_core.package_identification:_identify(dev_spade/lib/python3.10/site-packages/pip/_vendor/pep517/in_process) by extensions ['colcon_pkg']
[0.518s] Level 1:colcon.colcon_core.package_identification:_identify(dev_spade/lib/python3.10/site-packages/pip/_vendor/pep517/in_process) by extension 'colcon_pkg'
[0.518s] Level 1:colcon.colcon_core.package_identification:_identify(dev_spade/lib/python3.10/site-packages/pip/_vendor/pep517/in_process) by extensions ['colcon_meta']
[0.518s] Level 1:colcon.colcon_core.package_identification:_identify(dev_spade/lib/python3.10/site-packages/pip/_vendor/pep517/in_process) by extension 'colcon_meta'
[0.518s] Level 1:colcon.colcon_core.package_identification:_identify(dev_spade/lib/python3.10/site-packages/pip/_vendor/pep517/in_process) by extensions ['ros']
[0.518s] Level 1:colcon.colcon_core.package_identification:_identify(dev_spade/lib/python3.10/site-packages/pip/_vendor/pep517/in_process) by extension 'ros'
[0.518s] Level 1:colcon.colcon_core.package_identification:_identify(dev_spade/lib/python3.10/site-packages/pip/_vendor/pep517/in_process) by extensions ['cmake', 'python']
[0.518s] Level 1:colcon.colcon_core.package_identification:_identify(dev_spade/lib/python3.10/site-packages/pip/_vendor/pep517/in_process) by extension 'cmake'
[0.518s] Level 1:colcon.colcon_core.package_identification:_identify(dev_spade/lib/python3.10/site-packages/pip/_vendor/pep517/in_process) by extension 'python'
[0.518s] Level 1:colcon.colcon_core.package_identification:_identify(dev_spade/lib/python3.10/site-packages/pip/_vendor/pep517/in_process) by extensions ['python_setup_py']
[0.518s] Level 1:colcon.colcon_core.package_identification:_identify(dev_spade/lib/python3.10/site-packages/pip/_vendor/pep517/in_process) by extension 'python_setup_py'
[0.518s] Level 1:colcon.colcon_core.package_identification:_identify(dev_spade/lib/python3.10/site-packages/pip/_vendor/pep517/in_process/__pycache__) by extensions ['ignore', 'ignore_ament_install']
[0.518s] Level 1:colcon.colcon_core.package_identification:_identify(dev_spade/lib/python3.10/site-packages/pip/_vendor/pep517/in_process/__pycache__) by extension 'ignore'
[0.518s] Level 1:colcon.colcon_core.package_identification:_identify(dev_spade/lib/python3.10/site-packages/pip/_vendor/pep517/in_process/__pycache__) by extension 'ignore_ament_install'
[0.518s] Level 1:colcon.colcon_core.package_identification:_identify(dev_spade/lib/python3.10/site-packages/pip/_vendor/pep517/in_process/__pycache__) by extensions ['colcon_pkg']
[0.519s] Level 1:colcon.colcon_core.package_identification:_identify(dev_spade/lib/python3.10/site-packages/pip/_vendor/pep517/in_process/__pycache__) by extension 'colcon_pkg'
[0.519s] Level 1:colcon.colcon_core.package_identification:_identify(dev_spade/lib/python3.10/site-packages/pip/_vendor/pep517/in_process/__pycache__) by extensions ['colcon_meta']
[0.519s] Level 1:colcon.colcon_core.package_identification:_identify(dev_spade/lib/python3.10/site-packages/pip/_vendor/pep517/in_process/__pycache__) by extension 'colcon_meta'
[0.519s] Level 1:colcon.colcon_core.package_identification:_identify(dev_spade/lib/python3.10/site-packages/pip/_vendor/pep517/in_process/__pycache__) by extensions ['ros']
[0.519s] Level 1:colcon.colcon_core.package_identification:_identify(dev_spade/lib/python3.10/site-packages/pip/_vendor/pep517/in_process/__pycache__) by extension 'ros'
[0.519s] Level 1:colcon.colcon_core.package_identification:_identify(dev_spade/lib/python3.10/site-packages/pip/_vendor/pep517/in_process/__pycache__) by extensions ['cmake', 'python']
[0.519s] Level 1:colcon.colcon_core.package_identification:_identify(dev_spade/lib/python3.10/site-packages/pip/_vendor/pep517/in_process/__pycache__) by extension 'cmake'
[0.519s] Level 1:colcon.colcon_core.package_identification:_identify(dev_spade/lib/python3.10/site-packages/pip/_vendor/pep517/in_process/__pycache__) by extension 'python'
[0.519s] Level 1:colcon.colcon_core.package_identification:_identify(dev_spade/lib/python3.10/site-packages/pip/_vendor/pep517/in_process/__pycache__) by extensions ['python_setup_py']
[0.519s] Level 1:colcon.colcon_core.package_identification:_identify(dev_spade/lib/python3.10/site-packages/pip/_vendor/pep517/in_process/__pycache__) by extension 'python_setup_py'
[0.519s] Level 1:colcon.colcon_core.package_identification:_identify(dev_spade/lib/python3.10/site-packages/pip/_vendor/pkg_resources) by extensions ['ignore', 'ignore_ament_install']
[0.519s] Level 1:colcon.colcon_core.package_identification:_identify(dev_spade/lib/python3.10/site-packages/pip/_vendor/pkg_resources) by extension 'ignore'
[0.519s] Level 1:colcon.colcon_core.package_identification:_identify(dev_spade/lib/python3.10/site-packages/pip/_vendor/pkg_resources) by extension 'ignore_ament_install'
[0.519s] Level 1:colcon.colcon_core.package_identification:_identify(dev_spade/lib/python3.10/site-packages/pip/_vendor/pkg_resources) by extensions ['colcon_pkg']
[0.519s] Level 1:colcon.colcon_core.package_identification:_identify(dev_spade/lib/python3.10/site-packages/pip/_vendor/pkg_resources) by extension 'colcon_pkg'
[0.519s] Level 1:colcon.colcon_core.package_identification:_identify(dev_spade/lib/python3.10/site-packages/pip/_vendor/pkg_resources) by extensions ['colcon_meta']
[0.519s] Level 1:colcon.colcon_core.package_identification:_identify(dev_spade/lib/python3.10/site-packages/pip/_vendor/pkg_resources) by extension 'colcon_meta'
[0.519s] Level 1:colcon.colcon_core.package_identification:_identify(dev_spade/lib/python3.10/site-packages/pip/_vendor/pkg_resources) by extensions ['ros']
[0.519s] Level 1:colcon.colcon_core.package_identification:_identify(dev_spade/lib/python3.10/site-packages/pip/_vendor/pkg_resources) by extension 'ros'
[0.519s] Level 1:colcon.colcon_core.package_identification:_identify(dev_spade/lib/python3.10/site-packages/pip/_vendor/pkg_resources) by extensions ['cmake', 'python']
[0.519s] Level 1:colcon.colcon_core.package_identification:_identify(dev_spade/lib/python3.10/site-packages/pip/_vendor/pkg_resources) by extension 'cmake'
[0.519s] Level 1:colcon.colcon_core.package_identification:_identify(dev_spade/lib/python3.10/site-packages/pip/_vendor/pkg_resources) by extension 'python'
[0.519s] Level 1:colcon.colcon_core.package_identification:_identify(dev_spade/lib/python3.10/site-packages/pip/_vendor/pkg_resources) by extensions ['python_setup_py']
[0.519s] Level 1:colcon.colcon_core.package_identification:_identify(dev_spade/lib/python3.10/site-packages/pip/_vendor/pkg_resources) by extension 'python_setup_py'
[0.520s] Level 1:colcon.colcon_core.package_identification:_identify(dev_spade/lib/python3.10/site-packages/pip/_vendor/pkg_resources/__pycache__) by extensions ['ignore', 'ignore_ament_install']
[0.520s] Level 1:colcon.colcon_core.package_identification:_identify(dev_spade/lib/python3.10/site-packages/pip/_vendor/pkg_resources/__pycache__) by extension 'ignore'
[0.520s] Level 1:colcon.colcon_core.package_identification:_identify(dev_spade/lib/python3.10/site-packages/pip/_vendor/pkg_resources/__pycache__) by extension 'ignore_ament_install'
[0.520s] Level 1:colcon.colcon_core.package_identification:_identify(dev_spade/lib/python3.10/site-packages/pip/_vendor/pkg_resources/__pycache__) by extensions ['colcon_pkg']
[0.520s] Level 1:colcon.colcon_core.package_identification:_identify(dev_spade/lib/python3.10/site-packages/pip/_vendor/pkg_resources/__pycache__) by extension 'colcon_pkg'
[0.520s] Level 1:colcon.colcon_core.package_identification:_identify(dev_spade/lib/python3.10/site-packages/pip/_vendor/pkg_resources/__pycache__) by extensions ['colcon_meta']
[0.520s] Level 1:colcon.colcon_core.package_identification:_identify(dev_spade/lib/python3.10/site-packages/pip/_vendor/pkg_resources/__pycache__) by extension 'colcon_meta'
[0.520s] Level 1:colcon.colcon_core.package_identification:_identify(dev_spade/lib/python3.10/site-packages/pip/_vendor/pkg_resources/__pycache__) by extensions ['ros']
[0.520s] Level 1:colcon.colcon_core.package_identification:_identify(dev_spade/lib/python3.10/site-packages/pip/_vendor/pkg_resources/__pycache__) by extension 'ros'
[0.520s] Level 1:colcon.colcon_core.package_identification:_identify(dev_spade/lib/python3.10/site-packages/pip/_vendor/pkg_resources/__pycache__) by extensions ['cmake', 'python']
[0.520s] Level 1:colcon.colcon_core.package_identification:_identify(dev_spade/lib/python3.10/site-packages/pip/_vendor/pkg_resources/__pycache__) by extension 'cmake'
[0.520s] Level 1:colcon.colcon_core.package_identification:_identify(dev_spade/lib/python3.10/site-packages/pip/_vendor/pkg_resources/__pycache__) by extension 'python'
[0.520s] Level 1:colcon.colcon_core.package_identification:_identify(dev_spade/lib/python3.10/site-packages/pip/_vendor/pkg_resources/__pycache__) by extensions ['python_setup_py']
[0.520s] Level 1:colcon.colcon_core.package_identification:_identify(dev_spade/lib/python3.10/site-packages/pip/_vendor/pkg_resources/__pycache__) by extension 'python_setup_py'
[0.520s] Level 1:colcon.colcon_core.package_identification:_identify(dev_spade/lib/python3.10/site-packages/pip/_vendor/platformdirs) by extensions ['ignore', 'ignore_ament_install']
[0.521s] Level 1:colcon.colcon_core.package_identification:_identify(dev_spade/lib/python3.10/site-packages/pip/_vendor/platformdirs) by extension 'ignore'
[0.521s] Level 1:colcon.colcon_core.package_identification:_identify(dev_spade/lib/python3.10/site-packages/pip/_vendor/platformdirs) by extension 'ignore_ament_install'
[0.521s] Level 1:colcon.colcon_core.package_identification:_identify(dev_spade/lib/python3.10/site-packages/pip/_vendor/platformdirs) by extensions ['colcon_pkg']
[0.521s] Level 1:colcon.colcon_core.package_identification:_identify(dev_spade/lib/python3.10/site-packages/pip/_vendor/platformdirs) by extension 'colcon_pkg'
[0.521s] Level 1:colcon.colcon_core.package_identification:_identify(dev_spade/lib/python3.10/site-packages/pip/_vendor/platformdirs) by extensions ['colcon_meta']
[0.521s] Level 1:colcon.colcon_core.package_identification:_identify(dev_spade/lib/python3.10/site-packages/pip/_vendor/platformdirs) by extension 'colcon_meta'
[0.521s] Level 1:colcon.colcon_core.package_identification:_identify(dev_spade/lib/python3.10/site-packages/pip/_vendor/platformdirs) by extensions ['ros']
[0.521s] Level 1:colcon.colcon_core.package_identification:_identify(dev_spade/lib/python3.10/site-packages/pip/_vendor/platformdirs) by extension 'ros'
[0.521s] Level 1:colcon.colcon_core.package_identification:_identify(dev_spade/lib/python3.10/site-packages/pip/_vendor/platformdirs) by extensions ['cmake', 'python']
[0.521s] Level 1:colcon.colcon_core.package_identification:_identify(dev_spade/lib/python3.10/site-packages/pip/_vendor/platformdirs) by extension 'cmake'
[0.521s] Level 1:colcon.colcon_core.package_identification:_identify(dev_spade/lib/python3.10/site-packages/pip/_vendor/platformdirs) by extension 'python'
[0.521s] Level 1:colcon.colcon_core.package_identification:_identify(dev_spade/lib/python3.10/site-packages/pip/_vendor/platformdirs) by extensions ['python_setup_py']
[0.521s] Level 1:colcon.colcon_core.package_identification:_identify(dev_spade/lib/python3.10/site-packages/pip/_vendor/platformdirs) by extension 'python_setup_py'
[0.521s] Level 1:colcon.colcon_core.package_identification:_identify(dev_spade/lib/python3.10/site-packages/pip/_vendor/platformdirs/__pycache__) by extensions ['ignore', 'ignore_ament_install']
[0.521s] Level 1:colcon.colcon_core.package_identification:_identify(dev_spade/lib/python3.10/site-packages/pip/_vendor/platformdirs/__pycache__) by extension 'ignore'
[0.521s] Level 1:colcon.colcon_core.package_identification:_identify(dev_spade/lib/python3.10/site-packages/pip/_vendor/platformdirs/__pycache__) by extension 'ignore_ament_install'
[0.521s] Level 1:colcon.colcon_core.package_identification:_identify(dev_spade/lib/python3.10/site-packages/pip/_vendor/platformdirs/__pycache__) by extensions ['colcon_pkg']
[0.521s] Level 1:colcon.colcon_core.package_identification:_identify(dev_spade/lib/python3.10/site-packages/pip/_vendor/platformdirs/__pycache__) by extension 'colcon_pkg'
[0.521s] Level 1:colcon.colcon_core.package_identification:_identify(dev_spade/lib/python3.10/site-packages/pip/_vendor/platformdirs/__pycache__) by extensions ['colcon_meta']
[0.521s] Level 1:colcon.colcon_core.package_identification:_identify(dev_spade/lib/python3.10/site-packages/pip/_vendor/platformdirs/__pycache__) by extension 'colcon_meta'
[0.521s] Level 1:colcon.colcon_core.package_identification:_identify(dev_spade/lib/python3.10/site-packages/pip/_vendor/platformdirs/__pycache__) by extensions ['ros']
[0.521s] Level 1:colcon.colcon_core.package_identification:_identify(dev_spade/lib/python3.10/site-packages/pip/_vendor/platformdirs/__pycache__) by extension 'ros'
[0.521s] Level 1:colcon.colcon_core.package_identification:_identify(dev_spade/lib/python3.10/site-packages/pip/_vendor/platformdirs/__pycache__) by extensions ['cmake', 'python']
[0.521s] Level 1:colcon.colcon_core.package_identification:_identify(dev_spade/lib/python3.10/site-packages/pip/_vendor/platformdirs/__pycache__) by extension 'cmake'
[0.521s] Level 1:colcon.colcon_core.package_identification:_identify(dev_spade/lib/python3.10/site-packages/pip/_vendor/platformdirs/__pycache__) by extension 'python'
[0.521s] Level 1:colcon.colcon_core.package_identification:_identify(dev_spade/lib/python3.10/site-packages/pip/_vendor/platformdirs/__pycache__) by extensions ['python_setup_py']
[0.521s] Level 1:colcon.colcon_core.package_identification:_identify(dev_spade/lib/python3.10/site-packages/pip/_vendor/platformdirs/__pycache__) by extension 'python_setup_py'
[0.522s] Level 1:colcon.colcon_core.package_identification:_identify(dev_spade/lib/python3.10/site-packages/pip/_vendor/progress) by extensions ['ignore', 'ignore_ament_install']
[0.522s] Level 1:colcon.colcon_core.package_identification:_identify(dev_spade/lib/python3.10/site-packages/pip/_vendor/progress) by extension 'ignore'
[0.522s] Level 1:colcon.colcon_core.package_identification:_identify(dev_spade/lib/python3.10/site-packages/pip/_vendor/progress) by extension 'ignore_ament_install'
[0.522s] Level 1:colcon.colcon_core.package_identification:_identify(dev_spade/lib/python3.10/site-packages/pip/_vendor/progress) by extensions ['colcon_pkg']
[0.522s] Level 1:colcon.colcon_core.package_identification:_identify(dev_spade/lib/python3.10/site-packages/pip/_vendor/progress) by extension 'colcon_pkg'
[0.522s] Level 1:colcon.colcon_core.package_identification:_identify(dev_spade/lib/python3.10/site-packages/pip/_vendor/progress) by extensions ['colcon_meta']
[0.522s] Level 1:colcon.colcon_core.package_identification:_identify(dev_spade/lib/python3.10/site-packages/pip/_vendor/progress) by extension 'colcon_meta'
[0.522s] Level 1:colcon.colcon_core.package_identification:_identify(dev_spade/lib/python3.10/site-packages/pip/_vendor/progress) by extensions ['ros']
[0.522s] Level 1:colcon.colcon_core.package_identification:_identify(dev_spade/lib/python3.10/site-packages/pip/_vendor/progress) by extension 'ros'
[0.522s] Level 1:colcon.colcon_core.package_identification:_identify(dev_spade/lib/python3.10/site-packages/pip/_vendor/progress) by extensions ['cmake', 'python']
[0.522s] Level 1:colcon.colcon_core.package_identification:_identify(dev_spade/lib/python3.10/site-packages/pip/_vendor/progress) by extension 'cmake'
[0.522s] Level 1:colcon.colcon_core.package_identification:_identify(dev_spade/lib/python3.10/site-packages/pip/_vendor/progress) by extension 'python'
[0.522s] Level 1:colcon.colcon_core.package_identification:_identify(dev_spade/lib/python3.10/site-packages/pip/_vendor/progress) by extensions ['python_setup_py']
[0.522s] Level 1:colcon.colcon_core.package_identification:_identify(dev_spade/lib/python3.10/site-packages/pip/_vendor/progress) by extension 'python_setup_py'
[0.522s] Level 1:colcon.colcon_core.package_identification:_identify(dev_spade/lib/python3.10/site-packages/pip/_vendor/progress/__pycache__) by extensions ['ignore', 'ignore_ament_install']
[0.522s] Level 1:colcon.colcon_core.package_identification:_identify(dev_spade/lib/python3.10/site-packages/pip/_vendor/progress/__pycache__) by extension 'ignore'
[0.523s] Level 1:colcon.colcon_core.package_identification:_identify(dev_spade/lib/python3.10/site-packages/pip/_vendor/progress/__pycache__) by extension 'ignore_ament_install'
[0.523s] Level 1:colcon.colcon_core.package_identification:_identify(dev_spade/lib/python3.10/site-packages/pip/_vendor/progress/__pycache__) by extensions ['colcon_pkg']
[0.523s] Level 1:colcon.colcon_core.package_identification:_identify(dev_spade/lib/python3.10/site-packages/pip/_vendor/progress/__pycache__) by extension 'colcon_pkg'
[0.523s] Level 1:colcon.colcon_core.package_identification:_identify(dev_spade/lib/python3.10/site-packages/pip/_vendor/progress/__pycache__) by extensions ['colcon_meta']
[0.523s] Level 1:colcon.colcon_core.package_identification:_identify(dev_spade/lib/python3.10/site-packages/pip/_vendor/progress/__pycache__) by extension 'colcon_meta'
[0.523s] Level 1:colcon.colcon_core.package_identification:_identify(dev_spade/lib/python3.10/site-packages/pip/_vendor/progress/__pycache__) by extensions ['ros']
[0.523s] Level 1:colcon.colcon_core.package_identification:_identify(dev_spade/lib/python3.10/site-packages/pip/_vendor/progress/__pycache__) by extension 'ros'
[0.523s] Level 1:colcon.colcon_core.package_identification:_identify(dev_spade/lib/python3.10/site-packages/pip/_vendor/progress/__pycache__) by extensions ['cmake', 'python']
[0.523s] Level 1:colcon.colcon_core.package_identification:_identify(dev_spade/lib/python3.10/site-packages/pip/_vendor/progress/__pycache__) by extension 'cmake'
[0.523s] Level 1:colcon.colcon_core.package_identification:_identify(dev_spade/lib/python3.10/site-packages/pip/_vendor/progress/__pycache__) by extension 'python'
[0.523s] Level 1:colcon.colcon_core.package_identification:_identify(dev_spade/lib/python3.10/site-packages/pip/_vendor/progress/__pycache__) by extensions ['python_setup_py']
[0.523s] Level 1:colcon.colcon_core.package_identification:_identify(dev_spade/lib/python3.10/site-packages/pip/_vendor/progress/__pycache__) by extension 'python_setup_py'
[0.523s] Level 1:colcon.colcon_core.package_identification:_identify(dev_spade/lib/python3.10/site-packages/pip/_vendor/pygments) by extensions ['ignore', 'ignore_ament_install']
[0.523s] Level 1:colcon.colcon_core.package_identification:_identify(dev_spade/lib/python3.10/site-packages/pip/_vendor/pygments) by extension 'ignore'
[0.523s] Level 1:colcon.colcon_core.package_identification:_identify(dev_spade/lib/python3.10/site-packages/pip/_vendor/pygments) by extension 'ignore_ament_install'
[0.523s] Level 1:colcon.colcon_core.package_identification:_identify(dev_spade/lib/python3.10/site-packages/pip/_vendor/pygments) by extensions ['colcon_pkg']
[0.523s] Level 1:colcon.colcon_core.package_identification:_identify(dev_spade/lib/python3.10/site-packages/pip/_vendor/pygments) by extension 'colcon_pkg'
[0.523s] Level 1:colcon.colcon_core.package_identification:_identify(dev_spade/lib/python3.10/site-packages/pip/_vendor/pygments) by extensions ['colcon_meta']
[0.523s] Level 1:colcon.colcon_core.package_identification:_identify(dev_spade/lib/python3.10/site-packages/pip/_vendor/pygments) by extension 'colcon_meta'
[0.523s] Level 1:colcon.colcon_core.package_identification:_identify(dev_spade/lib/python3.10/site-packages/pip/_vendor/pygments) by extensions ['ros']
[0.523s] Level 1:colcon.colcon_core.package_identification:_identify(dev_spade/lib/python3.10/site-packages/pip/_vendor/pygments) by extension 'ros'
[0.523s] Level 1:colcon.colcon_core.package_identification:_identify(dev_spade/lib/python3.10/site-packages/pip/_vendor/pygments) by extensions ['cmake', 'python']
[0.523s] Level 1:colcon.colcon_core.package_identification:_identify(dev_spade/lib/python3.10/site-packages/pip/_vendor/pygments) by extension 'cmake'
[0.523s] Level 1:colcon.colcon_core.package_identification:_identify(dev_spade/lib/python3.10/site-packages/pip/_vendor/pygments) by extension 'python'
[0.523s] Level 1:colcon.colcon_core.package_identification:_identify(dev_spade/lib/python3.10/site-packages/pip/_vendor/pygments) by extensions ['python_setup_py']
[0.524s] Level 1:colcon.colcon_core.package_identification:_identify(dev_spade/lib/python3.10/site-packages/pip/_vendor/pygments) by extension 'python_setup_py'
[0.524s] Level 1:colcon.colcon_core.package_identification:_identify(dev_spade/lib/python3.10/site-packages/pip/_vendor/pygments/__pycache__) by extensions ['ignore', 'ignore_ament_install']
[0.524s] Level 1:colcon.colcon_core.package_identification:_identify(dev_spade/lib/python3.10/site-packages/pip/_vendor/pygments/__pycache__) by extension 'ignore'
[0.524s] Level 1:colcon.colcon_core.package_identification:_identify(dev_spade/lib/python3.10/site-packages/pip/_vendor/pygments/__pycache__) by extension 'ignore_ament_install'
[0.524s] Level 1:colcon.colcon_core.package_identification:_identify(dev_spade/lib/python3.10/site-packages/pip/_vendor/pygments/__pycache__) by extensions ['colcon_pkg']
[0.524s] Level 1:colcon.colcon_core.package_identification:_identify(dev_spade/lib/python3.10/site-packages/pip/_vendor/pygments/__pycache__) by extension 'colcon_pkg'
[0.524s] Level 1:colcon.colcon_core.package_identification:_identify(dev_spade/lib/python3.10/site-packages/pip/_vendor/pygments/__pycache__) by extensions ['colcon_meta']
[0.524s] Level 1:colcon.colcon_core.package_identification:_identify(dev_spade/lib/python3.10/site-packages/pip/_vendor/pygments/__pycache__) by extension 'colcon_meta'
[0.524s] Level 1:colcon.colcon_core.package_identification:_identify(dev_spade/lib/python3.10/site-packages/pip/_vendor/pygments/__pycache__) by extensions ['ros']
[0.524s] Level 1:colcon.colcon_core.package_identification:_identify(dev_spade/lib/python3.10/site-packages/pip/_vendor/pygments/__pycache__) by extension 'ros'
[0.524s] Level 1:colcon.colcon_core.package_identification:_identify(dev_spade/lib/python3.10/site-packages/pip/_vendor/pygments/__pycache__) by extensions ['cmake', 'python']
[0.524s] Level 1:colcon.colcon_core.package_identification:_identify(dev_spade/lib/python3.10/site-packages/pip/_vendor/pygments/__pycache__) by extension 'cmake'
[0.524s] Level 1:colcon.colcon_core.package_identification:_identify(dev_spade/lib/python3.10/site-packages/pip/_vendor/pygments/__pycache__) by extension 'python'
[0.524s] Level 1:colcon.colcon_core.package_identification:_identify(dev_spade/lib/python3.10/site-packages/pip/_vendor/pygments/__pycache__) by extensions ['python_setup_py']
[0.524s] Level 1:colcon.colcon_core.package_identification:_identify(dev_spade/lib/python3.10/site-packages/pip/_vendor/pygments/__pycache__) by extension 'python_setup_py'
[0.524s] Level 1:colcon.colcon_core.package_identification:_identify(dev_spade/lib/python3.10/site-packages/pip/_vendor/pygments/filters) by extensions ['ignore', 'ignore_ament_install']
[0.525s] Level 1:colcon.colcon_core.package_identification:_identify(dev_spade/lib/python3.10/site-packages/pip/_vendor/pygments/filters) by extension 'ignore'
[0.525s] Level 1:colcon.colcon_core.package_identification:_identify(dev_spade/lib/python3.10/site-packages/pip/_vendor/pygments/filters) by extension 'ignore_ament_install'
[0.525s] Level 1:colcon.colcon_core.package_identification:_identify(dev_spade/lib/python3.10/site-packages/pip/_vendor/pygments/filters) by extensions ['colcon_pkg']
[0.525s] Level 1:colcon.colcon_core.package_identification:_identify(dev_spade/lib/python3.10/site-packages/pip/_vendor/pygments/filters) by extension 'colcon_pkg'
[0.525s] Level 1:colcon.colcon_core.package_identification:_identify(dev_spade/lib/python3.10/site-packages/pip/_vendor/pygments/filters) by extensions ['colcon_meta']
[0.525s] Level 1:colcon.colcon_core.package_identification:_identify(dev_spade/lib/python3.10/site-packages/pip/_vendor/pygments/filters) by extension 'colcon_meta'
[0.525s] Level 1:colcon.colcon_core.package_identification:_identify(dev_spade/lib/python3.10/site-packages/pip/_vendor/pygments/filters) by extensions ['ros']
[0.525s] Level 1:colcon.colcon_core.package_identification:_identify(dev_spade/lib/python3.10/site-packages/pip/_vendor/pygments/filters) by extension 'ros'
[0.525s] Level 1:colcon.colcon_core.package_identification:_identify(dev_spade/lib/python3.10/site-packages/pip/_vendor/pygments/filters) by extensions ['cmake', 'python']
[0.525s] Level 1:colcon.colcon_core.package_identification:_identify(dev_spade/lib/python3.10/site-packages/pip/_vendor/pygments/filters) by extension 'cmake'
[0.525s] Level 1:colcon.colcon_core.package_identification:_identify(dev_spade/lib/python3.10/site-packages/pip/_vendor/pygments/filters) by extension 'python'
[0.525s] Level 1:colcon.colcon_core.package_identification:_identify(dev_spade/lib/python3.10/site-packages/pip/_vendor/pygments/filters) by extensions ['python_setup_py']
[0.525s] Level 1:colcon.colcon_core.package_identification:_identify(dev_spade/lib/python3.10/site-packages/pip/_vendor/pygments/filters) by extension 'python_setup_py'
[0.525s] Level 1:colcon.colcon_core.package_identification:_identify(dev_spade/lib/python3.10/site-packages/pip/_vendor/pygments/filters/__pycache__) by extensions ['ignore', 'ignore_ament_install']
[0.525s] Level 1:colcon.colcon_core.package_identification:_identify(dev_spade/lib/python3.10/site-packages/pip/_vendor/pygments/filters/__pycache__) by extension 'ignore'
[0.525s] Level 1:colcon.colcon_core.package_identification:_identify(dev_spade/lib/python3.10/site-packages/pip/_vendor/pygments/filters/__pycache__) by extension 'ignore_ament_install'
[0.525s] Level 1:colcon.colcon_core.package_identification:_identify(dev_spade/lib/python3.10/site-packages/pip/_vendor/pygments/filters/__pycache__) by extensions ['colcon_pkg']
[0.525s] Level 1:colcon.colcon_core.package_identification:_identify(dev_spade/lib/python3.10/site-packages/pip/_vendor/pygments/filters/__pycache__) by extension 'colcon_pkg'
[0.525s] Level 1:colcon.colcon_core.package_identification:_identify(dev_spade/lib/python3.10/site-packages/pip/_vendor/pygments/filters/__pycache__) by extensions ['colcon_meta']
[0.525s] Level 1:colcon.colcon_core.package_identification:_identify(dev_spade/lib/python3.10/site-packages/pip/_vendor/pygments/filters/__pycache__) by extension 'colcon_meta'
[0.525s] Level 1:colcon.colcon_core.package_identification:_identify(dev_spade/lib/python3.10/site-packages/pip/_vendor/pygments/filters/__pycache__) by extensions ['ros']
[0.525s] Level 1:colcon.colcon_core.package_identification:_identify(dev_spade/lib/python3.10/site-packages/pip/_vendor/pygments/filters/__pycache__) by extension 'ros'
[0.525s] Level 1:colcon.colcon_core.package_identification:_identify(dev_spade/lib/python3.10/site-packages/pip/_vendor/pygments/filters/__pycache__) by extensions ['cmake', 'python']
[0.526s] Level 1:colcon.colcon_core.package_identification:_identify(dev_spade/lib/python3.10/site-packages/pip/_vendor/pygments/filters/__pycache__) by extension 'cmake'
[0.526s] Level 1:colcon.colcon_core.package_identification:_identify(dev_spade/lib/python3.10/site-packages/pip/_vendor/pygments/filters/__pycache__) by extension 'python'
[0.526s] Level 1:colcon.colcon_core.package_identification:_identify(dev_spade/lib/python3.10/site-packages/pip/_vendor/pygments/filters/__pycache__) by extensions ['python_setup_py']
[0.526s] Level 1:colcon.colcon_core.package_identification:_identify(dev_spade/lib/python3.10/site-packages/pip/_vendor/pygments/filters/__pycache__) by extension 'python_setup_py'
[0.526s] Level 1:colcon.colcon_core.package_identification:_identify(dev_spade/lib/python3.10/site-packages/pip/_vendor/pygments/formatters) by extensions ['ignore', 'ignore_ament_install']
[0.526s] Level 1:colcon.colcon_core.package_identification:_identify(dev_spade/lib/python3.10/site-packages/pip/_vendor/pygments/formatters) by extension 'ignore'
[0.526s] Level 1:colcon.colcon_core.package_identification:_identify(dev_spade/lib/python3.10/site-packages/pip/_vendor/pygments/formatters) by extension 'ignore_ament_install'
[0.526s] Level 1:colcon.colcon_core.package_identification:_identify(dev_spade/lib/python3.10/site-packages/pip/_vendor/pygments/formatters) by extensions ['colcon_pkg']
[0.526s] Level 1:colcon.colcon_core.package_identification:_identify(dev_spade/lib/python3.10/site-packages/pip/_vendor/pygments/formatters) by extension 'colcon_pkg'
[0.526s] Level 1:colcon.colcon_core.package_identification:_identify(dev_spade/lib/python3.10/site-packages/pip/_vendor/pygments/formatters) by extensions ['colcon_meta']
[0.526s] Level 1:colcon.colcon_core.package_identification:_identify(dev_spade/lib/python3.10/site-packages/pip/_vendor/pygments/formatters) by extension 'colcon_meta'
[0.526s] Level 1:colcon.colcon_core.package_identification:_identify(dev_spade/lib/python3.10/site-packages/pip/_vendor/pygments/formatters) by extensions ['ros']
[0.526s] Level 1:colcon.colcon_core.package_identification:_identify(dev_spade/lib/python3.10/site-packages/pip/_vendor/pygments/formatters) by extension 'ros'
[0.526s] Level 1:colcon.colcon_core.package_identification:_identify(dev_spade/lib/python3.10/site-packages/pip/_vendor/pygments/formatters) by extensions ['cmake', 'python']
[0.526s] Level 1:colcon.colcon_core.package_identification:_identify(dev_spade/lib/python3.10/site-packages/pip/_vendor/pygments/formatters) by extension 'cmake'
[0.526s] Level 1:colcon.colcon_core.package_identification:_identify(dev_spade/lib/python3.10/site-packages/pip/_vendor/pygments/formatters) by extension 'python'
[0.526s] Level 1:colcon.colcon_core.package_identification:_identify(dev_spade/lib/python3.10/site-packages/pip/_vendor/pygments/formatters) by extensions ['python_setup_py']
[0.526s] Level 1:colcon.colcon_core.package_identification:_identify(dev_spade/lib/python3.10/site-packages/pip/_vendor/pygments/formatters) by extension 'python_setup_py'
[0.527s] Level 1:colcon.colcon_core.package_identification:_identify(dev_spade/lib/python3.10/site-packages/pip/_vendor/pygments/formatters/__pycache__) by extensions ['ignore', 'ignore_ament_install']
[0.527s] Level 1:colcon.colcon_core.package_identification:_identify(dev_spade/lib/python3.10/site-packages/pip/_vendor/pygments/formatters/__pycache__) by extension 'ignore'
[0.527s] Level 1:colcon.colcon_core.package_identification:_identify(dev_spade/lib/python3.10/site-packages/pip/_vendor/pygments/formatters/__pycache__) by extension 'ignore_ament_install'
[0.527s] Level 1:colcon.colcon_core.package_identification:_identify(dev_spade/lib/python3.10/site-packages/pip/_vendor/pygments/formatters/__pycache__) by extensions ['colcon_pkg']
[0.527s] Level 1:colcon.colcon_core.package_identification:_identify(dev_spade/lib/python3.10/site-packages/pip/_vendor/pygments/formatters/__pycache__) by extension 'colcon_pkg'
[0.527s] Level 1:colcon.colcon_core.package_identification:_identify(dev_spade/lib/python3.10/site-packages/pip/_vendor/pygments/formatters/__pycache__) by extensions ['colcon_meta']
[0.527s] Level 1:colcon.colcon_core.package_identification:_identify(dev_spade/lib/python3.10/site-packages/pip/_vendor/pygments/formatters/__pycache__) by extension 'colcon_meta'
[0.527s] Level 1:colcon.colcon_core.package_identification:_identify(dev_spade/lib/python3.10/site-packages/pip/_vendor/pygments/formatters/__pycache__) by extensions ['ros']
[0.527s] Level 1:colcon.colcon_core.package_identification:_identify(dev_spade/lib/python3.10/site-packages/pip/_vendor/pygments/formatters/__pycache__) by extension 'ros'
[0.527s] Level 1:colcon.colcon_core.package_identification:_identify(dev_spade/lib/python3.10/site-packages/pip/_vendor/pygments/formatters/__pycache__) by extensions ['cmake', 'python']
[0.527s] Level 1:colcon.colcon_core.package_identification:_identify(dev_spade/lib/python3.10/site-packages/pip/_vendor/pygments/formatters/__pycache__) by extension 'cmake'
[0.527s] Level 1:colcon.colcon_core.package_identification:_identify(dev_spade/lib/python3.10/site-packages/pip/_vendor/pygments/formatters/__pycache__) by extension 'python'
[0.527s] Level 1:colcon.colcon_core.package_identification:_identify(dev_spade/lib/python3.10/site-packages/pip/_vendor/pygments/formatters/__pycache__) by extensions ['python_setup_py']
[0.527s] Level 1:colcon.colcon_core.package_identification:_identify(dev_spade/lib/python3.10/site-packages/pip/_vendor/pygments/formatters/__pycache__) by extension 'python_setup_py'
[0.527s] Level 1:colcon.colcon_core.package_identification:_identify(dev_spade/lib/python3.10/site-packages/pip/_vendor/pygments/lexers) by extensions ['ignore', 'ignore_ament_install']
[0.527s] Level 1:colcon.colcon_core.package_identification:_identify(dev_spade/lib/python3.10/site-packages/pip/_vendor/pygments/lexers) by extension 'ignore'
[0.527s] Level 1:colcon.colcon_core.package_identification:_identify(dev_spade/lib/python3.10/site-packages/pip/_vendor/pygments/lexers) by extension 'ignore_ament_install'
[0.527s] Level 1:colcon.colcon_core.package_identification:_identify(dev_spade/lib/python3.10/site-packages/pip/_vendor/pygments/lexers) by extensions ['colcon_pkg']
[0.528s] Level 1:colcon.colcon_core.package_identification:_identify(dev_spade/lib/python3.10/site-packages/pip/_vendor/pygments/lexers) by extension 'colcon_pkg'
[0.528s] Level 1:colcon.colcon_core.package_identification:_identify(dev_spade/lib/python3.10/site-packages/pip/_vendor/pygments/lexers) by extensions ['colcon_meta']
[0.528s] Level 1:colcon.colcon_core.package_identification:_identify(dev_spade/lib/python3.10/site-packages/pip/_vendor/pygments/lexers) by extension 'colcon_meta'
[0.528s] Level 1:colcon.colcon_core.package_identification:_identify(dev_spade/lib/python3.10/site-packages/pip/_vendor/pygments/lexers) by extensions ['ros']
[0.528s] Level 1:colcon.colcon_core.package_identification:_identify(dev_spade/lib/python3.10/site-packages/pip/_vendor/pygments/lexers) by extension 'ros'
[0.528s] Level 1:colcon.colcon_core.package_identification:_identify(dev_spade/lib/python3.10/site-packages/pip/_vendor/pygments/lexers) by extensions ['cmake', 'python']
[0.528s] Level 1:colcon.colcon_core.package_identification:_identify(dev_spade/lib/python3.10/site-packages/pip/_vendor/pygments/lexers) by extension 'cmake'
[0.528s] Level 1:colcon.colcon_core.package_identification:_identify(dev_spade/lib/python3.10/site-packages/pip/_vendor/pygments/lexers) by extension 'python'
[0.528s] Level 1:colcon.colcon_core.package_identification:_identify(dev_spade/lib/python3.10/site-packages/pip/_vendor/pygments/lexers) by extensions ['python_setup_py']
[0.528s] Level 1:colcon.colcon_core.package_identification:_identify(dev_spade/lib/python3.10/site-packages/pip/_vendor/pygments/lexers) by extension 'python_setup_py'
[0.528s] Level 1:colcon.colcon_core.package_identification:_identify(dev_spade/lib/python3.10/site-packages/pip/_vendor/pygments/lexers/__pycache__) by extensions ['ignore', 'ignore_ament_install']
[0.528s] Level 1:colcon.colcon_core.package_identification:_identify(dev_spade/lib/python3.10/site-packages/pip/_vendor/pygments/lexers/__pycache__) by extension 'ignore'
[0.528s] Level 1:colcon.colcon_core.package_identification:_identify(dev_spade/lib/python3.10/site-packages/pip/_vendor/pygments/lexers/__pycache__) by extension 'ignore_ament_install'
[0.528s] Level 1:colcon.colcon_core.package_identification:_identify(dev_spade/lib/python3.10/site-packages/pip/_vendor/pygments/lexers/__pycache__) by extensions ['colcon_pkg']
[0.528s] Level 1:colcon.colcon_core.package_identification:_identify(dev_spade/lib/python3.10/site-packages/pip/_vendor/pygments/lexers/__pycache__) by extension 'colcon_pkg'
[0.528s] Level 1:colcon.colcon_core.package_identification:_identify(dev_spade/lib/python3.10/site-packages/pip/_vendor/pygments/lexers/__pycache__) by extensions ['colcon_meta']
[0.528s] Level 1:colcon.colcon_core.package_identification:_identify(dev_spade/lib/python3.10/site-packages/pip/_vendor/pygments/lexers/__pycache__) by extension 'colcon_meta'
[0.528s] Level 1:colcon.colcon_core.package_identification:_identify(dev_spade/lib/python3.10/site-packages/pip/_vendor/pygments/lexers/__pycache__) by extensions ['ros']
[0.528s] Level 1:colcon.colcon_core.package_identification:_identify(dev_spade/lib/python3.10/site-packages/pip/_vendor/pygments/lexers/__pycache__) by extension 'ros'
[0.528s] Level 1:colcon.colcon_core.package_identification:_identify(dev_spade/lib/python3.10/site-packages/pip/_vendor/pygments/lexers/__pycache__) by extensions ['cmake', 'python']
[0.528s] Level 1:colcon.colcon_core.package_identification:_identify(dev_spade/lib/python3.10/site-packages/pip/_vendor/pygments/lexers/__pycache__) by extension 'cmake'
[0.528s] Level 1:colcon.colcon_core.package_identification:_identify(dev_spade/lib/python3.10/site-packages/pip/_vendor/pygments/lexers/__pycache__) by extension 'python'
[0.528s] Level 1:colcon.colcon_core.package_identification:_identify(dev_spade/lib/python3.10/site-packages/pip/_vendor/pygments/lexers/__pycache__) by extensions ['python_setup_py']
[0.528s] Level 1:colcon.colcon_core.package_identification:_identify(dev_spade/lib/python3.10/site-packages/pip/_vendor/pygments/lexers/__pycache__) by extension 'python_setup_py'
[0.529s] Level 1:colcon.colcon_core.package_identification:_identify(dev_spade/lib/python3.10/site-packages/pip/_vendor/pygments/styles) by extensions ['ignore', 'ignore_ament_install']
[0.529s] Level 1:colcon.colcon_core.package_identification:_identify(dev_spade/lib/python3.10/site-packages/pip/_vendor/pygments/styles) by extension 'ignore'
[0.529s] Level 1:colcon.colcon_core.package_identification:_identify(dev_spade/lib/python3.10/site-packages/pip/_vendor/pygments/styles) by extension 'ignore_ament_install'
[0.529s] Level 1:colcon.colcon_core.package_identification:_identify(dev_spade/lib/python3.10/site-packages/pip/_vendor/pygments/styles) by extensions ['colcon_pkg']
[0.529s] Level 1:colcon.colcon_core.package_identification:_identify(dev_spade/lib/python3.10/site-packages/pip/_vendor/pygments/styles) by extension 'colcon_pkg'
[0.529s] Level 1:colcon.colcon_core.package_identification:_identify(dev_spade/lib/python3.10/site-packages/pip/_vendor/pygments/styles) by extensions ['colcon_meta']
[0.529s] Level 1:colcon.colcon_core.package_identification:_identify(dev_spade/lib/python3.10/site-packages/pip/_vendor/pygments/styles) by extension 'colcon_meta'
[0.529s] Level 1:colcon.colcon_core.package_identification:_identify(dev_spade/lib/python3.10/site-packages/pip/_vendor/pygments/styles) by extensions ['ros']
[0.529s] Level 1:colcon.colcon_core.package_identification:_identify(dev_spade/lib/python3.10/site-packages/pip/_vendor/pygments/styles) by extension 'ros'
[0.529s] Level 1:colcon.colcon_core.package_identification:_identify(dev_spade/lib/python3.10/site-packages/pip/_vendor/pygments/styles) by extensions ['cmake', 'python']
[0.529s] Level 1:colcon.colcon_core.package_identification:_identify(dev_spade/lib/python3.10/site-packages/pip/_vendor/pygments/styles) by extension 'cmake'
[0.529s] Level 1:colcon.colcon_core.package_identification:_identify(dev_spade/lib/python3.10/site-packages/pip/_vendor/pygments/styles) by extension 'python'
[0.529s] Level 1:colcon.colcon_core.package_identification:_identify(dev_spade/lib/python3.10/site-packages/pip/_vendor/pygments/styles) by extensions ['python_setup_py']
[0.529s] Level 1:colcon.colcon_core.package_identification:_identify(dev_spade/lib/python3.10/site-packages/pip/_vendor/pygments/styles) by extension 'python_setup_py'
[0.529s] Level 1:colcon.colcon_core.package_identification:_identify(dev_spade/lib/python3.10/site-packages/pip/_vendor/pygments/styles/__pycache__) by extensions ['ignore', 'ignore_ament_install']
[0.529s] Level 1:colcon.colcon_core.package_identification:_identify(dev_spade/lib/python3.10/site-packages/pip/_vendor/pygments/styles/__pycache__) by extension 'ignore'
[0.529s] Level 1:colcon.colcon_core.package_identification:_identify(dev_spade/lib/python3.10/site-packages/pip/_vendor/pygments/styles/__pycache__) by extension 'ignore_ament_install'
[0.530s] Level 1:colcon.colcon_core.package_identification:_identify(dev_spade/lib/python3.10/site-packages/pip/_vendor/pygments/styles/__pycache__) by extensions ['colcon_pkg']
[0.530s] Level 1:colcon.colcon_core.package_identification:_identify(dev_spade/lib/python3.10/site-packages/pip/_vendor/pygments/styles/__pycache__) by extension 'colcon_pkg'
[0.530s] Level 1:colcon.colcon_core.package_identification:_identify(dev_spade/lib/python3.10/site-packages/pip/_vendor/pygments/styles/__pycache__) by extensions ['colcon_meta']
[0.530s] Level 1:colcon.colcon_core.package_identification:_identify(dev_spade/lib/python3.10/site-packages/pip/_vendor/pygments/styles/__pycache__) by extension 'colcon_meta'
[0.530s] Level 1:colcon.colcon_core.package_identification:_identify(dev_spade/lib/python3.10/site-packages/pip/_vendor/pygments/styles/__pycache__) by extensions ['ros']
[0.530s] Level 1:colcon.colcon_core.package_identification:_identify(dev_spade/lib/python3.10/site-packages/pip/_vendor/pygments/styles/__pycache__) by extension 'ros'
[0.530s] Level 1:colcon.colcon_core.package_identification:_identify(dev_spade/lib/python3.10/site-packages/pip/_vendor/pygments/styles/__pycache__) by extensions ['cmake', 'python']
[0.530s] Level 1:colcon.colcon_core.package_identification:_identify(dev_spade/lib/python3.10/site-packages/pip/_vendor/pygments/styles/__pycache__) by extension 'cmake'
[0.530s] Level 1:colcon.colcon_core.package_identification:_identify(dev_spade/lib/python3.10/site-packages/pip/_vendor/pygments/styles/__pycache__) by extension 'python'
[0.530s] Level 1:colcon.colcon_core.package_identification:_identify(dev_spade/lib/python3.10/site-packages/pip/_vendor/pygments/styles/__pycache__) by extensions ['python_setup_py']
[0.530s] Level 1:colcon.colcon_core.package_identification:_identify(dev_spade/lib/python3.10/site-packages/pip/_vendor/pygments/styles/__pycache__) by extension 'python_setup_py'
[0.530s] Level 1:colcon.colcon_core.package_identification:_identify(dev_spade/lib/python3.10/site-packages/pip/_vendor/pyparsing) by extensions ['ignore', 'ignore_ament_install']
[0.530s] Level 1:colcon.colcon_core.package_identification:_identify(dev_spade/lib/python3.10/site-packages/pip/_vendor/pyparsing) by extension 'ignore'
[0.530s] Level 1:colcon.colcon_core.package_identification:_identify(dev_spade/lib/python3.10/site-packages/pip/_vendor/pyparsing) by extension 'ignore_ament_install'
[0.530s] Level 1:colcon.colcon_core.package_identification:_identify(dev_spade/lib/python3.10/site-packages/pip/_vendor/pyparsing) by extensions ['colcon_pkg']
[0.530s] Level 1:colcon.colcon_core.package_identification:_identify(dev_spade/lib/python3.10/site-packages/pip/_vendor/pyparsing) by extension 'colcon_pkg'
[0.530s] Level 1:colcon.colcon_core.package_identification:_identify(dev_spade/lib/python3.10/site-packages/pip/_vendor/pyparsing) by extensions ['colcon_meta']
[0.530s] Level 1:colcon.colcon_core.package_identification:_identify(dev_spade/lib/python3.10/site-packages/pip/_vendor/pyparsing) by extension 'colcon_meta'
[0.530s] Level 1:colcon.colcon_core.package_identification:_identify(dev_spade/lib/python3.10/site-packages/pip/_vendor/pyparsing) by extensions ['ros']
[0.530s] Level 1:colcon.colcon_core.package_identification:_identify(dev_spade/lib/python3.10/site-packages/pip/_vendor/pyparsing) by extension 'ros'
[0.530s] Level 1:colcon.colcon_core.package_identification:_identify(dev_spade/lib/python3.10/site-packages/pip/_vendor/pyparsing) by extensions ['cmake', 'python']
[0.530s] Level 1:colcon.colcon_core.package_identification:_identify(dev_spade/lib/python3.10/site-packages/pip/_vendor/pyparsing) by extension 'cmake'
[0.530s] Level 1:colcon.colcon_core.package_identification:_identify(dev_spade/lib/python3.10/site-packages/pip/_vendor/pyparsing) by extension 'python'
[0.530s] Level 1:colcon.colcon_core.package_identification:_identify(dev_spade/lib/python3.10/site-packages/pip/_vendor/pyparsing) by extensions ['python_setup_py']
[0.530s] Level 1:colcon.colcon_core.package_identification:_identify(dev_spade/lib/python3.10/site-packages/pip/_vendor/pyparsing) by extension 'python_setup_py'
[0.531s] Level 1:colcon.colcon_core.package_identification:_identify(dev_spade/lib/python3.10/site-packages/pip/_vendor/pyparsing/__pycache__) by extensions ['ignore', 'ignore_ament_install']
[0.531s] Level 1:colcon.colcon_core.package_identification:_identify(dev_spade/lib/python3.10/site-packages/pip/_vendor/pyparsing/__pycache__) by extension 'ignore'
[0.531s] Level 1:colcon.colcon_core.package_identification:_identify(dev_spade/lib/python3.10/site-packages/pip/_vendor/pyparsing/__pycache__) by extension 'ignore_ament_install'
[0.531s] Level 1:colcon.colcon_core.package_identification:_identify(dev_spade/lib/python3.10/site-packages/pip/_vendor/pyparsing/__pycache__) by extensions ['colcon_pkg']
[0.531s] Level 1:colcon.colcon_core.package_identification:_identify(dev_spade/lib/python3.10/site-packages/pip/_vendor/pyparsing/__pycache__) by extension 'colcon_pkg'
[0.531s] Level 1:colcon.colcon_core.package_identification:_identify(dev_spade/lib/python3.10/site-packages/pip/_vendor/pyparsing/__pycache__) by extensions ['colcon_meta']
[0.531s] Level 1:colcon.colcon_core.package_identification:_identify(dev_spade/lib/python3.10/site-packages/pip/_vendor/pyparsing/__pycache__) by extension 'colcon_meta'
[0.531s] Level 1:colcon.colcon_core.package_identification:_identify(dev_spade/lib/python3.10/site-packages/pip/_vendor/pyparsing/__pycache__) by extensions ['ros']
[0.531s] Level 1:colcon.colcon_core.package_identification:_identify(dev_spade/lib/python3.10/site-packages/pip/_vendor/pyparsing/__pycache__) by extension 'ros'
[0.531s] Level 1:colcon.colcon_core.package_identification:_identify(dev_spade/lib/python3.10/site-packages/pip/_vendor/pyparsing/__pycache__) by extensions ['cmake', 'python']
[0.531s] Level 1:colcon.colcon_core.package_identification:_identify(dev_spade/lib/python3.10/site-packages/pip/_vendor/pyparsing/__pycache__) by extension 'cmake'
[0.531s] Level 1:colcon.colcon_core.package_identification:_identify(dev_spade/lib/python3.10/site-packages/pip/_vendor/pyparsing/__pycache__) by extension 'python'
[0.531s] Level 1:colcon.colcon_core.package_identification:_identify(dev_spade/lib/python3.10/site-packages/pip/_vendor/pyparsing/__pycache__) by extensions ['python_setup_py']
[0.531s] Level 1:colcon.colcon_core.package_identification:_identify(dev_spade/lib/python3.10/site-packages/pip/_vendor/pyparsing/__pycache__) by extension 'python_setup_py'
[0.532s] Level 1:colcon.colcon_core.package_identification:_identify(dev_spade/lib/python3.10/site-packages/pip/_vendor/pyparsing/diagram) by extensions ['ignore', 'ignore_ament_install']
[0.532s] Level 1:colcon.colcon_core.package_identification:_identify(dev_spade/lib/python3.10/site-packages/pip/_vendor/pyparsing/diagram) by extension 'ignore'
[0.532s] Level 1:colcon.colcon_core.package_identification:_identify(dev_spade/lib/python3.10/site-packages/pip/_vendor/pyparsing/diagram) by extension 'ignore_ament_install'
[0.532s] Level 1:colcon.colcon_core.package_identification:_identify(dev_spade/lib/python3.10/site-packages/pip/_vendor/pyparsing/diagram) by extensions ['colcon_pkg']
[0.532s] Level 1:colcon.colcon_core.package_identification:_identify(dev_spade/lib/python3.10/site-packages/pip/_vendor/pyparsing/diagram) by extension 'colcon_pkg'
[0.532s] Level 1:colcon.colcon_core.package_identification:_identify(dev_spade/lib/python3.10/site-packages/pip/_vendor/pyparsing/diagram) by extensions ['colcon_meta']
[0.532s] Level 1:colcon.colcon_core.package_identification:_identify(dev_spade/lib/python3.10/site-packages/pip/_vendor/pyparsing/diagram) by extension 'colcon_meta'
[0.532s] Level 1:colcon.colcon_core.package_identification:_identify(dev_spade/lib/python3.10/site-packages/pip/_vendor/pyparsing/diagram) by extensions ['ros']
[0.532s] Level 1:colcon.colcon_core.package_identification:_identify(dev_spade/lib/python3.10/site-packages/pip/_vendor/pyparsing/diagram) by extension 'ros'
[0.532s] Level 1:colcon.colcon_core.package_identification:_identify(dev_spade/lib/python3.10/site-packages/pip/_vendor/pyparsing/diagram) by extensions ['cmake', 'python']
[0.532s] Level 1:colcon.colcon_core.package_identification:_identify(dev_spade/lib/python3.10/site-packages/pip/_vendor/pyparsing/diagram) by extension 'cmake'
[0.532s] Level 1:colcon.colcon_core.package_identification:_identify(dev_spade/lib/python3.10/site-packages/pip/_vendor/pyparsing/diagram) by extension 'python'
[0.532s] Level 1:colcon.colcon_core.package_identification:_identify(dev_spade/lib/python3.10/site-packages/pip/_vendor/pyparsing/diagram) by extensions ['python_setup_py']
[0.532s] Level 1:colcon.colcon_core.package_identification:_identify(dev_spade/lib/python3.10/site-packages/pip/_vendor/pyparsing/diagram) by extension 'python_setup_py'
[0.533s] Level 1:colcon.colcon_core.package_identification:_identify(dev_spade/lib/python3.10/site-packages/pip/_vendor/pyparsing/diagram/__pycache__) by extensions ['ignore', 'ignore_ament_install']
[0.533s] Level 1:colcon.colcon_core.package_identification:_identify(dev_spade/lib/python3.10/site-packages/pip/_vendor/pyparsing/diagram/__pycache__) by extension 'ignore'
[0.533s] Level 1:colcon.colcon_core.package_identification:_identify(dev_spade/lib/python3.10/site-packages/pip/_vendor/pyparsing/diagram/__pycache__) by extension 'ignore_ament_install'
[0.533s] Level 1:colcon.colcon_core.package_identification:_identify(dev_spade/lib/python3.10/site-packages/pip/_vendor/pyparsing/diagram/__pycache__) by extensions ['colcon_pkg']
[0.533s] Level 1:colcon.colcon_core.package_identification:_identify(dev_spade/lib/python3.10/site-packages/pip/_vendor/pyparsing/diagram/__pycache__) by extension 'colcon_pkg'
[0.533s] Level 1:colcon.colcon_core.package_identification:_identify(dev_spade/lib/python3.10/site-packages/pip/_vendor/pyparsing/diagram/__pycache__) by extensions ['colcon_meta']
[0.533s] Level 1:colcon.colcon_core.package_identification:_identify(dev_spade/lib/python3.10/site-packages/pip/_vendor/pyparsing/diagram/__pycache__) by extension 'colcon_meta'
[0.533s] Level 1:colcon.colcon_core.package_identification:_identify(dev_spade/lib/python3.10/site-packages/pip/_vendor/pyparsing/diagram/__pycache__) by extensions ['ros']
[0.533s] Level 1:colcon.colcon_core.package_identification:_identify(dev_spade/lib/python3.10/site-packages/pip/_vendor/pyparsing/diagram/__pycache__) by extension 'ros'
[0.533s] Level 1:colcon.colcon_core.package_identification:_identify(dev_spade/lib/python3.10/site-packages/pip/_vendor/pyparsing/diagram/__pycache__) by extensions ['cmake', 'python']
[0.533s] Level 1:colcon.colcon_core.package_identification:_identify(dev_spade/lib/python3.10/site-packages/pip/_vendor/pyparsing/diagram/__pycache__) by extension 'cmake'
[0.533s] Level 1:colcon.colcon_core.package_identification:_identify(dev_spade/lib/python3.10/site-packages/pip/_vendor/pyparsing/diagram/__pycache__) by extension 'python'
[0.533s] Level 1:colcon.colcon_core.package_identification:_identify(dev_spade/lib/python3.10/site-packages/pip/_vendor/pyparsing/diagram/__pycache__) by extensions ['python_setup_py']
[0.533s] Level 1:colcon.colcon_core.package_identification:_identify(dev_spade/lib/python3.10/site-packages/pip/_vendor/pyparsing/diagram/__pycache__) by extension 'python_setup_py'
[0.533s] Level 1:colcon.colcon_core.package_identification:_identify(dev_spade/lib/python3.10/site-packages/pip/_vendor/requests) by extensions ['ignore', 'ignore_ament_install']
[0.533s] Level 1:colcon.colcon_core.package_identification:_identify(dev_spade/lib/python3.10/site-packages/pip/_vendor/requests) by extension 'ignore'
[0.533s] Level 1:colcon.colcon_core.package_identification:_identify(dev_spade/lib/python3.10/site-packages/pip/_vendor/requests) by extension 'ignore_ament_install'
[0.534s] Level 1:colcon.colcon_core.package_identification:_identify(dev_spade/lib/python3.10/site-packages/pip/_vendor/requests) by extensions ['colcon_pkg']
[0.534s] Level 1:colcon.colcon_core.package_identification:_identify(dev_spade/lib/python3.10/site-packages/pip/_vendor/requests) by extension 'colcon_pkg'
[0.534s] Level 1:colcon.colcon_core.package_identification:_identify(dev_spade/lib/python3.10/site-packages/pip/_vendor/requests) by extensions ['colcon_meta']
[0.534s] Level 1:colcon.colcon_core.package_identification:_identify(dev_spade/lib/python3.10/site-packages/pip/_vendor/requests) by extension 'colcon_meta'
[0.534s] Level 1:colcon.colcon_core.package_identification:_identify(dev_spade/lib/python3.10/site-packages/pip/_vendor/requests) by extensions ['ros']
[0.534s] Level 1:colcon.colcon_core.package_identification:_identify(dev_spade/lib/python3.10/site-packages/pip/_vendor/requests) by extension 'ros'
[0.534s] Level 1:colcon.colcon_core.package_identification:_identify(dev_spade/lib/python3.10/site-packages/pip/_vendor/requests) by extensions ['cmake', 'python']
[0.534s] Level 1:colcon.colcon_core.package_identification:_identify(dev_spade/lib/python3.10/site-packages/pip/_vendor/requests) by extension 'cmake'
[0.534s] Level 1:colcon.colcon_core.package_identification:_identify(dev_spade/lib/python3.10/site-packages/pip/_vendor/requests) by extension 'python'
[0.534s] Level 1:colcon.colcon_core.package_identification:_identify(dev_spade/lib/python3.10/site-packages/pip/_vendor/requests) by extensions ['python_setup_py']
[0.534s] Level 1:colcon.colcon_core.package_identification:_identify(dev_spade/lib/python3.10/site-packages/pip/_vendor/requests) by extension 'python_setup_py'
[0.534s] Level 1:colcon.colcon_core.package_identification:_identify(dev_spade/lib/python3.10/site-packages/pip/_vendor/requests/__pycache__) by extensions ['ignore', 'ignore_ament_install']
[0.534s] Level 1:colcon.colcon_core.package_identification:_identify(dev_spade/lib/python3.10/site-packages/pip/_vendor/requests/__pycache__) by extension 'ignore'
[0.534s] Level 1:colcon.colcon_core.package_identification:_identify(dev_spade/lib/python3.10/site-packages/pip/_vendor/requests/__pycache__) by extension 'ignore_ament_install'
[0.534s] Level 1:colcon.colcon_core.package_identification:_identify(dev_spade/lib/python3.10/site-packages/pip/_vendor/requests/__pycache__) by extensions ['colcon_pkg']
[0.534s] Level 1:colcon.colcon_core.package_identification:_identify(dev_spade/lib/python3.10/site-packages/pip/_vendor/requests/__pycache__) by extension 'colcon_pkg'
[0.534s] Level 1:colcon.colcon_core.package_identification:_identify(dev_spade/lib/python3.10/site-packages/pip/_vendor/requests/__pycache__) by extensions ['colcon_meta']
[0.534s] Level 1:colcon.colcon_core.package_identification:_identify(dev_spade/lib/python3.10/site-packages/pip/_vendor/requests/__pycache__) by extension 'colcon_meta'
[0.534s] Level 1:colcon.colcon_core.package_identification:_identify(dev_spade/lib/python3.10/site-packages/pip/_vendor/requests/__pycache__) by extensions ['ros']
[0.534s] Level 1:colcon.colcon_core.package_identification:_identify(dev_spade/lib/python3.10/site-packages/pip/_vendor/requests/__pycache__) by extension 'ros'
[0.534s] Level 1:colcon.colcon_core.package_identification:_identify(dev_spade/lib/python3.10/site-packages/pip/_vendor/requests/__pycache__) by extensions ['cmake', 'python']
[0.534s] Level 1:colcon.colcon_core.package_identification:_identify(dev_spade/lib/python3.10/site-packages/pip/_vendor/requests/__pycache__) by extension 'cmake'
[0.534s] Level 1:colcon.colcon_core.package_identification:_identify(dev_spade/lib/python3.10/site-packages/pip/_vendor/requests/__pycache__) by extension 'python'
[0.534s] Level 1:colcon.colcon_core.package_identification:_identify(dev_spade/lib/python3.10/site-packages/pip/_vendor/requests/__pycache__) by extensions ['python_setup_py']
[0.534s] Level 1:colcon.colcon_core.package_identification:_identify(dev_spade/lib/python3.10/site-packages/pip/_vendor/requests/__pycache__) by extension 'python_setup_py'
[0.535s] Level 1:colcon.colcon_core.package_identification:_identify(dev_spade/lib/python3.10/site-packages/pip/_vendor/resolvelib) by extensions ['ignore', 'ignore_ament_install']
[0.535s] Level 1:colcon.colcon_core.package_identification:_identify(dev_spade/lib/python3.10/site-packages/pip/_vendor/resolvelib) by extension 'ignore'
[0.535s] Level 1:colcon.colcon_core.package_identification:_identify(dev_spade/lib/python3.10/site-packages/pip/_vendor/resolvelib) by extension 'ignore_ament_install'
[0.535s] Level 1:colcon.colcon_core.package_identification:_identify(dev_spade/lib/python3.10/site-packages/pip/_vendor/resolvelib) by extensions ['colcon_pkg']
[0.535s] Level 1:colcon.colcon_core.package_identification:_identify(dev_spade/lib/python3.10/site-packages/pip/_vendor/resolvelib) by extension 'colcon_pkg'
[0.535s] Level 1:colcon.colcon_core.package_identification:_identify(dev_spade/lib/python3.10/site-packages/pip/_vendor/resolvelib) by extensions ['colcon_meta']
[0.535s] Level 1:colcon.colcon_core.package_identification:_identify(dev_spade/lib/python3.10/site-packages/pip/_vendor/resolvelib) by extension 'colcon_meta'
[0.535s] Level 1:colcon.colcon_core.package_identification:_identify(dev_spade/lib/python3.10/site-packages/pip/_vendor/resolvelib) by extensions ['ros']
[0.535s] Level 1:colcon.colcon_core.package_identification:_identify(dev_spade/lib/python3.10/site-packages/pip/_vendor/resolvelib) by extension 'ros'
[0.535s] Level 1:colcon.colcon_core.package_identification:_identify(dev_spade/lib/python3.10/site-packages/pip/_vendor/resolvelib) by extensions ['cmake', 'python']
[0.535s] Level 1:colcon.colcon_core.package_identification:_identify(dev_spade/lib/python3.10/site-packages/pip/_vendor/resolvelib) by extension 'cmake'
[0.535s] Level 1:colcon.colcon_core.package_identification:_identify(dev_spade/lib/python3.10/site-packages/pip/_vendor/resolvelib) by extension 'python'
[0.535s] Level 1:colcon.colcon_core.package_identification:_identify(dev_spade/lib/python3.10/site-packages/pip/_vendor/resolvelib) by extensions ['python_setup_py']
[0.535s] Level 1:colcon.colcon_core.package_identification:_identify(dev_spade/lib/python3.10/site-packages/pip/_vendor/resolvelib) by extension 'python_setup_py'
[0.535s] Level 1:colcon.colcon_core.package_identification:_identify(dev_spade/lib/python3.10/site-packages/pip/_vendor/resolvelib/__pycache__) by extensions ['ignore', 'ignore_ament_install']
[0.535s] Level 1:colcon.colcon_core.package_identification:_identify(dev_spade/lib/python3.10/site-packages/pip/_vendor/resolvelib/__pycache__) by extension 'ignore'
[0.535s] Level 1:colcon.colcon_core.package_identification:_identify(dev_spade/lib/python3.10/site-packages/pip/_vendor/resolvelib/__pycache__) by extension 'ignore_ament_install'
[0.536s] Level 1:colcon.colcon_core.package_identification:_identify(dev_spade/lib/python3.10/site-packages/pip/_vendor/resolvelib/__pycache__) by extensions ['colcon_pkg']
[0.536s] Level 1:colcon.colcon_core.package_identification:_identify(dev_spade/lib/python3.10/site-packages/pip/_vendor/resolvelib/__pycache__) by extension 'colcon_pkg'
[0.536s] Level 1:colcon.colcon_core.package_identification:_identify(dev_spade/lib/python3.10/site-packages/pip/_vendor/resolvelib/__pycache__) by extensions ['colcon_meta']
[0.536s] Level 1:colcon.colcon_core.package_identification:_identify(dev_spade/lib/python3.10/site-packages/pip/_vendor/resolvelib/__pycache__) by extension 'colcon_meta'
[0.536s] Level 1:colcon.colcon_core.package_identification:_identify(dev_spade/lib/python3.10/site-packages/pip/_vendor/resolvelib/__pycache__) by extensions ['ros']
[0.536s] Level 1:colcon.colcon_core.package_identification:_identify(dev_spade/lib/python3.10/site-packages/pip/_vendor/resolvelib/__pycache__) by extension 'ros'
[0.536s] Level 1:colcon.colcon_core.package_identification:_identify(dev_spade/lib/python3.10/site-packages/pip/_vendor/resolvelib/__pycache__) by extensions ['cmake', 'python']
[0.536s] Level 1:colcon.colcon_core.package_identification:_identify(dev_spade/lib/python3.10/site-packages/pip/_vendor/resolvelib/__pycache__) by extension 'cmake'
[0.536s] Level 1:colcon.colcon_core.package_identification:_identify(dev_spade/lib/python3.10/site-packages/pip/_vendor/resolvelib/__pycache__) by extension 'python'
[0.536s] Level 1:colcon.colcon_core.package_identification:_identify(dev_spade/lib/python3.10/site-packages/pip/_vendor/resolvelib/__pycache__) by extensions ['python_setup_py']
[0.536s] Level 1:colcon.colcon_core.package_identification:_identify(dev_spade/lib/python3.10/site-packages/pip/_vendor/resolvelib/__pycache__) by extension 'python_setup_py'
[0.536s] Level 1:colcon.colcon_core.package_identification:_identify(dev_spade/lib/python3.10/site-packages/pip/_vendor/resolvelib/compat) by extensions ['ignore', 'ignore_ament_install']
[0.536s] Level 1:colcon.colcon_core.package_identification:_identify(dev_spade/lib/python3.10/site-packages/pip/_vendor/resolvelib/compat) by extension 'ignore'
[0.536s] Level 1:colcon.colcon_core.package_identification:_identify(dev_spade/lib/python3.10/site-packages/pip/_vendor/resolvelib/compat) by extension 'ignore_ament_install'
[0.536s] Level 1:colcon.colcon_core.package_identification:_identify(dev_spade/lib/python3.10/site-packages/pip/_vendor/resolvelib/compat) by extensions ['colcon_pkg']
[0.536s] Level 1:colcon.colcon_core.package_identification:_identify(dev_spade/lib/python3.10/site-packages/pip/_vendor/resolvelib/compat) by extension 'colcon_pkg'
[0.536s] Level 1:colcon.colcon_core.package_identification:_identify(dev_spade/lib/python3.10/site-packages/pip/_vendor/resolvelib/compat) by extensions ['colcon_meta']
[0.536s] Level 1:colcon.colcon_core.package_identification:_identify(dev_spade/lib/python3.10/site-packages/pip/_vendor/resolvelib/compat) by extension 'colcon_meta'
[0.536s] Level 1:colcon.colcon_core.package_identification:_identify(dev_spade/lib/python3.10/site-packages/pip/_vendor/resolvelib/compat) by extensions ['ros']
[0.536s] Level 1:colcon.colcon_core.package_identification:_identify(dev_spade/lib/python3.10/site-packages/pip/_vendor/resolvelib/compat) by extension 'ros'
[0.536s] Level 1:colcon.colcon_core.package_identification:_identify(dev_spade/lib/python3.10/site-packages/pip/_vendor/resolvelib/compat) by extensions ['cmake', 'python']
[0.536s] Level 1:colcon.colcon_core.package_identification:_identify(dev_spade/lib/python3.10/site-packages/pip/_vendor/resolvelib/compat) by extension 'cmake'
[0.536s] Level 1:colcon.colcon_core.package_identification:_identify(dev_spade/lib/python3.10/site-packages/pip/_vendor/resolvelib/compat) by extension 'python'
[0.536s] Level 1:colcon.colcon_core.package_identification:_identify(dev_spade/lib/python3.10/site-packages/pip/_vendor/resolvelib/compat) by extensions ['python_setup_py']
[0.536s] Level 1:colcon.colcon_core.package_identification:_identify(dev_spade/lib/python3.10/site-packages/pip/_vendor/resolvelib/compat) by extension 'python_setup_py'
[0.537s] Level 1:colcon.colcon_core.package_identification:_identify(dev_spade/lib/python3.10/site-packages/pip/_vendor/resolvelib/compat/__pycache__) by extensions ['ignore', 'ignore_ament_install']
[0.537s] Level 1:colcon.colcon_core.package_identification:_identify(dev_spade/lib/python3.10/site-packages/pip/_vendor/resolvelib/compat/__pycache__) by extension 'ignore'
[0.537s] Level 1:colcon.colcon_core.package_identification:_identify(dev_spade/lib/python3.10/site-packages/pip/_vendor/resolvelib/compat/__pycache__) by extension 'ignore_ament_install'
[0.537s] Level 1:colcon.colcon_core.package_identification:_identify(dev_spade/lib/python3.10/site-packages/pip/_vendor/resolvelib/compat/__pycache__) by extensions ['colcon_pkg']
[0.537s] Level 1:colcon.colcon_core.package_identification:_identify(dev_spade/lib/python3.10/site-packages/pip/_vendor/resolvelib/compat/__pycache__) by extension 'colcon_pkg'
[0.537s] Level 1:colcon.colcon_core.package_identification:_identify(dev_spade/lib/python3.10/site-packages/pip/_vendor/resolvelib/compat/__pycache__) by extensions ['colcon_meta']
[0.537s] Level 1:colcon.colcon_core.package_identification:_identify(dev_spade/lib/python3.10/site-packages/pip/_vendor/resolvelib/compat/__pycache__) by extension 'colcon_meta'
[0.537s] Level 1:colcon.colcon_core.package_identification:_identify(dev_spade/lib/python3.10/site-packages/pip/_vendor/resolvelib/compat/__pycache__) by extensions ['ros']
[0.537s] Level 1:colcon.colcon_core.package_identification:_identify(dev_spade/lib/python3.10/site-packages/pip/_vendor/resolvelib/compat/__pycache__) by extension 'ros'
[0.537s] Level 1:colcon.colcon_core.package_identification:_identify(dev_spade/lib/python3.10/site-packages/pip/_vendor/resolvelib/compat/__pycache__) by extensions ['cmake', 'python']
[0.537s] Level 1:colcon.colcon_core.package_identification:_identify(dev_spade/lib/python3.10/site-packages/pip/_vendor/resolvelib/compat/__pycache__) by extension 'cmake'
[0.537s] Level 1:colcon.colcon_core.package_identification:_identify(dev_spade/lib/python3.10/site-packages/pip/_vendor/resolvelib/compat/__pycache__) by extension 'python'
[0.537s] Level 1:colcon.colcon_core.package_identification:_identify(dev_spade/lib/python3.10/site-packages/pip/_vendor/resolvelib/compat/__pycache__) by extensions ['python_setup_py']
[0.537s] Level 1:colcon.colcon_core.package_identification:_identify(dev_spade/lib/python3.10/site-packages/pip/_vendor/resolvelib/compat/__pycache__) by extension 'python_setup_py'
[0.537s] Level 1:colcon.colcon_core.package_identification:_identify(dev_spade/lib/python3.10/site-packages/pip/_vendor/rich) by extensions ['ignore', 'ignore_ament_install']
[0.537s] Level 1:colcon.colcon_core.package_identification:_identify(dev_spade/lib/python3.10/site-packages/pip/_vendor/rich) by extension 'ignore'
[0.537s] Level 1:colcon.colcon_core.package_identification:_identify(dev_spade/lib/python3.10/site-packages/pip/_vendor/rich) by extension 'ignore_ament_install'
[0.538s] Level 1:colcon.colcon_core.package_identification:_identify(dev_spade/lib/python3.10/site-packages/pip/_vendor/rich) by extensions ['colcon_pkg']
[0.538s] Level 1:colcon.colcon_core.package_identification:_identify(dev_spade/lib/python3.10/site-packages/pip/_vendor/rich) by extension 'colcon_pkg'
[0.538s] Level 1:colcon.colcon_core.package_identification:_identify(dev_spade/lib/python3.10/site-packages/pip/_vendor/rich) by extensions ['colcon_meta']
[0.538s] Level 1:colcon.colcon_core.package_identification:_identify(dev_spade/lib/python3.10/site-packages/pip/_vendor/rich) by extension 'colcon_meta'
[0.538s] Level 1:colcon.colcon_core.package_identification:_identify(dev_spade/lib/python3.10/site-packages/pip/_vendor/rich) by extensions ['ros']
[0.538s] Level 1:colcon.colcon_core.package_identification:_identify(dev_spade/lib/python3.10/site-packages/pip/_vendor/rich) by extension 'ros'
[0.538s] Level 1:colcon.colcon_core.package_identification:_identify(dev_spade/lib/python3.10/site-packages/pip/_vendor/rich) by extensions ['cmake', 'python']
[0.538s] Level 1:colcon.colcon_core.package_identification:_identify(dev_spade/lib/python3.10/site-packages/pip/_vendor/rich) by extension 'cmake'
[0.538s] Level 1:colcon.colcon_core.package_identification:_identify(dev_spade/lib/python3.10/site-packages/pip/_vendor/rich) by extension 'python'
[0.538s] Level 1:colcon.colcon_core.package_identification:_identify(dev_spade/lib/python3.10/site-packages/pip/_vendor/rich) by extensions ['python_setup_py']
[0.538s] Level 1:colcon.colcon_core.package_identification:_identify(dev_spade/lib/python3.10/site-packages/pip/_vendor/rich) by extension 'python_setup_py'
[0.538s] Level 1:colcon.colcon_core.package_identification:_identify(dev_spade/lib/python3.10/site-packages/pip/_vendor/rich/__pycache__) by extensions ['ignore', 'ignore_ament_install']
[0.538s] Level 1:colcon.colcon_core.package_identification:_identify(dev_spade/lib/python3.10/site-packages/pip/_vendor/rich/__pycache__) by extension 'ignore'
[0.538s] Level 1:colcon.colcon_core.package_identification:_identify(dev_spade/lib/python3.10/site-packages/pip/_vendor/rich/__pycache__) by extension 'ignore_ament_install'
[0.538s] Level 1:colcon.colcon_core.package_identification:_identify(dev_spade/lib/python3.10/site-packages/pip/_vendor/rich/__pycache__) by extensions ['colcon_pkg']
[0.538s] Level 1:colcon.colcon_core.package_identification:_identify(dev_spade/lib/python3.10/site-packages/pip/_vendor/rich/__pycache__) by extension 'colcon_pkg'
[0.538s] Level 1:colcon.colcon_core.package_identification:_identify(dev_spade/lib/python3.10/site-packages/pip/_vendor/rich/__pycache__) by extensions ['colcon_meta']
[0.538s] Level 1:colcon.colcon_core.package_identification:_identify(dev_spade/lib/python3.10/site-packages/pip/_vendor/rich/__pycache__) by extension 'colcon_meta'
[0.538s] Level 1:colcon.colcon_core.package_identification:_identify(dev_spade/lib/python3.10/site-packages/pip/_vendor/rich/__pycache__) by extensions ['ros']
[0.538s] Level 1:colcon.colcon_core.package_identification:_identify(dev_spade/lib/python3.10/site-packages/pip/_vendor/rich/__pycache__) by extension 'ros'
[0.538s] Level 1:colcon.colcon_core.package_identification:_identify(dev_spade/lib/python3.10/site-packages/pip/_vendor/rich/__pycache__) by extensions ['cmake', 'python']
[0.538s] Level 1:colcon.colcon_core.package_identification:_identify(dev_spade/lib/python3.10/site-packages/pip/_vendor/rich/__pycache__) by extension 'cmake'
[0.539s] Level 1:colcon.colcon_core.package_identification:_identify(dev_spade/lib/python3.10/site-packages/pip/_vendor/rich/__pycache__) by extension 'python'
[0.539s] Level 1:colcon.colcon_core.package_identification:_identify(dev_spade/lib/python3.10/site-packages/pip/_vendor/rich/__pycache__) by extensions ['python_setup_py']
[0.539s] Level 1:colcon.colcon_core.package_identification:_identify(dev_spade/lib/python3.10/site-packages/pip/_vendor/rich/__pycache__) by extension 'python_setup_py'
[0.539s] Level 1:colcon.colcon_core.package_identification:_identify(dev_spade/lib/python3.10/site-packages/pip/_vendor/tenacity) by extensions ['ignore', 'ignore_ament_install']
[0.539s] Level 1:colcon.colcon_core.package_identification:_identify(dev_spade/lib/python3.10/site-packages/pip/_vendor/tenacity) by extension 'ignore'
[0.539s] Level 1:colcon.colcon_core.package_identification:_identify(dev_spade/lib/python3.10/site-packages/pip/_vendor/tenacity) by extension 'ignore_ament_install'
[0.539s] Level 1:colcon.colcon_core.package_identification:_identify(dev_spade/lib/python3.10/site-packages/pip/_vendor/tenacity) by extensions ['colcon_pkg']
[0.539s] Level 1:colcon.colcon_core.package_identification:_identify(dev_spade/lib/python3.10/site-packages/pip/_vendor/tenacity) by extension 'colcon_pkg'
[0.539s] Level 1:colcon.colcon_core.package_identification:_identify(dev_spade/lib/python3.10/site-packages/pip/_vendor/tenacity) by extensions ['colcon_meta']
[0.539s] Level 1:colcon.colcon_core.package_identification:_identify(dev_spade/lib/python3.10/site-packages/pip/_vendor/tenacity) by extension 'colcon_meta'
[0.539s] Level 1:colcon.colcon_core.package_identification:_identify(dev_spade/lib/python3.10/site-packages/pip/_vendor/tenacity) by extensions ['ros']
[0.539s] Level 1:colcon.colcon_core.package_identification:_identify(dev_spade/lib/python3.10/site-packages/pip/_vendor/tenacity) by extension 'ros'
[0.539s] Level 1:colcon.colcon_core.package_identification:_identify(dev_spade/lib/python3.10/site-packages/pip/_vendor/tenacity) by extensions ['cmake', 'python']
[0.539s] Level 1:colcon.colcon_core.package_identification:_identify(dev_spade/lib/python3.10/site-packages/pip/_vendor/tenacity) by extension 'cmake'
[0.539s] Level 1:colcon.colcon_core.package_identification:_identify(dev_spade/lib/python3.10/site-packages/pip/_vendor/tenacity) by extension 'python'
[0.539s] Level 1:colcon.colcon_core.package_identification:_identify(dev_spade/lib/python3.10/site-packages/pip/_vendor/tenacity) by extensions ['python_setup_py']
[0.539s] Level 1:colcon.colcon_core.package_identification:_identify(dev_spade/lib/python3.10/site-packages/pip/_vendor/tenacity) by extension 'python_setup_py'
[0.539s] Level 1:colcon.colcon_core.package_identification:_identify(dev_spade/lib/python3.10/site-packages/pip/_vendor/tenacity/__pycache__) by extensions ['ignore', 'ignore_ament_install']
[0.540s] Level 1:colcon.colcon_core.package_identification:_identify(dev_spade/lib/python3.10/site-packages/pip/_vendor/tenacity/__pycache__) by extension 'ignore'
[0.540s] Level 1:colcon.colcon_core.package_identification:_identify(dev_spade/lib/python3.10/site-packages/pip/_vendor/tenacity/__pycache__) by extension 'ignore_ament_install'
[0.540s] Level 1:colcon.colcon_core.package_identification:_identify(dev_spade/lib/python3.10/site-packages/pip/_vendor/tenacity/__pycache__) by extensions ['colcon_pkg']
[0.540s] Level 1:colcon.colcon_core.package_identification:_identify(dev_spade/lib/python3.10/site-packages/pip/_vendor/tenacity/__pycache__) by extension 'colcon_pkg'
[0.540s] Level 1:colcon.colcon_core.package_identification:_identify(dev_spade/lib/python3.10/site-packages/pip/_vendor/tenacity/__pycache__) by extensions ['colcon_meta']
[0.540s] Level 1:colcon.colcon_core.package_identification:_identify(dev_spade/lib/python3.10/site-packages/pip/_vendor/tenacity/__pycache__) by extension 'colcon_meta'
[0.540s] Level 1:colcon.colcon_core.package_identification:_identify(dev_spade/lib/python3.10/site-packages/pip/_vendor/tenacity/__pycache__) by extensions ['ros']
[0.540s] Level 1:colcon.colcon_core.package_identification:_identify(dev_spade/lib/python3.10/site-packages/pip/_vendor/tenacity/__pycache__) by extension 'ros'
[0.540s] Level 1:colcon.colcon_core.package_identification:_identify(dev_spade/lib/python3.10/site-packages/pip/_vendor/tenacity/__pycache__) by extensions ['cmake', 'python']
[0.540s] Level 1:colcon.colcon_core.package_identification:_identify(dev_spade/lib/python3.10/site-packages/pip/_vendor/tenacity/__pycache__) by extension 'cmake'
[0.540s] Level 1:colcon.colcon_core.package_identification:_identify(dev_spade/lib/python3.10/site-packages/pip/_vendor/tenacity/__pycache__) by extension 'python'
[0.540s] Level 1:colcon.colcon_core.package_identification:_identify(dev_spade/lib/python3.10/site-packages/pip/_vendor/tenacity/__pycache__) by extensions ['python_setup_py']
[0.540s] Level 1:colcon.colcon_core.package_identification:_identify(dev_spade/lib/python3.10/site-packages/pip/_vendor/tenacity/__pycache__) by extension 'python_setup_py'
[0.541s] Level 1:colcon.colcon_core.package_identification:_identify(dev_spade/lib/python3.10/site-packages/pip/_vendor/tomli) by extensions ['ignore', 'ignore_ament_install']
[0.541s] Level 1:colcon.colcon_core.package_identification:_identify(dev_spade/lib/python3.10/site-packages/pip/_vendor/tomli) by extension 'ignore'
[0.541s] Level 1:colcon.colcon_core.package_identification:_identify(dev_spade/lib/python3.10/site-packages/pip/_vendor/tomli) by extension 'ignore_ament_install'
[0.541s] Level 1:colcon.colcon_core.package_identification:_identify(dev_spade/lib/python3.10/site-packages/pip/_vendor/tomli) by extensions ['colcon_pkg']
[0.541s] Level 1:colcon.colcon_core.package_identification:_identify(dev_spade/lib/python3.10/site-packages/pip/_vendor/tomli) by extension 'colcon_pkg'
[0.541s] Level 1:colcon.colcon_core.package_identification:_identify(dev_spade/lib/python3.10/site-packages/pip/_vendor/tomli) by extensions ['colcon_meta']
[0.541s] Level 1:colcon.colcon_core.package_identification:_identify(dev_spade/lib/python3.10/site-packages/pip/_vendor/tomli) by extension 'colcon_meta'
[0.541s] Level 1:colcon.colcon_core.package_identification:_identify(dev_spade/lib/python3.10/site-packages/pip/_vendor/tomli) by extensions ['ros']
[0.541s] Level 1:colcon.colcon_core.package_identification:_identify(dev_spade/lib/python3.10/site-packages/pip/_vendor/tomli) by extension 'ros'
[0.541s] Level 1:colcon.colcon_core.package_identification:_identify(dev_spade/lib/python3.10/site-packages/pip/_vendor/tomli) by extensions ['cmake', 'python']
[0.541s] Level 1:colcon.colcon_core.package_identification:_identify(dev_spade/lib/python3.10/site-packages/pip/_vendor/tomli) by extension 'cmake'
[0.541s] Level 1:colcon.colcon_core.package_identification:_identify(dev_spade/lib/python3.10/site-packages/pip/_vendor/tomli) by extension 'python'
[0.541s] Level 1:colcon.colcon_core.package_identification:_identify(dev_spade/lib/python3.10/site-packages/pip/_vendor/tomli) by extensions ['python_setup_py']
[0.541s] Level 1:colcon.colcon_core.package_identification:_identify(dev_spade/lib/python3.10/site-packages/pip/_vendor/tomli) by extension 'python_setup_py'
[0.541s] Level 1:colcon.colcon_core.package_identification:_identify(dev_spade/lib/python3.10/site-packages/pip/_vendor/tomli/__pycache__) by extensions ['ignore', 'ignore_ament_install']
[0.541s] Level 1:colcon.colcon_core.package_identification:_identify(dev_spade/lib/python3.10/site-packages/pip/_vendor/tomli/__pycache__) by extension 'ignore'
[0.541s] Level 1:colcon.colcon_core.package_identification:_identify(dev_spade/lib/python3.10/site-packages/pip/_vendor/tomli/__pycache__) by extension 'ignore_ament_install'
[0.541s] Level 1:colcon.colcon_core.package_identification:_identify(dev_spade/lib/python3.10/site-packages/pip/_vendor/tomli/__pycache__) by extensions ['colcon_pkg']
[0.541s] Level 1:colcon.colcon_core.package_identification:_identify(dev_spade/lib/python3.10/site-packages/pip/_vendor/tomli/__pycache__) by extension 'colcon_pkg'
[0.541s] Level 1:colcon.colcon_core.package_identification:_identify(dev_spade/lib/python3.10/site-packages/pip/_vendor/tomli/__pycache__) by extensions ['colcon_meta']
[0.541s] Level 1:colcon.colcon_core.package_identification:_identify(dev_spade/lib/python3.10/site-packages/pip/_vendor/tomli/__pycache__) by extension 'colcon_meta'
[0.541s] Level 1:colcon.colcon_core.package_identification:_identify(dev_spade/lib/python3.10/site-packages/pip/_vendor/tomli/__pycache__) by extensions ['ros']
[0.541s] Level 1:colcon.colcon_core.package_identification:_identify(dev_spade/lib/python3.10/site-packages/pip/_vendor/tomli/__pycache__) by extension 'ros'
[0.541s] Level 1:colcon.colcon_core.package_identification:_identify(dev_spade/lib/python3.10/site-packages/pip/_vendor/tomli/__pycache__) by extensions ['cmake', 'python']
[0.542s] Level 1:colcon.colcon_core.package_identification:_identify(dev_spade/lib/python3.10/site-packages/pip/_vendor/tomli/__pycache__) by extension 'cmake'
[0.542s] Level 1:colcon.colcon_core.package_identification:_identify(dev_spade/lib/python3.10/site-packages/pip/_vendor/tomli/__pycache__) by extension 'python'
[0.542s] Level 1:colcon.colcon_core.package_identification:_identify(dev_spade/lib/python3.10/site-packages/pip/_vendor/tomli/__pycache__) by extensions ['python_setup_py']
[0.542s] Level 1:colcon.colcon_core.package_identification:_identify(dev_spade/lib/python3.10/site-packages/pip/_vendor/tomli/__pycache__) by extension 'python_setup_py'
[0.542s] Level 1:colcon.colcon_core.package_identification:_identify(dev_spade/lib/python3.10/site-packages/pip/_vendor/urllib3) by extensions ['ignore', 'ignore_ament_install']
[0.542s] Level 1:colcon.colcon_core.package_identification:_identify(dev_spade/lib/python3.10/site-packages/pip/_vendor/urllib3) by extension 'ignore'
[0.542s] Level 1:colcon.colcon_core.package_identification:_identify(dev_spade/lib/python3.10/site-packages/pip/_vendor/urllib3) by extension 'ignore_ament_install'
[0.542s] Level 1:colcon.colcon_core.package_identification:_identify(dev_spade/lib/python3.10/site-packages/pip/_vendor/urllib3) by extensions ['colcon_pkg']
[0.542s] Level 1:colcon.colcon_core.package_identification:_identify(dev_spade/lib/python3.10/site-packages/pip/_vendor/urllib3) by extension 'colcon_pkg'
[0.542s] Level 1:colcon.colcon_core.package_identification:_identify(dev_spade/lib/python3.10/site-packages/pip/_vendor/urllib3) by extensions ['colcon_meta']
[0.542s] Level 1:colcon.colcon_core.package_identification:_identify(dev_spade/lib/python3.10/site-packages/pip/_vendor/urllib3) by extension 'colcon_meta'
[0.542s] Level 1:colcon.colcon_core.package_identification:_identify(dev_spade/lib/python3.10/site-packages/pip/_vendor/urllib3) by extensions ['ros']
[0.542s] Level 1:colcon.colcon_core.package_identification:_identify(dev_spade/lib/python3.10/site-packages/pip/_vendor/urllib3) by extension 'ros'
[0.542s] Level 1:colcon.colcon_core.package_identification:_identify(dev_spade/lib/python3.10/site-packages/pip/_vendor/urllib3) by extensions ['cmake', 'python']
[0.542s] Level 1:colcon.colcon_core.package_identification:_identify(dev_spade/lib/python3.10/site-packages/pip/_vendor/urllib3) by extension 'cmake'
[0.542s] Level 1:colcon.colcon_core.package_identification:_identify(dev_spade/lib/python3.10/site-packages/pip/_vendor/urllib3) by extension 'python'
[0.542s] Level 1:colcon.colcon_core.package_identification:_identify(dev_spade/lib/python3.10/site-packages/pip/_vendor/urllib3) by extensions ['python_setup_py']
[0.542s] Level 1:colcon.colcon_core.package_identification:_identify(dev_spade/lib/python3.10/site-packages/pip/_vendor/urllib3) by extension 'python_setup_py'
[0.542s] Level 1:colcon.colcon_core.package_identification:_identify(dev_spade/lib/python3.10/site-packages/pip/_vendor/urllib3/__pycache__) by extensions ['ignore', 'ignore_ament_install']
[0.543s] Level 1:colcon.colcon_core.package_identification:_identify(dev_spade/lib/python3.10/site-packages/pip/_vendor/urllib3/__pycache__) by extension 'ignore'
[0.543s] Level 1:colcon.colcon_core.package_identification:_identify(dev_spade/lib/python3.10/site-packages/pip/_vendor/urllib3/__pycache__) by extension 'ignore_ament_install'
[0.543s] Level 1:colcon.colcon_core.package_identification:_identify(dev_spade/lib/python3.10/site-packages/pip/_vendor/urllib3/__pycache__) by extensions ['colcon_pkg']
[0.543s] Level 1:colcon.colcon_core.package_identification:_identify(dev_spade/lib/python3.10/site-packages/pip/_vendor/urllib3/__pycache__) by extension 'colcon_pkg'
[0.543s] Level 1:colcon.colcon_core.package_identification:_identify(dev_spade/lib/python3.10/site-packages/pip/_vendor/urllib3/__pycache__) by extensions ['colcon_meta']
[0.543s] Level 1:colcon.colcon_core.package_identification:_identify(dev_spade/lib/python3.10/site-packages/pip/_vendor/urllib3/__pycache__) by extension 'colcon_meta'
[0.543s] Level 1:colcon.colcon_core.package_identification:_identify(dev_spade/lib/python3.10/site-packages/pip/_vendor/urllib3/__pycache__) by extensions ['ros']
[0.543s] Level 1:colcon.colcon_core.package_identification:_identify(dev_spade/lib/python3.10/site-packages/pip/_vendor/urllib3/__pycache__) by extension 'ros'
[0.543s] Level 1:colcon.colcon_core.package_identification:_identify(dev_spade/lib/python3.10/site-packages/pip/_vendor/urllib3/__pycache__) by extensions ['cmake', 'python']
[0.543s] Level 1:colcon.colcon_core.package_identification:_identify(dev_spade/lib/python3.10/site-packages/pip/_vendor/urllib3/__pycache__) by extension 'cmake'
[0.543s] Level 1:colcon.colcon_core.package_identification:_identify(dev_spade/lib/python3.10/site-packages/pip/_vendor/urllib3/__pycache__) by extension 'python'
[0.543s] Level 1:colcon.colcon_core.package_identification:_identify(dev_spade/lib/python3.10/site-packages/pip/_vendor/urllib3/__pycache__) by extensions ['python_setup_py']
[0.543s] Level 1:colcon.colcon_core.package_identification:_identify(dev_spade/lib/python3.10/site-packages/pip/_vendor/urllib3/__pycache__) by extension 'python_setup_py'
[0.543s] Level 1:colcon.colcon_core.package_identification:_identify(dev_spade/lib/python3.10/site-packages/pip/_vendor/urllib3/contrib) by extensions ['ignore', 'ignore_ament_install']
[0.543s] Level 1:colcon.colcon_core.package_identification:_identify(dev_spade/lib/python3.10/site-packages/pip/_vendor/urllib3/contrib) by extension 'ignore'
[0.543s] Level 1:colcon.colcon_core.package_identification:_identify(dev_spade/lib/python3.10/site-packages/pip/_vendor/urllib3/contrib) by extension 'ignore_ament_install'
[0.543s] Level 1:colcon.colcon_core.package_identification:_identify(dev_spade/lib/python3.10/site-packages/pip/_vendor/urllib3/contrib) by extensions ['colcon_pkg']
[0.543s] Level 1:colcon.colcon_core.package_identification:_identify(dev_spade/lib/python3.10/site-packages/pip/_vendor/urllib3/contrib) by extension 'colcon_pkg'
[0.543s] Level 1:colcon.colcon_core.package_identification:_identify(dev_spade/lib/python3.10/site-packages/pip/_vendor/urllib3/contrib) by extensions ['colcon_meta']
[0.543s] Level 1:colcon.colcon_core.package_identification:_identify(dev_spade/lib/python3.10/site-packages/pip/_vendor/urllib3/contrib) by extension 'colcon_meta'
[0.543s] Level 1:colcon.colcon_core.package_identification:_identify(dev_spade/lib/python3.10/site-packages/pip/_vendor/urllib3/contrib) by extensions ['ros']
[0.543s] Level 1:colcon.colcon_core.package_identification:_identify(dev_spade/lib/python3.10/site-packages/pip/_vendor/urllib3/contrib) by extension 'ros'
[0.543s] Level 1:colcon.colcon_core.package_identification:_identify(dev_spade/lib/python3.10/site-packages/pip/_vendor/urllib3/contrib) by extensions ['cmake', 'python']
[0.543s] Level 1:colcon.colcon_core.package_identification:_identify(dev_spade/lib/python3.10/site-packages/pip/_vendor/urllib3/contrib) by extension 'cmake'
[0.544s] Level 1:colcon.colcon_core.package_identification:_identify(dev_spade/lib/python3.10/site-packages/pip/_vendor/urllib3/contrib) by extension 'python'
[0.544s] Level 1:colcon.colcon_core.package_identification:_identify(dev_spade/lib/python3.10/site-packages/pip/_vendor/urllib3/contrib) by extensions ['python_setup_py']
[0.544s] Level 1:colcon.colcon_core.package_identification:_identify(dev_spade/lib/python3.10/site-packages/pip/_vendor/urllib3/contrib) by extension 'python_setup_py'
[0.544s] Level 1:colcon.colcon_core.package_identification:_identify(dev_spade/lib/python3.10/site-packages/pip/_vendor/urllib3/contrib/__pycache__) by extensions ['ignore', 'ignore_ament_install']
[0.544s] Level 1:colcon.colcon_core.package_identification:_identify(dev_spade/lib/python3.10/site-packages/pip/_vendor/urllib3/contrib/__pycache__) by extension 'ignore'
[0.544s] Level 1:colcon.colcon_core.package_identification:_identify(dev_spade/lib/python3.10/site-packages/pip/_vendor/urllib3/contrib/__pycache__) by extension 'ignore_ament_install'
[0.544s] Level 1:colcon.colcon_core.package_identification:_identify(dev_spade/lib/python3.10/site-packages/pip/_vendor/urllib3/contrib/__pycache__) by extensions ['colcon_pkg']
[0.544s] Level 1:colcon.colcon_core.package_identification:_identify(dev_spade/lib/python3.10/site-packages/pip/_vendor/urllib3/contrib/__pycache__) by extension 'colcon_pkg'
[0.544s] Level 1:colcon.colcon_core.package_identification:_identify(dev_spade/lib/python3.10/site-packages/pip/_vendor/urllib3/contrib/__pycache__) by extensions ['colcon_meta']
[0.544s] Level 1:colcon.colcon_core.package_identification:_identify(dev_spade/lib/python3.10/site-packages/pip/_vendor/urllib3/contrib/__pycache__) by extension 'colcon_meta'
[0.544s] Level 1:colcon.colcon_core.package_identification:_identify(dev_spade/lib/python3.10/site-packages/pip/_vendor/urllib3/contrib/__pycache__) by extensions ['ros']
[0.544s] Level 1:colcon.colcon_core.package_identification:_identify(dev_spade/lib/python3.10/site-packages/pip/_vendor/urllib3/contrib/__pycache__) by extension 'ros'
[0.544s] Level 1:colcon.colcon_core.package_identification:_identify(dev_spade/lib/python3.10/site-packages/pip/_vendor/urllib3/contrib/__pycache__) by extensions ['cmake', 'python']
[0.544s] Level 1:colcon.colcon_core.package_identification:_identify(dev_spade/lib/python3.10/site-packages/pip/_vendor/urllib3/contrib/__pycache__) by extension 'cmake'
[0.544s] Level 1:colcon.colcon_core.package_identification:_identify(dev_spade/lib/python3.10/site-packages/pip/_vendor/urllib3/contrib/__pycache__) by extension 'python'
[0.544s] Level 1:colcon.colcon_core.package_identification:_identify(dev_spade/lib/python3.10/site-packages/pip/_vendor/urllib3/contrib/__pycache__) by extensions ['python_setup_py']
[0.544s] Level 1:colcon.colcon_core.package_identification:_identify(dev_spade/lib/python3.10/site-packages/pip/_vendor/urllib3/contrib/__pycache__) by extension 'python_setup_py'
[0.544s] Level 1:colcon.colcon_core.package_identification:_identify(dev_spade/lib/python3.10/site-packages/pip/_vendor/urllib3/contrib/_securetransport) by extensions ['ignore', 'ignore_ament_install']
[0.545s] Level 1:colcon.colcon_core.package_identification:_identify(dev_spade/lib/python3.10/site-packages/pip/_vendor/urllib3/contrib/_securetransport) by extension 'ignore'
[0.545s] Level 1:colcon.colcon_core.package_identification:_identify(dev_spade/lib/python3.10/site-packages/pip/_vendor/urllib3/contrib/_securetransport) by extension 'ignore_ament_install'
[0.545s] Level 1:colcon.colcon_core.package_identification:_identify(dev_spade/lib/python3.10/site-packages/pip/_vendor/urllib3/contrib/_securetransport) by extensions ['colcon_pkg']
[0.545s] Level 1:colcon.colcon_core.package_identification:_identify(dev_spade/lib/python3.10/site-packages/pip/_vendor/urllib3/contrib/_securetransport) by extension 'colcon_pkg'
[0.545s] Level 1:colcon.colcon_core.package_identification:_identify(dev_spade/lib/python3.10/site-packages/pip/_vendor/urllib3/contrib/_securetransport) by extensions ['colcon_meta']
[0.545s] Level 1:colcon.colcon_core.package_identification:_identify(dev_spade/lib/python3.10/site-packages/pip/_vendor/urllib3/contrib/_securetransport) by extension 'colcon_meta'
[0.545s] Level 1:colcon.colcon_core.package_identification:_identify(dev_spade/lib/python3.10/site-packages/pip/_vendor/urllib3/contrib/_securetransport) by extensions ['ros']
[0.545s] Level 1:colcon.colcon_core.package_identification:_identify(dev_spade/lib/python3.10/site-packages/pip/_vendor/urllib3/contrib/_securetransport) by extension 'ros'
[0.545s] Level 1:colcon.colcon_core.package_identification:_identify(dev_spade/lib/python3.10/site-packages/pip/_vendor/urllib3/contrib/_securetransport) by extensions ['cmake', 'python']
[0.545s] Level 1:colcon.colcon_core.package_identification:_identify(dev_spade/lib/python3.10/site-packages/pip/_vendor/urllib3/contrib/_securetransport) by extension 'cmake'
[0.545s] Level 1:colcon.colcon_core.package_identification:_identify(dev_spade/lib/python3.10/site-packages/pip/_vendor/urllib3/contrib/_securetransport) by extension 'python'
[0.545s] Level 1:colcon.colcon_core.package_identification:_identify(dev_spade/lib/python3.10/site-packages/pip/_vendor/urllib3/contrib/_securetransport) by extensions ['python_setup_py']
[0.545s] Level 1:colcon.colcon_core.package_identification:_identify(dev_spade/lib/python3.10/site-packages/pip/_vendor/urllib3/contrib/_securetransport) by extension 'python_setup_py'
[0.545s] Level 1:colcon.colcon_core.package_identification:_identify(dev_spade/lib/python3.10/site-packages/pip/_vendor/urllib3/contrib/_securetransport/__pycache__) by extensions ['ignore', 'ignore_ament_install']
[0.545s] Level 1:colcon.colcon_core.package_identification:_identify(dev_spade/lib/python3.10/site-packages/pip/_vendor/urllib3/contrib/_securetransport/__pycache__) by extension 'ignore'
[0.545s] Level 1:colcon.colcon_core.package_identification:_identify(dev_spade/lib/python3.10/site-packages/pip/_vendor/urllib3/contrib/_securetransport/__pycache__) by extension 'ignore_ament_install'
[0.545s] Level 1:colcon.colcon_core.package_identification:_identify(dev_spade/lib/python3.10/site-packages/pip/_vendor/urllib3/contrib/_securetransport/__pycache__) by extensions ['colcon_pkg']
[0.545s] Level 1:colcon.colcon_core.package_identification:_identify(dev_spade/lib/python3.10/site-packages/pip/_vendor/urllib3/contrib/_securetransport/__pycache__) by extension 'colcon_pkg'
[0.545s] Level 1:colcon.colcon_core.package_identification:_identify(dev_spade/lib/python3.10/site-packages/pip/_vendor/urllib3/contrib/_securetransport/__pycache__) by extensions ['colcon_meta']
[0.545s] Level 1:colcon.colcon_core.package_identification:_identify(dev_spade/lib/python3.10/site-packages/pip/_vendor/urllib3/contrib/_securetransport/__pycache__) by extension 'colcon_meta'
[0.545s] Level 1:colcon.colcon_core.package_identification:_identify(dev_spade/lib/python3.10/site-packages/pip/_vendor/urllib3/contrib/_securetransport/__pycache__) by extensions ['ros']
[0.545s] Level 1:colcon.colcon_core.package_identification:_identify(dev_spade/lib/python3.10/site-packages/pip/_vendor/urllib3/contrib/_securetransport/__pycache__) by extension 'ros'
[0.545s] Level 1:colcon.colcon_core.package_identification:_identify(dev_spade/lib/python3.10/site-packages/pip/_vendor/urllib3/contrib/_securetransport/__pycache__) by extensions ['cmake', 'python']
[0.545s] Level 1:colcon.colcon_core.package_identification:_identify(dev_spade/lib/python3.10/site-packages/pip/_vendor/urllib3/contrib/_securetransport/__pycache__) by extension 'cmake'
[0.546s] Level 1:colcon.colcon_core.package_identification:_identify(dev_spade/lib/python3.10/site-packages/pip/_vendor/urllib3/contrib/_securetransport/__pycache__) by extension 'python'
[0.546s] Level 1:colcon.colcon_core.package_identification:_identify(dev_spade/lib/python3.10/site-packages/pip/_vendor/urllib3/contrib/_securetransport/__pycache__) by extensions ['python_setup_py']
[0.546s] Level 1:colcon.colcon_core.package_identification:_identify(dev_spade/lib/python3.10/site-packages/pip/_vendor/urllib3/contrib/_securetransport/__pycache__) by extension 'python_setup_py'
[0.546s] Level 1:colcon.colcon_core.package_identification:_identify(dev_spade/lib/python3.10/site-packages/pip/_vendor/urllib3/packages) by extensions ['ignore', 'ignore_ament_install']
[0.546s] Level 1:colcon.colcon_core.package_identification:_identify(dev_spade/lib/python3.10/site-packages/pip/_vendor/urllib3/packages) by extension 'ignore'
[0.546s] Level 1:colcon.colcon_core.package_identification:_identify(dev_spade/lib/python3.10/site-packages/pip/_vendor/urllib3/packages) by extension 'ignore_ament_install'
[0.546s] Level 1:colcon.colcon_core.package_identification:_identify(dev_spade/lib/python3.10/site-packages/pip/_vendor/urllib3/packages) by extensions ['colcon_pkg']
[0.546s] Level 1:colcon.colcon_core.package_identification:_identify(dev_spade/lib/python3.10/site-packages/pip/_vendor/urllib3/packages) by extension 'colcon_pkg'
[0.546s] Level 1:colcon.colcon_core.package_identification:_identify(dev_spade/lib/python3.10/site-packages/pip/_vendor/urllib3/packages) by extensions ['colcon_meta']
[0.546s] Level 1:colcon.colcon_core.package_identification:_identify(dev_spade/lib/python3.10/site-packages/pip/_vendor/urllib3/packages) by extension 'colcon_meta'
[0.546s] Level 1:colcon.colcon_core.package_identification:_identify(dev_spade/lib/python3.10/site-packages/pip/_vendor/urllib3/packages) by extensions ['ros']
[0.546s] Level 1:colcon.colcon_core.package_identification:_identify(dev_spade/lib/python3.10/site-packages/pip/_vendor/urllib3/packages) by extension 'ros'
[0.546s] Level 1:colcon.colcon_core.package_identification:_identify(dev_spade/lib/python3.10/site-packages/pip/_vendor/urllib3/packages) by extensions ['cmake', 'python']
[0.546s] Level 1:colcon.colcon_core.package_identification:_identify(dev_spade/lib/python3.10/site-packages/pip/_vendor/urllib3/packages) by extension 'cmake'
[0.546s] Level 1:colcon.colcon_core.package_identification:_identify(dev_spade/lib/python3.10/site-packages/pip/_vendor/urllib3/packages) by extension 'python'
[0.546s] Level 1:colcon.colcon_core.package_identification:_identify(dev_spade/lib/python3.10/site-packages/pip/_vendor/urllib3/packages) by extensions ['python_setup_py']
[0.546s] Level 1:colcon.colcon_core.package_identification:_identify(dev_spade/lib/python3.10/site-packages/pip/_vendor/urllib3/packages) by extension 'python_setup_py'
[0.546s] Level 1:colcon.colcon_core.package_identification:_identify(dev_spade/lib/python3.10/site-packages/pip/_vendor/urllib3/packages/__pycache__) by extensions ['ignore', 'ignore_ament_install']
[0.546s] Level 1:colcon.colcon_core.package_identification:_identify(dev_spade/lib/python3.10/site-packages/pip/_vendor/urllib3/packages/__pycache__) by extension 'ignore'
[0.547s] Level 1:colcon.colcon_core.package_identification:_identify(dev_spade/lib/python3.10/site-packages/pip/_vendor/urllib3/packages/__pycache__) by extension 'ignore_ament_install'
[0.547s] Level 1:colcon.colcon_core.package_identification:_identify(dev_spade/lib/python3.10/site-packages/pip/_vendor/urllib3/packages/__pycache__) by extensions ['colcon_pkg']
[0.547s] Level 1:colcon.colcon_core.package_identification:_identify(dev_spade/lib/python3.10/site-packages/pip/_vendor/urllib3/packages/__pycache__) by extension 'colcon_pkg'
[0.547s] Level 1:colcon.colcon_core.package_identification:_identify(dev_spade/lib/python3.10/site-packages/pip/_vendor/urllib3/packages/__pycache__) by extensions ['colcon_meta']
[0.547s] Level 1:colcon.colcon_core.package_identification:_identify(dev_spade/lib/python3.10/site-packages/pip/_vendor/urllib3/packages/__pycache__) by extension 'colcon_meta'
[0.547s] Level 1:colcon.colcon_core.package_identification:_identify(dev_spade/lib/python3.10/site-packages/pip/_vendor/urllib3/packages/__pycache__) by extensions ['ros']
[0.547s] Level 1:colcon.colcon_core.package_identification:_identify(dev_spade/lib/python3.10/site-packages/pip/_vendor/urllib3/packages/__pycache__) by extension 'ros'
[0.547s] Level 1:colcon.colcon_core.package_identification:_identify(dev_spade/lib/python3.10/site-packages/pip/_vendor/urllib3/packages/__pycache__) by extensions ['cmake', 'python']
[0.547s] Level 1:colcon.colcon_core.package_identification:_identify(dev_spade/lib/python3.10/site-packages/pip/_vendor/urllib3/packages/__pycache__) by extension 'cmake'
[0.547s] Level 1:colcon.colcon_core.package_identification:_identify(dev_spade/lib/python3.10/site-packages/pip/_vendor/urllib3/packages/__pycache__) by extension 'python'
[0.547s] Level 1:colcon.colcon_core.package_identification:_identify(dev_spade/lib/python3.10/site-packages/pip/_vendor/urllib3/packages/__pycache__) by extensions ['python_setup_py']
[0.547s] Level 1:colcon.colcon_core.package_identification:_identify(dev_spade/lib/python3.10/site-packages/pip/_vendor/urllib3/packages/__pycache__) by extension 'python_setup_py'
[0.547s] Level 1:colcon.colcon_core.package_identification:_identify(dev_spade/lib/python3.10/site-packages/pip/_vendor/urllib3/packages/backports) by extensions ['ignore', 'ignore_ament_install']
[0.547s] Level 1:colcon.colcon_core.package_identification:_identify(dev_spade/lib/python3.10/site-packages/pip/_vendor/urllib3/packages/backports) by extension 'ignore'
[0.547s] Level 1:colcon.colcon_core.package_identification:_identify(dev_spade/lib/python3.10/site-packages/pip/_vendor/urllib3/packages/backports) by extension 'ignore_ament_install'
[0.547s] Level 1:colcon.colcon_core.package_identification:_identify(dev_spade/lib/python3.10/site-packages/pip/_vendor/urllib3/packages/backports) by extensions ['colcon_pkg']
[0.547s] Level 1:colcon.colcon_core.package_identification:_identify(dev_spade/lib/python3.10/site-packages/pip/_vendor/urllib3/packages/backports) by extension 'colcon_pkg'
[0.547s] Level 1:colcon.colcon_core.package_identification:_identify(dev_spade/lib/python3.10/site-packages/pip/_vendor/urllib3/packages/backports) by extensions ['colcon_meta']
[0.547s] Level 1:colcon.colcon_core.package_identification:_identify(dev_spade/lib/python3.10/site-packages/pip/_vendor/urllib3/packages/backports) by extension 'colcon_meta'
[0.547s] Level 1:colcon.colcon_core.package_identification:_identify(dev_spade/lib/python3.10/site-packages/pip/_vendor/urllib3/packages/backports) by extensions ['ros']
[0.547s] Level 1:colcon.colcon_core.package_identification:_identify(dev_spade/lib/python3.10/site-packages/pip/_vendor/urllib3/packages/backports) by extension 'ros'
[0.547s] Level 1:colcon.colcon_core.package_identification:_identify(dev_spade/lib/python3.10/site-packages/pip/_vendor/urllib3/packages/backports) by extensions ['cmake', 'python']
[0.547s] Level 1:colcon.colcon_core.package_identification:_identify(dev_spade/lib/python3.10/site-packages/pip/_vendor/urllib3/packages/backports) by extension 'cmake'
[0.547s] Level 1:colcon.colcon_core.package_identification:_identify(dev_spade/lib/python3.10/site-packages/pip/_vendor/urllib3/packages/backports) by extension 'python'
[0.547s] Level 1:colcon.colcon_core.package_identification:_identify(dev_spade/lib/python3.10/site-packages/pip/_vendor/urllib3/packages/backports) by extensions ['python_setup_py']
[0.547s] Level 1:colcon.colcon_core.package_identification:_identify(dev_spade/lib/python3.10/site-packages/pip/_vendor/urllib3/packages/backports) by extension 'python_setup_py'
[0.548s] Level 1:colcon.colcon_core.package_identification:_identify(dev_spade/lib/python3.10/site-packages/pip/_vendor/urllib3/packages/backports/__pycache__) by extensions ['ignore', 'ignore_ament_install']
[0.548s] Level 1:colcon.colcon_core.package_identification:_identify(dev_spade/lib/python3.10/site-packages/pip/_vendor/urllib3/packages/backports/__pycache__) by extension 'ignore'
[0.548s] Level 1:colcon.colcon_core.package_identification:_identify(dev_spade/lib/python3.10/site-packages/pip/_vendor/urllib3/packages/backports/__pycache__) by extension 'ignore_ament_install'
[0.548s] Level 1:colcon.colcon_core.package_identification:_identify(dev_spade/lib/python3.10/site-packages/pip/_vendor/urllib3/packages/backports/__pycache__) by extensions ['colcon_pkg']
[0.548s] Level 1:colcon.colcon_core.package_identification:_identify(dev_spade/lib/python3.10/site-packages/pip/_vendor/urllib3/packages/backports/__pycache__) by extension 'colcon_pkg'
[0.548s] Level 1:colcon.colcon_core.package_identification:_identify(dev_spade/lib/python3.10/site-packages/pip/_vendor/urllib3/packages/backports/__pycache__) by extensions ['colcon_meta']
[0.548s] Level 1:colcon.colcon_core.package_identification:_identify(dev_spade/lib/python3.10/site-packages/pip/_vendor/urllib3/packages/backports/__pycache__) by extension 'colcon_meta'
[0.548s] Level 1:colcon.colcon_core.package_identification:_identify(dev_spade/lib/python3.10/site-packages/pip/_vendor/urllib3/packages/backports/__pycache__) by extensions ['ros']
[0.548s] Level 1:colcon.colcon_core.package_identification:_identify(dev_spade/lib/python3.10/site-packages/pip/_vendor/urllib3/packages/backports/__pycache__) by extension 'ros'
[0.548s] Level 1:colcon.colcon_core.package_identification:_identify(dev_spade/lib/python3.10/site-packages/pip/_vendor/urllib3/packages/backports/__pycache__) by extensions ['cmake', 'python']
[0.548s] Level 1:colcon.colcon_core.package_identification:_identify(dev_spade/lib/python3.10/site-packages/pip/_vendor/urllib3/packages/backports/__pycache__) by extension 'cmake'
[0.548s] Level 1:colcon.colcon_core.package_identification:_identify(dev_spade/lib/python3.10/site-packages/pip/_vendor/urllib3/packages/backports/__pycache__) by extension 'python'
[0.548s] Level 1:colcon.colcon_core.package_identification:_identify(dev_spade/lib/python3.10/site-packages/pip/_vendor/urllib3/packages/backports/__pycache__) by extensions ['python_setup_py']
[0.548s] Level 1:colcon.colcon_core.package_identification:_identify(dev_spade/lib/python3.10/site-packages/pip/_vendor/urllib3/packages/backports/__pycache__) by extension 'python_setup_py'
[0.549s] Level 1:colcon.colcon_core.package_identification:_identify(dev_spade/lib/python3.10/site-packages/pip/_vendor/urllib3/util) by extensions ['ignore', 'ignore_ament_install']
[0.549s] Level 1:colcon.colcon_core.package_identification:_identify(dev_spade/lib/python3.10/site-packages/pip/_vendor/urllib3/util) by extension 'ignore'
[0.549s] Level 1:colcon.colcon_core.package_identification:_identify(dev_spade/lib/python3.10/site-packages/pip/_vendor/urllib3/util) by extension 'ignore_ament_install'
[0.549s] Level 1:colcon.colcon_core.package_identification:_identify(dev_spade/lib/python3.10/site-packages/pip/_vendor/urllib3/util) by extensions ['colcon_pkg']
[0.549s] Level 1:colcon.colcon_core.package_identification:_identify(dev_spade/lib/python3.10/site-packages/pip/_vendor/urllib3/util) by extension 'colcon_pkg'
[0.549s] Level 1:colcon.colcon_core.package_identification:_identify(dev_spade/lib/python3.10/site-packages/pip/_vendor/urllib3/util) by extensions ['colcon_meta']
[0.549s] Level 1:colcon.colcon_core.package_identification:_identify(dev_spade/lib/python3.10/site-packages/pip/_vendor/urllib3/util) by extension 'colcon_meta'
[0.549s] Level 1:colcon.colcon_core.package_identification:_identify(dev_spade/lib/python3.10/site-packages/pip/_vendor/urllib3/util) by extensions ['ros']
[0.549s] Level 1:colcon.colcon_core.package_identification:_identify(dev_spade/lib/python3.10/site-packages/pip/_vendor/urllib3/util) by extension 'ros'
[0.549s] Level 1:colcon.colcon_core.package_identification:_identify(dev_spade/lib/python3.10/site-packages/pip/_vendor/urllib3/util) by extensions ['cmake', 'python']
[0.549s] Level 1:colcon.colcon_core.package_identification:_identify(dev_spade/lib/python3.10/site-packages/pip/_vendor/urllib3/util) by extension 'cmake'
[0.549s] Level 1:colcon.colcon_core.package_identification:_identify(dev_spade/lib/python3.10/site-packages/pip/_vendor/urllib3/util) by extension 'python'
[0.549s] Level 1:colcon.colcon_core.package_identification:_identify(dev_spade/lib/python3.10/site-packages/pip/_vendor/urllib3/util) by extensions ['python_setup_py']
[0.549s] Level 1:colcon.colcon_core.package_identification:_identify(dev_spade/lib/python3.10/site-packages/pip/_vendor/urllib3/util) by extension 'python_setup_py'
[0.549s] Level 1:colcon.colcon_core.package_identification:_identify(dev_spade/lib/python3.10/site-packages/pip/_vendor/urllib3/util/__pycache__) by extensions ['ignore', 'ignore_ament_install']
[0.549s] Level 1:colcon.colcon_core.package_identification:_identify(dev_spade/lib/python3.10/site-packages/pip/_vendor/urllib3/util/__pycache__) by extension 'ignore'
[0.549s] Level 1:colcon.colcon_core.package_identification:_identify(dev_spade/lib/python3.10/site-packages/pip/_vendor/urllib3/util/__pycache__) by extension 'ignore_ament_install'
[0.549s] Level 1:colcon.colcon_core.package_identification:_identify(dev_spade/lib/python3.10/site-packages/pip/_vendor/urllib3/util/__pycache__) by extensions ['colcon_pkg']
[0.549s] Level 1:colcon.colcon_core.package_identification:_identify(dev_spade/lib/python3.10/site-packages/pip/_vendor/urllib3/util/__pycache__) by extension 'colcon_pkg'
[0.549s] Level 1:colcon.colcon_core.package_identification:_identify(dev_spade/lib/python3.10/site-packages/pip/_vendor/urllib3/util/__pycache__) by extensions ['colcon_meta']
[0.549s] Level 1:colcon.colcon_core.package_identification:_identify(dev_spade/lib/python3.10/site-packages/pip/_vendor/urllib3/util/__pycache__) by extension 'colcon_meta'
[0.549s] Level 1:colcon.colcon_core.package_identification:_identify(dev_spade/lib/python3.10/site-packages/pip/_vendor/urllib3/util/__pycache__) by extensions ['ros']
[0.549s] Level 1:colcon.colcon_core.package_identification:_identify(dev_spade/lib/python3.10/site-packages/pip/_vendor/urllib3/util/__pycache__) by extension 'ros'
[0.550s] Level 1:colcon.colcon_core.package_identification:_identify(dev_spade/lib/python3.10/site-packages/pip/_vendor/urllib3/util/__pycache__) by extensions ['cmake', 'python']
[0.550s] Level 1:colcon.colcon_core.package_identification:_identify(dev_spade/lib/python3.10/site-packages/pip/_vendor/urllib3/util/__pycache__) by extension 'cmake'
[0.550s] Level 1:colcon.colcon_core.package_identification:_identify(dev_spade/lib/python3.10/site-packages/pip/_vendor/urllib3/util/__pycache__) by extension 'python'
[0.550s] Level 1:colcon.colcon_core.package_identification:_identify(dev_spade/lib/python3.10/site-packages/pip/_vendor/urllib3/util/__pycache__) by extensions ['python_setup_py']
[0.550s] Level 1:colcon.colcon_core.package_identification:_identify(dev_spade/lib/python3.10/site-packages/pip/_vendor/urllib3/util/__pycache__) by extension 'python_setup_py'
[0.550s] Level 1:colcon.colcon_core.package_identification:_identify(dev_spade/lib/python3.10/site-packages/pip/_vendor/webencodings) by extensions ['ignore', 'ignore_ament_install']
[0.550s] Level 1:colcon.colcon_core.package_identification:_identify(dev_spade/lib/python3.10/site-packages/pip/_vendor/webencodings) by extension 'ignore'
[0.550s] Level 1:colcon.colcon_core.package_identification:_identify(dev_spade/lib/python3.10/site-packages/pip/_vendor/webencodings) by extension 'ignore_ament_install'
[0.550s] Level 1:colcon.colcon_core.package_identification:_identify(dev_spade/lib/python3.10/site-packages/pip/_vendor/webencodings) by extensions ['colcon_pkg']
[0.550s] Level 1:colcon.colcon_core.package_identification:_identify(dev_spade/lib/python3.10/site-packages/pip/_vendor/webencodings) by extension 'colcon_pkg'
[0.550s] Level 1:colcon.colcon_core.package_identification:_identify(dev_spade/lib/python3.10/site-packages/pip/_vendor/webencodings) by extensions ['colcon_meta']
[0.550s] Level 1:colcon.colcon_core.package_identification:_identify(dev_spade/lib/python3.10/site-packages/pip/_vendor/webencodings) by extension 'colcon_meta'
[0.550s] Level 1:colcon.colcon_core.package_identification:_identify(dev_spade/lib/python3.10/site-packages/pip/_vendor/webencodings) by extensions ['ros']
[0.550s] Level 1:colcon.colcon_core.package_identification:_identify(dev_spade/lib/python3.10/site-packages/pip/_vendor/webencodings) by extension 'ros'
[0.550s] Level 1:colcon.colcon_core.package_identification:_identify(dev_spade/lib/python3.10/site-packages/pip/_vendor/webencodings) by extensions ['cmake', 'python']
[0.550s] Level 1:colcon.colcon_core.package_identification:_identify(dev_spade/lib/python3.10/site-packages/pip/_vendor/webencodings) by extension 'cmake'
[0.550s] Level 1:colcon.colcon_core.package_identification:_identify(dev_spade/lib/python3.10/site-packages/pip/_vendor/webencodings) by extension 'python'
[0.550s] Level 1:colcon.colcon_core.package_identification:_identify(dev_spade/lib/python3.10/site-packages/pip/_vendor/webencodings) by extensions ['python_setup_py']
[0.550s] Level 1:colcon.colcon_core.package_identification:_identify(dev_spade/lib/python3.10/site-packages/pip/_vendor/webencodings) by extension 'python_setup_py'
[0.550s] Level 1:colcon.colcon_core.package_identification:_identify(dev_spade/lib/python3.10/site-packages/pip/_vendor/webencodings/__pycache__) by extensions ['ignore', 'ignore_ament_install']
[0.551s] Level 1:colcon.colcon_core.package_identification:_identify(dev_spade/lib/python3.10/site-packages/pip/_vendor/webencodings/__pycache__) by extension 'ignore'
[0.551s] Level 1:colcon.colcon_core.package_identification:_identify(dev_spade/lib/python3.10/site-packages/pip/_vendor/webencodings/__pycache__) by extension 'ignore_ament_install'
[0.551s] Level 1:colcon.colcon_core.package_identification:_identify(dev_spade/lib/python3.10/site-packages/pip/_vendor/webencodings/__pycache__) by extensions ['colcon_pkg']
[0.551s] Level 1:colcon.colcon_core.package_identification:_identify(dev_spade/lib/python3.10/site-packages/pip/_vendor/webencodings/__pycache__) by extension 'colcon_pkg'
[0.551s] Level 1:colcon.colcon_core.package_identification:_identify(dev_spade/lib/python3.10/site-packages/pip/_vendor/webencodings/__pycache__) by extensions ['colcon_meta']
[0.551s] Level 1:colcon.colcon_core.package_identification:_identify(dev_spade/lib/python3.10/site-packages/pip/_vendor/webencodings/__pycache__) by extension 'colcon_meta'
[0.551s] Level 1:colcon.colcon_core.package_identification:_identify(dev_spade/lib/python3.10/site-packages/pip/_vendor/webencodings/__pycache__) by extensions ['ros']
[0.551s] Level 1:colcon.colcon_core.package_identification:_identify(dev_spade/lib/python3.10/site-packages/pip/_vendor/webencodings/__pycache__) by extension 'ros'
[0.551s] Level 1:colcon.colcon_core.package_identification:_identify(dev_spade/lib/python3.10/site-packages/pip/_vendor/webencodings/__pycache__) by extensions ['cmake', 'python']
[0.551s] Level 1:colcon.colcon_core.package_identification:_identify(dev_spade/lib/python3.10/site-packages/pip/_vendor/webencodings/__pycache__) by extension 'cmake'
[0.551s] Level 1:colcon.colcon_core.package_identification:_identify(dev_spade/lib/python3.10/site-packages/pip/_vendor/webencodings/__pycache__) by extension 'python'
[0.551s] Level 1:colcon.colcon_core.package_identification:_identify(dev_spade/lib/python3.10/site-packages/pip/_vendor/webencodings/__pycache__) by extensions ['python_setup_py']
[0.551s] Level 1:colcon.colcon_core.package_identification:_identify(dev_spade/lib/python3.10/site-packages/pip/_vendor/webencodings/__pycache__) by extension 'python_setup_py'
[0.551s] Level 1:colcon.colcon_core.package_identification:_identify(dev_spade/lib/python3.10/site-packages/pip-22.0.2.dist-info) by extensions ['ignore', 'ignore_ament_install']
[0.551s] Level 1:colcon.colcon_core.package_identification:_identify(dev_spade/lib/python3.10/site-packages/pip-22.0.2.dist-info) by extension 'ignore'
[0.551s] Level 1:colcon.colcon_core.package_identification:_identify(dev_spade/lib/python3.10/site-packages/pip-22.0.2.dist-info) by extension 'ignore_ament_install'
[0.551s] Level 1:colcon.colcon_core.package_identification:_identify(dev_spade/lib/python3.10/site-packages/pip-22.0.2.dist-info) by extensions ['colcon_pkg']
[0.551s] Level 1:colcon.colcon_core.package_identification:_identify(dev_spade/lib/python3.10/site-packages/pip-22.0.2.dist-info) by extension 'colcon_pkg'
[0.551s] Level 1:colcon.colcon_core.package_identification:_identify(dev_spade/lib/python3.10/site-packages/pip-22.0.2.dist-info) by extensions ['colcon_meta']
[0.551s] Level 1:colcon.colcon_core.package_identification:_identify(dev_spade/lib/python3.10/site-packages/pip-22.0.2.dist-info) by extension 'colcon_meta'
[0.551s] Level 1:colcon.colcon_core.package_identification:_identify(dev_spade/lib/python3.10/site-packages/pip-22.0.2.dist-info) by extensions ['ros']
[0.551s] Level 1:colcon.colcon_core.package_identification:_identify(dev_spade/lib/python3.10/site-packages/pip-22.0.2.dist-info) by extension 'ros'
[0.551s] Level 1:colcon.colcon_core.package_identification:_identify(dev_spade/lib/python3.10/site-packages/pip-22.0.2.dist-info) by extensions ['cmake', 'python']
[0.551s] Level 1:colcon.colcon_core.package_identification:_identify(dev_spade/lib/python3.10/site-packages/pip-22.0.2.dist-info) by extension 'cmake'
[0.552s] Level 1:colcon.colcon_core.package_identification:_identify(dev_spade/lib/python3.10/site-packages/pip-22.0.2.dist-info) by extension 'python'
[0.552s] Level 1:colcon.colcon_core.package_identification:_identify(dev_spade/lib/python3.10/site-packages/pip-22.0.2.dist-info) by extensions ['python_setup_py']
[0.552s] Level 1:colcon.colcon_core.package_identification:_identify(dev_spade/lib/python3.10/site-packages/pip-22.0.2.dist-info) by extension 'python_setup_py'
[0.552s] Level 1:colcon.colcon_core.package_identification:_identify(dev_spade/lib/python3.10/site-packages/pkg_resources) by extensions ['ignore', 'ignore_ament_install']
[0.552s] Level 1:colcon.colcon_core.package_identification:_identify(dev_spade/lib/python3.10/site-packages/pkg_resources) by extension 'ignore'
[0.552s] Level 1:colcon.colcon_core.package_identification:_identify(dev_spade/lib/python3.10/site-packages/pkg_resources) by extension 'ignore_ament_install'
[0.552s] Level 1:colcon.colcon_core.package_identification:_identify(dev_spade/lib/python3.10/site-packages/pkg_resources) by extensions ['colcon_pkg']
[0.552s] Level 1:colcon.colcon_core.package_identification:_identify(dev_spade/lib/python3.10/site-packages/pkg_resources) by extension 'colcon_pkg'
[0.552s] Level 1:colcon.colcon_core.package_identification:_identify(dev_spade/lib/python3.10/site-packages/pkg_resources) by extensions ['colcon_meta']
[0.552s] Level 1:colcon.colcon_core.package_identification:_identify(dev_spade/lib/python3.10/site-packages/pkg_resources) by extension 'colcon_meta'
[0.552s] Level 1:colcon.colcon_core.package_identification:_identify(dev_spade/lib/python3.10/site-packages/pkg_resources) by extensions ['ros']
[0.552s] Level 1:colcon.colcon_core.package_identification:_identify(dev_spade/lib/python3.10/site-packages/pkg_resources) by extension 'ros'
[0.552s] Level 1:colcon.colcon_core.package_identification:_identify(dev_spade/lib/python3.10/site-packages/pkg_resources) by extensions ['cmake', 'python']
[0.552s] Level 1:colcon.colcon_core.package_identification:_identify(dev_spade/lib/python3.10/site-packages/pkg_resources) by extension 'cmake'
[0.552s] Level 1:colcon.colcon_core.package_identification:_identify(dev_spade/lib/python3.10/site-packages/pkg_resources) by extension 'python'
[0.552s] Level 1:colcon.colcon_core.package_identification:_identify(dev_spade/lib/python3.10/site-packages/pkg_resources) by extensions ['python_setup_py']
[0.552s] Level 1:colcon.colcon_core.package_identification:_identify(dev_spade/lib/python3.10/site-packages/pkg_resources) by extension 'python_setup_py'
[0.553s] Level 1:colcon.colcon_core.package_identification:_identify(dev_spade/lib/python3.10/site-packages/pkg_resources/__pycache__) by extensions ['ignore', 'ignore_ament_install']
[0.553s] Level 1:colcon.colcon_core.package_identification:_identify(dev_spade/lib/python3.10/site-packages/pkg_resources/__pycache__) by extension 'ignore'
[0.553s] Level 1:colcon.colcon_core.package_identification:_identify(dev_spade/lib/python3.10/site-packages/pkg_resources/__pycache__) by extension 'ignore_ament_install'
[0.553s] Level 1:colcon.colcon_core.package_identification:_identify(dev_spade/lib/python3.10/site-packages/pkg_resources/__pycache__) by extensions ['colcon_pkg']
[0.553s] Level 1:colcon.colcon_core.package_identification:_identify(dev_spade/lib/python3.10/site-packages/pkg_resources/__pycache__) by extension 'colcon_pkg'
[0.553s] Level 1:colcon.colcon_core.package_identification:_identify(dev_spade/lib/python3.10/site-packages/pkg_resources/__pycache__) by extensions ['colcon_meta']
[0.553s] Level 1:colcon.colcon_core.package_identification:_identify(dev_spade/lib/python3.10/site-packages/pkg_resources/__pycache__) by extension 'colcon_meta'
[0.553s] Level 1:colcon.colcon_core.package_identification:_identify(dev_spade/lib/python3.10/site-packages/pkg_resources/__pycache__) by extensions ['ros']
[0.553s] Level 1:colcon.colcon_core.package_identification:_identify(dev_spade/lib/python3.10/site-packages/pkg_resources/__pycache__) by extension 'ros'
[0.553s] Level 1:colcon.colcon_core.package_identification:_identify(dev_spade/lib/python3.10/site-packages/pkg_resources/__pycache__) by extensions ['cmake', 'python']
[0.553s] Level 1:colcon.colcon_core.package_identification:_identify(dev_spade/lib/python3.10/site-packages/pkg_resources/__pycache__) by extension 'cmake'
[0.553s] Level 1:colcon.colcon_core.package_identification:_identify(dev_spade/lib/python3.10/site-packages/pkg_resources/__pycache__) by extension 'python'
[0.553s] Level 1:colcon.colcon_core.package_identification:_identify(dev_spade/lib/python3.10/site-packages/pkg_resources/__pycache__) by extensions ['python_setup_py']
[0.553s] Level 1:colcon.colcon_core.package_identification:_identify(dev_spade/lib/python3.10/site-packages/pkg_resources/__pycache__) by extension 'python_setup_py'
[0.553s] Level 1:colcon.colcon_core.package_identification:_identify(dev_spade/lib/python3.10/site-packages/pkg_resources/_vendor) by extensions ['ignore', 'ignore_ament_install']
[0.553s] Level 1:colcon.colcon_core.package_identification:_identify(dev_spade/lib/python3.10/site-packages/pkg_resources/_vendor) by extension 'ignore'
[0.553s] Level 1:colcon.colcon_core.package_identification:_identify(dev_spade/lib/python3.10/site-packages/pkg_resources/_vendor) by extension 'ignore_ament_install'
[0.553s] Level 1:colcon.colcon_core.package_identification:_identify(dev_spade/lib/python3.10/site-packages/pkg_resources/_vendor) by extensions ['colcon_pkg']
[0.553s] Level 1:colcon.colcon_core.package_identification:_identify(dev_spade/lib/python3.10/site-packages/pkg_resources/_vendor) by extension 'colcon_pkg'
[0.553s] Level 1:colcon.colcon_core.package_identification:_identify(dev_spade/lib/python3.10/site-packages/pkg_resources/_vendor) by extensions ['colcon_meta']
[0.553s] Level 1:colcon.colcon_core.package_identification:_identify(dev_spade/lib/python3.10/site-packages/pkg_resources/_vendor) by extension 'colcon_meta'
[0.553s] Level 1:colcon.colcon_core.package_identification:_identify(dev_spade/lib/python3.10/site-packages/pkg_resources/_vendor) by extensions ['ros']
[0.553s] Level 1:colcon.colcon_core.package_identification:_identify(dev_spade/lib/python3.10/site-packages/pkg_resources/_vendor) by extension 'ros'
[0.553s] Level 1:colcon.colcon_core.package_identification:_identify(dev_spade/lib/python3.10/site-packages/pkg_resources/_vendor) by extensions ['cmake', 'python']
[0.553s] Level 1:colcon.colcon_core.package_identification:_identify(dev_spade/lib/python3.10/site-packages/pkg_resources/_vendor) by extension 'cmake'
[0.554s] Level 1:colcon.colcon_core.package_identification:_identify(dev_spade/lib/python3.10/site-packages/pkg_resources/_vendor) by extension 'python'
[0.554s] Level 1:colcon.colcon_core.package_identification:_identify(dev_spade/lib/python3.10/site-packages/pkg_resources/_vendor) by extensions ['python_setup_py']
[0.554s] Level 1:colcon.colcon_core.package_identification:_identify(dev_spade/lib/python3.10/site-packages/pkg_resources/_vendor) by extension 'python_setup_py'
[0.554s] Level 1:colcon.colcon_core.package_identification:_identify(dev_spade/lib/python3.10/site-packages/pkg_resources/_vendor/__pycache__) by extensions ['ignore', 'ignore_ament_install']
[0.554s] Level 1:colcon.colcon_core.package_identification:_identify(dev_spade/lib/python3.10/site-packages/pkg_resources/_vendor/__pycache__) by extension 'ignore'
[0.554s] Level 1:colcon.colcon_core.package_identification:_identify(dev_spade/lib/python3.10/site-packages/pkg_resources/_vendor/__pycache__) by extension 'ignore_ament_install'
[0.554s] Level 1:colcon.colcon_core.package_identification:_identify(dev_spade/lib/python3.10/site-packages/pkg_resources/_vendor/__pycache__) by extensions ['colcon_pkg']
[0.554s] Level 1:colcon.colcon_core.package_identification:_identify(dev_spade/lib/python3.10/site-packages/pkg_resources/_vendor/__pycache__) by extension 'colcon_pkg'
[0.554s] Level 1:colcon.colcon_core.package_identification:_identify(dev_spade/lib/python3.10/site-packages/pkg_resources/_vendor/__pycache__) by extensions ['colcon_meta']
[0.554s] Level 1:colcon.colcon_core.package_identification:_identify(dev_spade/lib/python3.10/site-packages/pkg_resources/_vendor/__pycache__) by extension 'colcon_meta'
[0.554s] Level 1:colcon.colcon_core.package_identification:_identify(dev_spade/lib/python3.10/site-packages/pkg_resources/_vendor/__pycache__) by extensions ['ros']
[0.554s] Level 1:colcon.colcon_core.package_identification:_identify(dev_spade/lib/python3.10/site-packages/pkg_resources/_vendor/__pycache__) by extension 'ros'
[0.554s] Level 1:colcon.colcon_core.package_identification:_identify(dev_spade/lib/python3.10/site-packages/pkg_resources/_vendor/__pycache__) by extensions ['cmake', 'python']
[0.554s] Level 1:colcon.colcon_core.package_identification:_identify(dev_spade/lib/python3.10/site-packages/pkg_resources/_vendor/__pycache__) by extension 'cmake'
[0.554s] Level 1:colcon.colcon_core.package_identification:_identify(dev_spade/lib/python3.10/site-packages/pkg_resources/_vendor/__pycache__) by extension 'python'
[0.554s] Level 1:colcon.colcon_core.package_identification:_identify(dev_spade/lib/python3.10/site-packages/pkg_resources/_vendor/__pycache__) by extensions ['python_setup_py']
[0.554s] Level 1:colcon.colcon_core.package_identification:_identify(dev_spade/lib/python3.10/site-packages/pkg_resources/_vendor/__pycache__) by extension 'python_setup_py'
[0.554s] Level 1:colcon.colcon_core.package_identification:_identify(dev_spade/lib/python3.10/site-packages/pkg_resources/_vendor/packaging) by extensions ['ignore', 'ignore_ament_install']
[0.554s] Level 1:colcon.colcon_core.package_identification:_identify(dev_spade/lib/python3.10/site-packages/pkg_resources/_vendor/packaging) by extension 'ignore'
[0.555s] Level 1:colcon.colcon_core.package_identification:_identify(dev_spade/lib/python3.10/site-packages/pkg_resources/_vendor/packaging) by extension 'ignore_ament_install'
[0.555s] Level 1:colcon.colcon_core.package_identification:_identify(dev_spade/lib/python3.10/site-packages/pkg_resources/_vendor/packaging) by extensions ['colcon_pkg']
[0.555s] Level 1:colcon.colcon_core.package_identification:_identify(dev_spade/lib/python3.10/site-packages/pkg_resources/_vendor/packaging) by extension 'colcon_pkg'
[0.555s] Level 1:colcon.colcon_core.package_identification:_identify(dev_spade/lib/python3.10/site-packages/pkg_resources/_vendor/packaging) by extensions ['colcon_meta']
[0.555s] Level 1:colcon.colcon_core.package_identification:_identify(dev_spade/lib/python3.10/site-packages/pkg_resources/_vendor/packaging) by extension 'colcon_meta'
[0.555s] Level 1:colcon.colcon_core.package_identification:_identify(dev_spade/lib/python3.10/site-packages/pkg_resources/_vendor/packaging) by extensions ['ros']
[0.555s] Level 1:colcon.colcon_core.package_identification:_identify(dev_spade/lib/python3.10/site-packages/pkg_resources/_vendor/packaging) by extension 'ros'
[0.555s] Level 1:colcon.colcon_core.package_identification:_identify(dev_spade/lib/python3.10/site-packages/pkg_resources/_vendor/packaging) by extensions ['cmake', 'python']
[0.555s] Level 1:colcon.colcon_core.package_identification:_identify(dev_spade/lib/python3.10/site-packages/pkg_resources/_vendor/packaging) by extension 'cmake'
[0.555s] Level 1:colcon.colcon_core.package_identification:_identify(dev_spade/lib/python3.10/site-packages/pkg_resources/_vendor/packaging) by extension 'python'
[0.555s] Level 1:colcon.colcon_core.package_identification:_identify(dev_spade/lib/python3.10/site-packages/pkg_resources/_vendor/packaging) by extensions ['python_setup_py']
[0.555s] Level 1:colcon.colcon_core.package_identification:_identify(dev_spade/lib/python3.10/site-packages/pkg_resources/_vendor/packaging) by extension 'python_setup_py'
[0.555s] Level 1:colcon.colcon_core.package_identification:_identify(dev_spade/lib/python3.10/site-packages/pkg_resources/_vendor/packaging/__pycache__) by extensions ['ignore', 'ignore_ament_install']
[0.555s] Level 1:colcon.colcon_core.package_identification:_identify(dev_spade/lib/python3.10/site-packages/pkg_resources/_vendor/packaging/__pycache__) by extension 'ignore'
[0.555s] Level 1:colcon.colcon_core.package_identification:_identify(dev_spade/lib/python3.10/site-packages/pkg_resources/_vendor/packaging/__pycache__) by extension 'ignore_ament_install'
[0.555s] Level 1:colcon.colcon_core.package_identification:_identify(dev_spade/lib/python3.10/site-packages/pkg_resources/_vendor/packaging/__pycache__) by extensions ['colcon_pkg']
[0.555s] Level 1:colcon.colcon_core.package_identification:_identify(dev_spade/lib/python3.10/site-packages/pkg_resources/_vendor/packaging/__pycache__) by extension 'colcon_pkg'
[0.555s] Level 1:colcon.colcon_core.package_identification:_identify(dev_spade/lib/python3.10/site-packages/pkg_resources/_vendor/packaging/__pycache__) by extensions ['colcon_meta']
[0.555s] Level 1:colcon.colcon_core.package_identification:_identify(dev_spade/lib/python3.10/site-packages/pkg_resources/_vendor/packaging/__pycache__) by extension 'colcon_meta'
[0.555s] Level 1:colcon.colcon_core.package_identification:_identify(dev_spade/lib/python3.10/site-packages/pkg_resources/_vendor/packaging/__pycache__) by extensions ['ros']
[0.555s] Level 1:colcon.colcon_core.package_identification:_identify(dev_spade/lib/python3.10/site-packages/pkg_resources/_vendor/packaging/__pycache__) by extension 'ros'
[0.555s] Level 1:colcon.colcon_core.package_identification:_identify(dev_spade/lib/python3.10/site-packages/pkg_resources/_vendor/packaging/__pycache__) by extensions ['cmake', 'python']
[0.555s] Level 1:colcon.colcon_core.package_identification:_identify(dev_spade/lib/python3.10/site-packages/pkg_resources/_vendor/packaging/__pycache__) by extension 'cmake'
[0.555s] Level 1:colcon.colcon_core.package_identification:_identify(dev_spade/lib/python3.10/site-packages/pkg_resources/_vendor/packaging/__pycache__) by extension 'python'
[0.555s] Level 1:colcon.colcon_core.package_identification:_identify(dev_spade/lib/python3.10/site-packages/pkg_resources/_vendor/packaging/__pycache__) by extensions ['python_setup_py']
[0.555s] Level 1:colcon.colcon_core.package_identification:_identify(dev_spade/lib/python3.10/site-packages/pkg_resources/_vendor/packaging/__pycache__) by extension 'python_setup_py'
[0.556s] Level 1:colcon.colcon_core.package_identification:_identify(dev_spade/lib/python3.10/site-packages/pkg_resources/extern) by extensions ['ignore', 'ignore_ament_install']
[0.556s] Level 1:colcon.colcon_core.package_identification:_identify(dev_spade/lib/python3.10/site-packages/pkg_resources/extern) by extension 'ignore'
[0.556s] Level 1:colcon.colcon_core.package_identification:_identify(dev_spade/lib/python3.10/site-packages/pkg_resources/extern) by extension 'ignore_ament_install'
[0.556s] Level 1:colcon.colcon_core.package_identification:_identify(dev_spade/lib/python3.10/site-packages/pkg_resources/extern) by extensions ['colcon_pkg']
[0.556s] Level 1:colcon.colcon_core.package_identification:_identify(dev_spade/lib/python3.10/site-packages/pkg_resources/extern) by extension 'colcon_pkg'
[0.556s] Level 1:colcon.colcon_core.package_identification:_identify(dev_spade/lib/python3.10/site-packages/pkg_resources/extern) by extensions ['colcon_meta']
[0.556s] Level 1:colcon.colcon_core.package_identification:_identify(dev_spade/lib/python3.10/site-packages/pkg_resources/extern) by extension 'colcon_meta'
[0.556s] Level 1:colcon.colcon_core.package_identification:_identify(dev_spade/lib/python3.10/site-packages/pkg_resources/extern) by extensions ['ros']
[0.556s] Level 1:colcon.colcon_core.package_identification:_identify(dev_spade/lib/python3.10/site-packages/pkg_resources/extern) by extension 'ros'
[0.556s] Level 1:colcon.colcon_core.package_identification:_identify(dev_spade/lib/python3.10/site-packages/pkg_resources/extern) by extensions ['cmake', 'python']
[0.556s] Level 1:colcon.colcon_core.package_identification:_identify(dev_spade/lib/python3.10/site-packages/pkg_resources/extern) by extension 'cmake'
[0.556s] Level 1:colcon.colcon_core.package_identification:_identify(dev_spade/lib/python3.10/site-packages/pkg_resources/extern) by extension 'python'
[0.556s] Level 1:colcon.colcon_core.package_identification:_identify(dev_spade/lib/python3.10/site-packages/pkg_resources/extern) by extensions ['python_setup_py']
[0.556s] Level 1:colcon.colcon_core.package_identification:_identify(dev_spade/lib/python3.10/site-packages/pkg_resources/extern) by extension 'python_setup_py'
[0.557s] Level 1:colcon.colcon_core.package_identification:_identify(dev_spade/lib/python3.10/site-packages/pkg_resources/extern/__pycache__) by extensions ['ignore', 'ignore_ament_install']
[0.557s] Level 1:colcon.colcon_core.package_identification:_identify(dev_spade/lib/python3.10/site-packages/pkg_resources/extern/__pycache__) by extension 'ignore'
[0.557s] Level 1:colcon.colcon_core.package_identification:_identify(dev_spade/lib/python3.10/site-packages/pkg_resources/extern/__pycache__) by extension 'ignore_ament_install'
[0.557s] Level 1:colcon.colcon_core.package_identification:_identify(dev_spade/lib/python3.10/site-packages/pkg_resources/extern/__pycache__) by extensions ['colcon_pkg']
[0.557s] Level 1:colcon.colcon_core.package_identification:_identify(dev_spade/lib/python3.10/site-packages/pkg_resources/extern/__pycache__) by extension 'colcon_pkg'
[0.557s] Level 1:colcon.colcon_core.package_identification:_identify(dev_spade/lib/python3.10/site-packages/pkg_resources/extern/__pycache__) by extensions ['colcon_meta']
[0.557s] Level 1:colcon.colcon_core.package_identification:_identify(dev_spade/lib/python3.10/site-packages/pkg_resources/extern/__pycache__) by extension 'colcon_meta'
[0.557s] Level 1:colcon.colcon_core.package_identification:_identify(dev_spade/lib/python3.10/site-packages/pkg_resources/extern/__pycache__) by extensions ['ros']
[0.557s] Level 1:colcon.colcon_core.package_identification:_identify(dev_spade/lib/python3.10/site-packages/pkg_resources/extern/__pycache__) by extension 'ros'
[0.557s] Level 1:colcon.colcon_core.package_identification:_identify(dev_spade/lib/python3.10/site-packages/pkg_resources/extern/__pycache__) by extensions ['cmake', 'python']
[0.557s] Level 1:colcon.colcon_core.package_identification:_identify(dev_spade/lib/python3.10/site-packages/pkg_resources/extern/__pycache__) by extension 'cmake'
[0.557s] Level 1:colcon.colcon_core.package_identification:_identify(dev_spade/lib/python3.10/site-packages/pkg_resources/extern/__pycache__) by extension 'python'
[0.557s] Level 1:colcon.colcon_core.package_identification:_identify(dev_spade/lib/python3.10/site-packages/pkg_resources/extern/__pycache__) by extensions ['python_setup_py']
[0.557s] Level 1:colcon.colcon_core.package_identification:_identify(dev_spade/lib/python3.10/site-packages/pkg_resources/extern/__pycache__) by extension 'python_setup_py'
[0.557s] Level 1:colcon.colcon_core.package_identification:_identify(dev_spade/lib/python3.10/site-packages/pkg_resources/tests) by extensions ['ignore', 'ignore_ament_install']
[0.557s] Level 1:colcon.colcon_core.package_identification:_identify(dev_spade/lib/python3.10/site-packages/pkg_resources/tests) by extension 'ignore'
[0.557s] Level 1:colcon.colcon_core.package_identification:_identify(dev_spade/lib/python3.10/site-packages/pkg_resources/tests) by extension 'ignore_ament_install'
[0.558s] Level 1:colcon.colcon_core.package_identification:_identify(dev_spade/lib/python3.10/site-packages/pkg_resources/tests) by extensions ['colcon_pkg']
[0.558s] Level 1:colcon.colcon_core.package_identification:_identify(dev_spade/lib/python3.10/site-packages/pkg_resources/tests) by extension 'colcon_pkg'
[0.558s] Level 1:colcon.colcon_core.package_identification:_identify(dev_spade/lib/python3.10/site-packages/pkg_resources/tests) by extensions ['colcon_meta']
[0.558s] Level 1:colcon.colcon_core.package_identification:_identify(dev_spade/lib/python3.10/site-packages/pkg_resources/tests) by extension 'colcon_meta'
[0.558s] Level 1:colcon.colcon_core.package_identification:_identify(dev_spade/lib/python3.10/site-packages/pkg_resources/tests) by extensions ['ros']
[0.558s] Level 1:colcon.colcon_core.package_identification:_identify(dev_spade/lib/python3.10/site-packages/pkg_resources/tests) by extension 'ros'
[0.558s] Level 1:colcon.colcon_core.package_identification:_identify(dev_spade/lib/python3.10/site-packages/pkg_resources/tests) by extensions ['cmake', 'python']
[0.558s] Level 1:colcon.colcon_core.package_identification:_identify(dev_spade/lib/python3.10/site-packages/pkg_resources/tests) by extension 'cmake'
[0.558s] Level 1:colcon.colcon_core.package_identification:_identify(dev_spade/lib/python3.10/site-packages/pkg_resources/tests) by extension 'python'
[0.558s] Level 1:colcon.colcon_core.package_identification:_identify(dev_spade/lib/python3.10/site-packages/pkg_resources/tests) by extensions ['python_setup_py']
[0.558s] Level 1:colcon.colcon_core.package_identification:_identify(dev_spade/lib/python3.10/site-packages/pkg_resources/tests) by extension 'python_setup_py'
[0.558s] Level 1:colcon.colcon_core.package_identification:_identify(dev_spade/lib/python3.10/site-packages/pkg_resources/tests/data) by extensions ['ignore', 'ignore_ament_install']
[0.558s] Level 1:colcon.colcon_core.package_identification:_identify(dev_spade/lib/python3.10/site-packages/pkg_resources/tests/data) by extension 'ignore'
[0.558s] Level 1:colcon.colcon_core.package_identification:_identify(dev_spade/lib/python3.10/site-packages/pkg_resources/tests/data) by extension 'ignore_ament_install'
[0.558s] Level 1:colcon.colcon_core.package_identification:_identify(dev_spade/lib/python3.10/site-packages/pkg_resources/tests/data) by extensions ['colcon_pkg']
[0.558s] Level 1:colcon.colcon_core.package_identification:_identify(dev_spade/lib/python3.10/site-packages/pkg_resources/tests/data) by extension 'colcon_pkg'
[0.558s] Level 1:colcon.colcon_core.package_identification:_identify(dev_spade/lib/python3.10/site-packages/pkg_resources/tests/data) by extensions ['colcon_meta']
[0.558s] Level 1:colcon.colcon_core.package_identification:_identify(dev_spade/lib/python3.10/site-packages/pkg_resources/tests/data) by extension 'colcon_meta'
[0.558s] Level 1:colcon.colcon_core.package_identification:_identify(dev_spade/lib/python3.10/site-packages/pkg_resources/tests/data) by extensions ['ros']
[0.558s] Level 1:colcon.colcon_core.package_identification:_identify(dev_spade/lib/python3.10/site-packages/pkg_resources/tests/data) by extension 'ros'
[0.558s] Level 1:colcon.colcon_core.package_identification:_identify(dev_spade/lib/python3.10/site-packages/pkg_resources/tests/data) by extensions ['cmake', 'python']
[0.558s] Level 1:colcon.colcon_core.package_identification:_identify(dev_spade/lib/python3.10/site-packages/pkg_resources/tests/data) by extension 'cmake'
[0.558s] Level 1:colcon.colcon_core.package_identification:_identify(dev_spade/lib/python3.10/site-packages/pkg_resources/tests/data) by extension 'python'
[0.558s] Level 1:colcon.colcon_core.package_identification:_identify(dev_spade/lib/python3.10/site-packages/pkg_resources/tests/data) by extensions ['python_setup_py']
[0.558s] Level 1:colcon.colcon_core.package_identification:_identify(dev_spade/lib/python3.10/site-packages/pkg_resources/tests/data) by extension 'python_setup_py'
[0.559s] Level 1:colcon.colcon_core.package_identification:_identify(dev_spade/lib/python3.10/site-packages/pkg_resources/tests/data/my-test-package-source) by extensions ['ignore', 'ignore_ament_install']
[0.559s] Level 1:colcon.colcon_core.package_identification:_identify(dev_spade/lib/python3.10/site-packages/pkg_resources/tests/data/my-test-package-source) by extension 'ignore'
[0.559s] Level 1:colcon.colcon_core.package_identification:_identify(dev_spade/lib/python3.10/site-packages/pkg_resources/tests/data/my-test-package-source) by extension 'ignore_ament_install'
[0.559s] Level 1:colcon.colcon_core.package_identification:_identify(dev_spade/lib/python3.10/site-packages/pkg_resources/tests/data/my-test-package-source) by extensions ['colcon_pkg']
[0.559s] Level 1:colcon.colcon_core.package_identification:_identify(dev_spade/lib/python3.10/site-packages/pkg_resources/tests/data/my-test-package-source) by extension 'colcon_pkg'
[0.559s] Level 1:colcon.colcon_core.package_identification:_identify(dev_spade/lib/python3.10/site-packages/pkg_resources/tests/data/my-test-package-source) by extensions ['colcon_meta']
[0.559s] Level 1:colcon.colcon_core.package_identification:_identify(dev_spade/lib/python3.10/site-packages/pkg_resources/tests/data/my-test-package-source) by extension 'colcon_meta'
[0.559s] Level 1:colcon.colcon_core.package_identification:_identify(dev_spade/lib/python3.10/site-packages/pkg_resources/tests/data/my-test-package-source) by extensions ['ros']
[0.559s] Level 1:colcon.colcon_core.package_identification:_identify(dev_spade/lib/python3.10/site-packages/pkg_resources/tests/data/my-test-package-source) by extension 'ros'
[0.559s] Level 1:colcon.colcon_core.package_identification:_identify(dev_spade/lib/python3.10/site-packages/pkg_resources/tests/data/my-test-package-source) by extensions ['cmake', 'python']
[0.559s] Level 1:colcon.colcon_core.package_identification:_identify(dev_spade/lib/python3.10/site-packages/pkg_resources/tests/data/my-test-package-source) by extension 'cmake'
[0.559s] Level 1:colcon.colcon_core.package_identification:_identify(dev_spade/lib/python3.10/site-packages/pkg_resources/tests/data/my-test-package-source) by extension 'python'
[0.559s] Level 1:colcon.colcon_core.package_identification:_identify(dev_spade/lib/python3.10/site-packages/pkg_resources/tests/data/my-test-package-source) by extensions ['python_setup_py']
[0.559s] Level 1:colcon.colcon_core.package_identification:_identify(dev_spade/lib/python3.10/site-packages/pkg_resources/tests/data/my-test-package-source) by extension 'python_setup_py'
[0.710s] DEBUG:colcon.colcon_core.package_identification:Package 'dev_spade/lib/python3.10/site-packages/pkg_resources/tests/data/my-test-package-source' with type 'python' and name 'my-test-package'
[0.711s] Level 1:colcon.colcon_core.package_identification:_identify(dev_spade/lib/python3.10/site-packages/setuptools) by extensions ['ignore', 'ignore_ament_install']
[0.711s] Level 1:colcon.colcon_core.package_identification:_identify(dev_spade/lib/python3.10/site-packages/setuptools) by extension 'ignore'
[0.711s] Level 1:colcon.colcon_core.package_identification:_identify(dev_spade/lib/python3.10/site-packages/setuptools) by extension 'ignore_ament_install'
[0.711s] Level 1:colcon.colcon_core.package_identification:_identify(dev_spade/lib/python3.10/site-packages/setuptools) by extensions ['colcon_pkg']
[0.711s] Level 1:colcon.colcon_core.package_identification:_identify(dev_spade/lib/python3.10/site-packages/setuptools) by extension 'colcon_pkg'
[0.711s] Level 1:colcon.colcon_core.package_identification:_identify(dev_spade/lib/python3.10/site-packages/setuptools) by extensions ['colcon_meta']
[0.711s] Level 1:colcon.colcon_core.package_identification:_identify(dev_spade/lib/python3.10/site-packages/setuptools) by extension 'colcon_meta'
[0.711s] Level 1:colcon.colcon_core.package_identification:_identify(dev_spade/lib/python3.10/site-packages/setuptools) by extensions ['ros']
[0.711s] Level 1:colcon.colcon_core.package_identification:_identify(dev_spade/lib/python3.10/site-packages/setuptools) by extension 'ros'
[0.711s] Level 1:colcon.colcon_core.package_identification:_identify(dev_spade/lib/python3.10/site-packages/setuptools) by extensions ['cmake', 'python']
[0.712s] Level 1:colcon.colcon_core.package_identification:_identify(dev_spade/lib/python3.10/site-packages/setuptools) by extension 'cmake'
[0.712s] Level 1:colcon.colcon_core.package_identification:_identify(dev_spade/lib/python3.10/site-packages/setuptools) by extension 'python'
[0.712s] Level 1:colcon.colcon_core.package_identification:_identify(dev_spade/lib/python3.10/site-packages/setuptools) by extensions ['python_setup_py']
[0.712s] Level 1:colcon.colcon_core.package_identification:_identify(dev_spade/lib/python3.10/site-packages/setuptools) by extension 'python_setup_py'
[0.712s] Level 1:colcon.colcon_core.package_identification:_identify(dev_spade/lib/python3.10/site-packages/setuptools/__pycache__) by extensions ['ignore', 'ignore_ament_install']
[0.712s] Level 1:colcon.colcon_core.package_identification:_identify(dev_spade/lib/python3.10/site-packages/setuptools/__pycache__) by extension 'ignore'
[0.712s] Level 1:colcon.colcon_core.package_identification:_identify(dev_spade/lib/python3.10/site-packages/setuptools/__pycache__) by extension 'ignore_ament_install'
[0.712s] Level 1:colcon.colcon_core.package_identification:_identify(dev_spade/lib/python3.10/site-packages/setuptools/__pycache__) by extensions ['colcon_pkg']
[0.712s] Level 1:colcon.colcon_core.package_identification:_identify(dev_spade/lib/python3.10/site-packages/setuptools/__pycache__) by extension 'colcon_pkg'
[0.712s] Level 1:colcon.colcon_core.package_identification:_identify(dev_spade/lib/python3.10/site-packages/setuptools/__pycache__) by extensions ['colcon_meta']
[0.712s] Level 1:colcon.colcon_core.package_identification:_identify(dev_spade/lib/python3.10/site-packages/setuptools/__pycache__) by extension 'colcon_meta'
[0.712s] Level 1:colcon.colcon_core.package_identification:_identify(dev_spade/lib/python3.10/site-packages/setuptools/__pycache__) by extensions ['ros']
[0.712s] Level 1:colcon.colcon_core.package_identification:_identify(dev_spade/lib/python3.10/site-packages/setuptools/__pycache__) by extension 'ros'
[0.713s] Level 1:colcon.colcon_core.package_identification:_identify(dev_spade/lib/python3.10/site-packages/setuptools/__pycache__) by extensions ['cmake', 'python']
[0.713s] Level 1:colcon.colcon_core.package_identification:_identify(dev_spade/lib/python3.10/site-packages/setuptools/__pycache__) by extension 'cmake'
[0.713s] Level 1:colcon.colcon_core.package_identification:_identify(dev_spade/lib/python3.10/site-packages/setuptools/__pycache__) by extension 'python'
[0.713s] Level 1:colcon.colcon_core.package_identification:_identify(dev_spade/lib/python3.10/site-packages/setuptools/__pycache__) by extensions ['python_setup_py']
[0.713s] Level 1:colcon.colcon_core.package_identification:_identify(dev_spade/lib/python3.10/site-packages/setuptools/__pycache__) by extension 'python_setup_py'
[0.713s] Level 1:colcon.colcon_core.package_identification:_identify(dev_spade/lib/python3.10/site-packages/setuptools/_distutils) by extensions ['ignore', 'ignore_ament_install']
[0.713s] Level 1:colcon.colcon_core.package_identification:_identify(dev_spade/lib/python3.10/site-packages/setuptools/_distutils) by extension 'ignore'
[0.713s] Level 1:colcon.colcon_core.package_identification:_identify(dev_spade/lib/python3.10/site-packages/setuptools/_distutils) by extension 'ignore_ament_install'
[0.714s] Level 1:colcon.colcon_core.package_identification:_identify(dev_spade/lib/python3.10/site-packages/setuptools/_distutils) by extensions ['colcon_pkg']
[0.714s] Level 1:colcon.colcon_core.package_identification:_identify(dev_spade/lib/python3.10/site-packages/setuptools/_distutils) by extension 'colcon_pkg'
[0.714s] Level 1:colcon.colcon_core.package_identification:_identify(dev_spade/lib/python3.10/site-packages/setuptools/_distutils) by extensions ['colcon_meta']
[0.714s] Level 1:colcon.colcon_core.package_identification:_identify(dev_spade/lib/python3.10/site-packages/setuptools/_distutils) by extension 'colcon_meta'
[0.714s] Level 1:colcon.colcon_core.package_identification:_identify(dev_spade/lib/python3.10/site-packages/setuptools/_distutils) by extensions ['ros']
[0.714s] Level 1:colcon.colcon_core.package_identification:_identify(dev_spade/lib/python3.10/site-packages/setuptools/_distutils) by extension 'ros'
[0.714s] Level 1:colcon.colcon_core.package_identification:_identify(dev_spade/lib/python3.10/site-packages/setuptools/_distutils) by extensions ['cmake', 'python']
[0.714s] Level 1:colcon.colcon_core.package_identification:_identify(dev_spade/lib/python3.10/site-packages/setuptools/_distutils) by extension 'cmake'
[0.714s] Level 1:colcon.colcon_core.package_identification:_identify(dev_spade/lib/python3.10/site-packages/setuptools/_distutils) by extension 'python'
[0.714s] Level 1:colcon.colcon_core.package_identification:_identify(dev_spade/lib/python3.10/site-packages/setuptools/_distutils) by extensions ['python_setup_py']
[0.714s] Level 1:colcon.colcon_core.package_identification:_identify(dev_spade/lib/python3.10/site-packages/setuptools/_distutils) by extension 'python_setup_py'
[0.714s] Level 1:colcon.colcon_core.package_identification:_identify(dev_spade/lib/python3.10/site-packages/setuptools/_distutils/__pycache__) by extensions ['ignore', 'ignore_ament_install']
[0.714s] Level 1:colcon.colcon_core.package_identification:_identify(dev_spade/lib/python3.10/site-packages/setuptools/_distutils/__pycache__) by extension 'ignore'
[0.714s] Level 1:colcon.colcon_core.package_identification:_identify(dev_spade/lib/python3.10/site-packages/setuptools/_distutils/__pycache__) by extension 'ignore_ament_install'
[0.715s] Level 1:colcon.colcon_core.package_identification:_identify(dev_spade/lib/python3.10/site-packages/setuptools/_distutils/__pycache__) by extensions ['colcon_pkg']
[0.715s] Level 1:colcon.colcon_core.package_identification:_identify(dev_spade/lib/python3.10/site-packages/setuptools/_distutils/__pycache__) by extension 'colcon_pkg'
[0.715s] Level 1:colcon.colcon_core.package_identification:_identify(dev_spade/lib/python3.10/site-packages/setuptools/_distutils/__pycache__) by extensions ['colcon_meta']
[0.715s] Level 1:colcon.colcon_core.package_identification:_identify(dev_spade/lib/python3.10/site-packages/setuptools/_distutils/__pycache__) by extension 'colcon_meta'
[0.715s] Level 1:colcon.colcon_core.package_identification:_identify(dev_spade/lib/python3.10/site-packages/setuptools/_distutils/__pycache__) by extensions ['ros']
[0.715s] Level 1:colcon.colcon_core.package_identification:_identify(dev_spade/lib/python3.10/site-packages/setuptools/_distutils/__pycache__) by extension 'ros'
[0.715s] Level 1:colcon.colcon_core.package_identification:_identify(dev_spade/lib/python3.10/site-packages/setuptools/_distutils/__pycache__) by extensions ['cmake', 'python']
[0.715s] Level 1:colcon.colcon_core.package_identification:_identify(dev_spade/lib/python3.10/site-packages/setuptools/_distutils/__pycache__) by extension 'cmake'
[0.715s] Level 1:colcon.colcon_core.package_identification:_identify(dev_spade/lib/python3.10/site-packages/setuptools/_distutils/__pycache__) by extension 'python'
[0.715s] Level 1:colcon.colcon_core.package_identification:_identify(dev_spade/lib/python3.10/site-packages/setuptools/_distutils/__pycache__) by extensions ['python_setup_py']
[0.715s] Level 1:colcon.colcon_core.package_identification:_identify(dev_spade/lib/python3.10/site-packages/setuptools/_distutils/__pycache__) by extension 'python_setup_py'
[0.715s] Level 1:colcon.colcon_core.package_identification:_identify(dev_spade/lib/python3.10/site-packages/setuptools/_distutils/command) by extensions ['ignore', 'ignore_ament_install']
[0.715s] Level 1:colcon.colcon_core.package_identification:_identify(dev_spade/lib/python3.10/site-packages/setuptools/_distutils/command) by extension 'ignore'
[0.715s] Level 1:colcon.colcon_core.package_identification:_identify(dev_spade/lib/python3.10/site-packages/setuptools/_distutils/command) by extension 'ignore_ament_install'
[0.715s] Level 1:colcon.colcon_core.package_identification:_identify(dev_spade/lib/python3.10/site-packages/setuptools/_distutils/command) by extensions ['colcon_pkg']
[0.715s] Level 1:colcon.colcon_core.package_identification:_identify(dev_spade/lib/python3.10/site-packages/setuptools/_distutils/command) by extension 'colcon_pkg'
[0.715s] Level 1:colcon.colcon_core.package_identification:_identify(dev_spade/lib/python3.10/site-packages/setuptools/_distutils/command) by extensions ['colcon_meta']
[0.715s] Level 1:colcon.colcon_core.package_identification:_identify(dev_spade/lib/python3.10/site-packages/setuptools/_distutils/command) by extension 'colcon_meta'
[0.715s] Level 1:colcon.colcon_core.package_identification:_identify(dev_spade/lib/python3.10/site-packages/setuptools/_distutils/command) by extensions ['ros']
[0.716s] Level 1:colcon.colcon_core.package_identification:_identify(dev_spade/lib/python3.10/site-packages/setuptools/_distutils/command) by extension 'ros'
[0.716s] Level 1:colcon.colcon_core.package_identification:_identify(dev_spade/lib/python3.10/site-packages/setuptools/_distutils/command) by extensions ['cmake', 'python']
[0.716s] Level 1:colcon.colcon_core.package_identification:_identify(dev_spade/lib/python3.10/site-packages/setuptools/_distutils/command) by extension 'cmake'
[0.716s] Level 1:colcon.colcon_core.package_identification:_identify(dev_spade/lib/python3.10/site-packages/setuptools/_distutils/command) by extension 'python'
[0.716s] Level 1:colcon.colcon_core.package_identification:_identify(dev_spade/lib/python3.10/site-packages/setuptools/_distutils/command) by extensions ['python_setup_py']
[0.716s] Level 1:colcon.colcon_core.package_identification:_identify(dev_spade/lib/python3.10/site-packages/setuptools/_distutils/command) by extension 'python_setup_py'
[0.716s] Level 1:colcon.colcon_core.package_identification:_identify(dev_spade/lib/python3.10/site-packages/setuptools/_distutils/command/__pycache__) by extensions ['ignore', 'ignore_ament_install']
[0.716s] Level 1:colcon.colcon_core.package_identification:_identify(dev_spade/lib/python3.10/site-packages/setuptools/_distutils/command/__pycache__) by extension 'ignore'
[0.716s] Level 1:colcon.colcon_core.package_identification:_identify(dev_spade/lib/python3.10/site-packages/setuptools/_distutils/command/__pycache__) by extension 'ignore_ament_install'
[0.716s] Level 1:colcon.colcon_core.package_identification:_identify(dev_spade/lib/python3.10/site-packages/setuptools/_distutils/command/__pycache__) by extensions ['colcon_pkg']
[0.716s] Level 1:colcon.colcon_core.package_identification:_identify(dev_spade/lib/python3.10/site-packages/setuptools/_distutils/command/__pycache__) by extension 'colcon_pkg'
[0.716s] Level 1:colcon.colcon_core.package_identification:_identify(dev_spade/lib/python3.10/site-packages/setuptools/_distutils/command/__pycache__) by extensions ['colcon_meta']
[0.716s] Level 1:colcon.colcon_core.package_identification:_identify(dev_spade/lib/python3.10/site-packages/setuptools/_distutils/command/__pycache__) by extension 'colcon_meta'
[0.716s] Level 1:colcon.colcon_core.package_identification:_identify(dev_spade/lib/python3.10/site-packages/setuptools/_distutils/command/__pycache__) by extensions ['ros']
[0.716s] Level 1:colcon.colcon_core.package_identification:_identify(dev_spade/lib/python3.10/site-packages/setuptools/_distutils/command/__pycache__) by extension 'ros'
[0.716s] Level 1:colcon.colcon_core.package_identification:_identify(dev_spade/lib/python3.10/site-packages/setuptools/_distutils/command/__pycache__) by extensions ['cmake', 'python']
[0.716s] Level 1:colcon.colcon_core.package_identification:_identify(dev_spade/lib/python3.10/site-packages/setuptools/_distutils/command/__pycache__) by extension 'cmake'
[0.716s] Level 1:colcon.colcon_core.package_identification:_identify(dev_spade/lib/python3.10/site-packages/setuptools/_distutils/command/__pycache__) by extension 'python'
[0.717s] Level 1:colcon.colcon_core.package_identification:_identify(dev_spade/lib/python3.10/site-packages/setuptools/_distutils/command/__pycache__) by extensions ['python_setup_py']
[0.717s] Level 1:colcon.colcon_core.package_identification:_identify(dev_spade/lib/python3.10/site-packages/setuptools/_distutils/command/__pycache__) by extension 'python_setup_py'
[0.717s] Level 1:colcon.colcon_core.package_identification:_identify(dev_spade/lib/python3.10/site-packages/setuptools/_vendor) by extensions ['ignore', 'ignore_ament_install']
[0.717s] Level 1:colcon.colcon_core.package_identification:_identify(dev_spade/lib/python3.10/site-packages/setuptools/_vendor) by extension 'ignore'
[0.717s] Level 1:colcon.colcon_core.package_identification:_identify(dev_spade/lib/python3.10/site-packages/setuptools/_vendor) by extension 'ignore_ament_install'
[0.717s] Level 1:colcon.colcon_core.package_identification:_identify(dev_spade/lib/python3.10/site-packages/setuptools/_vendor) by extensions ['colcon_pkg']
[0.717s] Level 1:colcon.colcon_core.package_identification:_identify(dev_spade/lib/python3.10/site-packages/setuptools/_vendor) by extension 'colcon_pkg'
[0.717s] Level 1:colcon.colcon_core.package_identification:_identify(dev_spade/lib/python3.10/site-packages/setuptools/_vendor) by extensions ['colcon_meta']
[0.717s] Level 1:colcon.colcon_core.package_identification:_identify(dev_spade/lib/python3.10/site-packages/setuptools/_vendor) by extension 'colcon_meta'
[0.717s] Level 1:colcon.colcon_core.package_identification:_identify(dev_spade/lib/python3.10/site-packages/setuptools/_vendor) by extensions ['ros']
[0.717s] Level 1:colcon.colcon_core.package_identification:_identify(dev_spade/lib/python3.10/site-packages/setuptools/_vendor) by extension 'ros'
[0.717s] Level 1:colcon.colcon_core.package_identification:_identify(dev_spade/lib/python3.10/site-packages/setuptools/_vendor) by extensions ['cmake', 'python']
[0.717s] Level 1:colcon.colcon_core.package_identification:_identify(dev_spade/lib/python3.10/site-packages/setuptools/_vendor) by extension 'cmake'
[0.717s] Level 1:colcon.colcon_core.package_identification:_identify(dev_spade/lib/python3.10/site-packages/setuptools/_vendor) by extension 'python'
[0.717s] Level 1:colcon.colcon_core.package_identification:_identify(dev_spade/lib/python3.10/site-packages/setuptools/_vendor) by extensions ['python_setup_py']
[0.717s] Level 1:colcon.colcon_core.package_identification:_identify(dev_spade/lib/python3.10/site-packages/setuptools/_vendor) by extension 'python_setup_py'
[0.718s] Level 1:colcon.colcon_core.package_identification:_identify(dev_spade/lib/python3.10/site-packages/setuptools/_vendor/__pycache__) by extensions ['ignore', 'ignore_ament_install']
[0.718s] Level 1:colcon.colcon_core.package_identification:_identify(dev_spade/lib/python3.10/site-packages/setuptools/_vendor/__pycache__) by extension 'ignore'
[0.718s] Level 1:colcon.colcon_core.package_identification:_identify(dev_spade/lib/python3.10/site-packages/setuptools/_vendor/__pycache__) by extension 'ignore_ament_install'
[0.718s] Level 1:colcon.colcon_core.package_identification:_identify(dev_spade/lib/python3.10/site-packages/setuptools/_vendor/__pycache__) by extensions ['colcon_pkg']
[0.718s] Level 1:colcon.colcon_core.package_identification:_identify(dev_spade/lib/python3.10/site-packages/setuptools/_vendor/__pycache__) by extension 'colcon_pkg'
[0.718s] Level 1:colcon.colcon_core.package_identification:_identify(dev_spade/lib/python3.10/site-packages/setuptools/_vendor/__pycache__) by extensions ['colcon_meta']
[0.718s] Level 1:colcon.colcon_core.package_identification:_identify(dev_spade/lib/python3.10/site-packages/setuptools/_vendor/__pycache__) by extension 'colcon_meta'
[0.718s] Level 1:colcon.colcon_core.package_identification:_identify(dev_spade/lib/python3.10/site-packages/setuptools/_vendor/__pycache__) by extensions ['ros']
[0.718s] Level 1:colcon.colcon_core.package_identification:_identify(dev_spade/lib/python3.10/site-packages/setuptools/_vendor/__pycache__) by extension 'ros'
[0.718s] Level 1:colcon.colcon_core.package_identification:_identify(dev_spade/lib/python3.10/site-packages/setuptools/_vendor/__pycache__) by extensions ['cmake', 'python']
[0.718s] Level 1:colcon.colcon_core.package_identification:_identify(dev_spade/lib/python3.10/site-packages/setuptools/_vendor/__pycache__) by extension 'cmake'
[0.718s] Level 1:colcon.colcon_core.package_identification:_identify(dev_spade/lib/python3.10/site-packages/setuptools/_vendor/__pycache__) by extension 'python'
[0.718s] Level 1:colcon.colcon_core.package_identification:_identify(dev_spade/lib/python3.10/site-packages/setuptools/_vendor/__pycache__) by extensions ['python_setup_py']
[0.718s] Level 1:colcon.colcon_core.package_identification:_identify(dev_spade/lib/python3.10/site-packages/setuptools/_vendor/__pycache__) by extension 'python_setup_py'
[0.718s] Level 1:colcon.colcon_core.package_identification:_identify(dev_spade/lib/python3.10/site-packages/setuptools/_vendor/more_itertools) by extensions ['ignore', 'ignore_ament_install']
[0.719s] Level 1:colcon.colcon_core.package_identification:_identify(dev_spade/lib/python3.10/site-packages/setuptools/_vendor/more_itertools) by extension 'ignore'
[0.719s] Level 1:colcon.colcon_core.package_identification:_identify(dev_spade/lib/python3.10/site-packages/setuptools/_vendor/more_itertools) by extension 'ignore_ament_install'
[0.719s] Level 1:colcon.colcon_core.package_identification:_identify(dev_spade/lib/python3.10/site-packages/setuptools/_vendor/more_itertools) by extensions ['colcon_pkg']
[0.719s] Level 1:colcon.colcon_core.package_identification:_identify(dev_spade/lib/python3.10/site-packages/setuptools/_vendor/more_itertools) by extension 'colcon_pkg'
[0.719s] Level 1:colcon.colcon_core.package_identification:_identify(dev_spade/lib/python3.10/site-packages/setuptools/_vendor/more_itertools) by extensions ['colcon_meta']
[0.719s] Level 1:colcon.colcon_core.package_identification:_identify(dev_spade/lib/python3.10/site-packages/setuptools/_vendor/more_itertools) by extension 'colcon_meta'
[0.719s] Level 1:colcon.colcon_core.package_identification:_identify(dev_spade/lib/python3.10/site-packages/setuptools/_vendor/more_itertools) by extensions ['ros']
[0.719s] Level 1:colcon.colcon_core.package_identification:_identify(dev_spade/lib/python3.10/site-packages/setuptools/_vendor/more_itertools) by extension 'ros'
[0.719s] Level 1:colcon.colcon_core.package_identification:_identify(dev_spade/lib/python3.10/site-packages/setuptools/_vendor/more_itertools) by extensions ['cmake', 'python']
[0.719s] Level 1:colcon.colcon_core.package_identification:_identify(dev_spade/lib/python3.10/site-packages/setuptools/_vendor/more_itertools) by extension 'cmake'
[0.719s] Level 1:colcon.colcon_core.package_identification:_identify(dev_spade/lib/python3.10/site-packages/setuptools/_vendor/more_itertools) by extension 'python'
[0.719s] Level 1:colcon.colcon_core.package_identification:_identify(dev_spade/lib/python3.10/site-packages/setuptools/_vendor/more_itertools) by extensions ['python_setup_py']
[0.719s] Level 1:colcon.colcon_core.package_identification:_identify(dev_spade/lib/python3.10/site-packages/setuptools/_vendor/more_itertools) by extension 'python_setup_py'
[0.719s] Level 1:colcon.colcon_core.package_identification:_identify(dev_spade/lib/python3.10/site-packages/setuptools/_vendor/more_itertools/__pycache__) by extensions ['ignore', 'ignore_ament_install']
[0.720s] Level 1:colcon.colcon_core.package_identification:_identify(dev_spade/lib/python3.10/site-packages/setuptools/_vendor/more_itertools/__pycache__) by extension 'ignore'
[0.720s] Level 1:colcon.colcon_core.package_identification:_identify(dev_spade/lib/python3.10/site-packages/setuptools/_vendor/more_itertools/__pycache__) by extension 'ignore_ament_install'
[0.720s] Level 1:colcon.colcon_core.package_identification:_identify(dev_spade/lib/python3.10/site-packages/setuptools/_vendor/more_itertools/__pycache__) by extensions ['colcon_pkg']
[0.720s] Level 1:colcon.colcon_core.package_identification:_identify(dev_spade/lib/python3.10/site-packages/setuptools/_vendor/more_itertools/__pycache__) by extension 'colcon_pkg'
[0.720s] Level 1:colcon.colcon_core.package_identification:_identify(dev_spade/lib/python3.10/site-packages/setuptools/_vendor/more_itertools/__pycache__) by extensions ['colcon_meta']
[0.720s] Level 1:colcon.colcon_core.package_identification:_identify(dev_spade/lib/python3.10/site-packages/setuptools/_vendor/more_itertools/__pycache__) by extension 'colcon_meta'
[0.720s] Level 1:colcon.colcon_core.package_identification:_identify(dev_spade/lib/python3.10/site-packages/setuptools/_vendor/more_itertools/__pycache__) by extensions ['ros']
[0.720s] Level 1:colcon.colcon_core.package_identification:_identify(dev_spade/lib/python3.10/site-packages/setuptools/_vendor/more_itertools/__pycache__) by extension 'ros'
[0.720s] Level 1:colcon.colcon_core.package_identification:_identify(dev_spade/lib/python3.10/site-packages/setuptools/_vendor/more_itertools/__pycache__) by extensions ['cmake', 'python']
[0.720s] Level 1:colcon.colcon_core.package_identification:_identify(dev_spade/lib/python3.10/site-packages/setuptools/_vendor/more_itertools/__pycache__) by extension 'cmake'
[0.720s] Level 1:colcon.colcon_core.package_identification:_identify(dev_spade/lib/python3.10/site-packages/setuptools/_vendor/more_itertools/__pycache__) by extension 'python'
[0.720s] Level 1:colcon.colcon_core.package_identification:_identify(dev_spade/lib/python3.10/site-packages/setuptools/_vendor/more_itertools/__pycache__) by extensions ['python_setup_py']
[0.720s] Level 1:colcon.colcon_core.package_identification:_identify(dev_spade/lib/python3.10/site-packages/setuptools/_vendor/more_itertools/__pycache__) by extension 'python_setup_py'
[0.720s] Level 1:colcon.colcon_core.package_identification:_identify(dev_spade/lib/python3.10/site-packages/setuptools/_vendor/packaging) by extensions ['ignore', 'ignore_ament_install']
[0.720s] Level 1:colcon.colcon_core.package_identification:_identify(dev_spade/lib/python3.10/site-packages/setuptools/_vendor/packaging) by extension 'ignore'
[0.720s] Level 1:colcon.colcon_core.package_identification:_identify(dev_spade/lib/python3.10/site-packages/setuptools/_vendor/packaging) by extension 'ignore_ament_install'
[0.720s] Level 1:colcon.colcon_core.package_identification:_identify(dev_spade/lib/python3.10/site-packages/setuptools/_vendor/packaging) by extensions ['colcon_pkg']
[0.720s] Level 1:colcon.colcon_core.package_identification:_identify(dev_spade/lib/python3.10/site-packages/setuptools/_vendor/packaging) by extension 'colcon_pkg'
[0.720s] Level 1:colcon.colcon_core.package_identification:_identify(dev_spade/lib/python3.10/site-packages/setuptools/_vendor/packaging) by extensions ['colcon_meta']
[0.720s] Level 1:colcon.colcon_core.package_identification:_identify(dev_spade/lib/python3.10/site-packages/setuptools/_vendor/packaging) by extension 'colcon_meta'
[0.720s] Level 1:colcon.colcon_core.package_identification:_identify(dev_spade/lib/python3.10/site-packages/setuptools/_vendor/packaging) by extensions ['ros']
[0.721s] Level 1:colcon.colcon_core.package_identification:_identify(dev_spade/lib/python3.10/site-packages/setuptools/_vendor/packaging) by extension 'ros'
[0.721s] Level 1:colcon.colcon_core.package_identification:_identify(dev_spade/lib/python3.10/site-packages/setuptools/_vendor/packaging) by extensions ['cmake', 'python']
[0.721s] Level 1:colcon.colcon_core.package_identification:_identify(dev_spade/lib/python3.10/site-packages/setuptools/_vendor/packaging) by extension 'cmake'
[0.721s] Level 1:colcon.colcon_core.package_identification:_identify(dev_spade/lib/python3.10/site-packages/setuptools/_vendor/packaging) by extension 'python'
[0.721s] Level 1:colcon.colcon_core.package_identification:_identify(dev_spade/lib/python3.10/site-packages/setuptools/_vendor/packaging) by extensions ['python_setup_py']
[0.721s] Level 1:colcon.colcon_core.package_identification:_identify(dev_spade/lib/python3.10/site-packages/setuptools/_vendor/packaging) by extension 'python_setup_py'
[0.721s] Level 1:colcon.colcon_core.package_identification:_identify(dev_spade/lib/python3.10/site-packages/setuptools/_vendor/packaging/__pycache__) by extensions ['ignore', 'ignore_ament_install']
[0.721s] Level 1:colcon.colcon_core.package_identification:_identify(dev_spade/lib/python3.10/site-packages/setuptools/_vendor/packaging/__pycache__) by extension 'ignore'
[0.721s] Level 1:colcon.colcon_core.package_identification:_identify(dev_spade/lib/python3.10/site-packages/setuptools/_vendor/packaging/__pycache__) by extension 'ignore_ament_install'
[0.721s] Level 1:colcon.colcon_core.package_identification:_identify(dev_spade/lib/python3.10/site-packages/setuptools/_vendor/packaging/__pycache__) by extensions ['colcon_pkg']
[0.721s] Level 1:colcon.colcon_core.package_identification:_identify(dev_spade/lib/python3.10/site-packages/setuptools/_vendor/packaging/__pycache__) by extension 'colcon_pkg'
[0.721s] Level 1:colcon.colcon_core.package_identification:_identify(dev_spade/lib/python3.10/site-packages/setuptools/_vendor/packaging/__pycache__) by extensions ['colcon_meta']
[0.721s] Level 1:colcon.colcon_core.package_identification:_identify(dev_spade/lib/python3.10/site-packages/setuptools/_vendor/packaging/__pycache__) by extension 'colcon_meta'
[0.721s] Level 1:colcon.colcon_core.package_identification:_identify(dev_spade/lib/python3.10/site-packages/setuptools/_vendor/packaging/__pycache__) by extensions ['ros']
[0.721s] Level 1:colcon.colcon_core.package_identification:_identify(dev_spade/lib/python3.10/site-packages/setuptools/_vendor/packaging/__pycache__) by extension 'ros'
[0.721s] Level 1:colcon.colcon_core.package_identification:_identify(dev_spade/lib/python3.10/site-packages/setuptools/_vendor/packaging/__pycache__) by extensions ['cmake', 'python']
[0.721s] Level 1:colcon.colcon_core.package_identification:_identify(dev_spade/lib/python3.10/site-packages/setuptools/_vendor/packaging/__pycache__) by extension 'cmake'
[0.721s] Level 1:colcon.colcon_core.package_identification:_identify(dev_spade/lib/python3.10/site-packages/setuptools/_vendor/packaging/__pycache__) by extension 'python'
[0.721s] Level 1:colcon.colcon_core.package_identification:_identify(dev_spade/lib/python3.10/site-packages/setuptools/_vendor/packaging/__pycache__) by extensions ['python_setup_py']
[0.721s] Level 1:colcon.colcon_core.package_identification:_identify(dev_spade/lib/python3.10/site-packages/setuptools/_vendor/packaging/__pycache__) by extension 'python_setup_py'
[0.722s] Level 1:colcon.colcon_core.package_identification:_identify(dev_spade/lib/python3.10/site-packages/setuptools/command) by extensions ['ignore', 'ignore_ament_install']
[0.722s] Level 1:colcon.colcon_core.package_identification:_identify(dev_spade/lib/python3.10/site-packages/setuptools/command) by extension 'ignore'
[0.722s] Level 1:colcon.colcon_core.package_identification:_identify(dev_spade/lib/python3.10/site-packages/setuptools/command) by extension 'ignore_ament_install'
[0.722s] Level 1:colcon.colcon_core.package_identification:_identify(dev_spade/lib/python3.10/site-packages/setuptools/command) by extensions ['colcon_pkg']
[0.722s] Level 1:colcon.colcon_core.package_identification:_identify(dev_spade/lib/python3.10/site-packages/setuptools/command) by extension 'colcon_pkg'
[0.722s] Level 1:colcon.colcon_core.package_identification:_identify(dev_spade/lib/python3.10/site-packages/setuptools/command) by extensions ['colcon_meta']
[0.722s] Level 1:colcon.colcon_core.package_identification:_identify(dev_spade/lib/python3.10/site-packages/setuptools/command) by extension 'colcon_meta'
[0.722s] Level 1:colcon.colcon_core.package_identification:_identify(dev_spade/lib/python3.10/site-packages/setuptools/command) by extensions ['ros']
[0.722s] Level 1:colcon.colcon_core.package_identification:_identify(dev_spade/lib/python3.10/site-packages/setuptools/command) by extension 'ros'
[0.722s] Level 1:colcon.colcon_core.package_identification:_identify(dev_spade/lib/python3.10/site-packages/setuptools/command) by extensions ['cmake', 'python']
[0.722s] Level 1:colcon.colcon_core.package_identification:_identify(dev_spade/lib/python3.10/site-packages/setuptools/command) by extension 'cmake'
[0.722s] Level 1:colcon.colcon_core.package_identification:_identify(dev_spade/lib/python3.10/site-packages/setuptools/command) by extension 'python'
[0.722s] Level 1:colcon.colcon_core.package_identification:_identify(dev_spade/lib/python3.10/site-packages/setuptools/command) by extensions ['python_setup_py']
[0.722s] Level 1:colcon.colcon_core.package_identification:_identify(dev_spade/lib/python3.10/site-packages/setuptools/command) by extension 'python_setup_py'
[0.722s] Level 1:colcon.colcon_core.package_identification:_identify(dev_spade/lib/python3.10/site-packages/setuptools/command/__pycache__) by extensions ['ignore', 'ignore_ament_install']
[0.722s] Level 1:colcon.colcon_core.package_identification:_identify(dev_spade/lib/python3.10/site-packages/setuptools/command/__pycache__) by extension 'ignore'
[0.723s] Level 1:colcon.colcon_core.package_identification:_identify(dev_spade/lib/python3.10/site-packages/setuptools/command/__pycache__) by extension 'ignore_ament_install'
[0.723s] Level 1:colcon.colcon_core.package_identification:_identify(dev_spade/lib/python3.10/site-packages/setuptools/command/__pycache__) by extensions ['colcon_pkg']
[0.723s] Level 1:colcon.colcon_core.package_identification:_identify(dev_spade/lib/python3.10/site-packages/setuptools/command/__pycache__) by extension 'colcon_pkg'
[0.723s] Level 1:colcon.colcon_core.package_identification:_identify(dev_spade/lib/python3.10/site-packages/setuptools/command/__pycache__) by extensions ['colcon_meta']
[0.723s] Level 1:colcon.colcon_core.package_identification:_identify(dev_spade/lib/python3.10/site-packages/setuptools/command/__pycache__) by extension 'colcon_meta'
[0.723s] Level 1:colcon.colcon_core.package_identification:_identify(dev_spade/lib/python3.10/site-packages/setuptools/command/__pycache__) by extensions ['ros']
[0.723s] Level 1:colcon.colcon_core.package_identification:_identify(dev_spade/lib/python3.10/site-packages/setuptools/command/__pycache__) by extension 'ros'
[0.723s] Level 1:colcon.colcon_core.package_identification:_identify(dev_spade/lib/python3.10/site-packages/setuptools/command/__pycache__) by extensions ['cmake', 'python']
[0.723s] Level 1:colcon.colcon_core.package_identification:_identify(dev_spade/lib/python3.10/site-packages/setuptools/command/__pycache__) by extension 'cmake'
[0.723s] Level 1:colcon.colcon_core.package_identification:_identify(dev_spade/lib/python3.10/site-packages/setuptools/command/__pycache__) by extension 'python'
[0.723s] Level 1:colcon.colcon_core.package_identification:_identify(dev_spade/lib/python3.10/site-packages/setuptools/command/__pycache__) by extensions ['python_setup_py']
[0.723s] Level 1:colcon.colcon_core.package_identification:_identify(dev_spade/lib/python3.10/site-packages/setuptools/command/__pycache__) by extension 'python_setup_py'
[0.723s] Level 1:colcon.colcon_core.package_identification:_identify(dev_spade/lib/python3.10/site-packages/setuptools/extern) by extensions ['ignore', 'ignore_ament_install']
[0.723s] Level 1:colcon.colcon_core.package_identification:_identify(dev_spade/lib/python3.10/site-packages/setuptools/extern) by extension 'ignore'
[0.723s] Level 1:colcon.colcon_core.package_identification:_identify(dev_spade/lib/python3.10/site-packages/setuptools/extern) by extension 'ignore_ament_install'
[0.723s] Level 1:colcon.colcon_core.package_identification:_identify(dev_spade/lib/python3.10/site-packages/setuptools/extern) by extensions ['colcon_pkg']
[0.723s] Level 1:colcon.colcon_core.package_identification:_identify(dev_spade/lib/python3.10/site-packages/setuptools/extern) by extension 'colcon_pkg'
[0.723s] Level 1:colcon.colcon_core.package_identification:_identify(dev_spade/lib/python3.10/site-packages/setuptools/extern) by extensions ['colcon_meta']
[0.723s] Level 1:colcon.colcon_core.package_identification:_identify(dev_spade/lib/python3.10/site-packages/setuptools/extern) by extension 'colcon_meta'
[0.723s] Level 1:colcon.colcon_core.package_identification:_identify(dev_spade/lib/python3.10/site-packages/setuptools/extern) by extensions ['ros']
[0.723s] Level 1:colcon.colcon_core.package_identification:_identify(dev_spade/lib/python3.10/site-packages/setuptools/extern) by extension 'ros'
[0.723s] Level 1:colcon.colcon_core.package_identification:_identify(dev_spade/lib/python3.10/site-packages/setuptools/extern) by extensions ['cmake', 'python']
[0.724s] Level 1:colcon.colcon_core.package_identification:_identify(dev_spade/lib/python3.10/site-packages/setuptools/extern) by extension 'cmake'
[0.724s] Level 1:colcon.colcon_core.package_identification:_identify(dev_spade/lib/python3.10/site-packages/setuptools/extern) by extension 'python'
[0.724s] Level 1:colcon.colcon_core.package_identification:_identify(dev_spade/lib/python3.10/site-packages/setuptools/extern) by extensions ['python_setup_py']
[0.724s] Level 1:colcon.colcon_core.package_identification:_identify(dev_spade/lib/python3.10/site-packages/setuptools/extern) by extension 'python_setup_py'
[0.724s] Level 1:colcon.colcon_core.package_identification:_identify(dev_spade/lib/python3.10/site-packages/setuptools/extern/__pycache__) by extensions ['ignore', 'ignore_ament_install']
[0.724s] Level 1:colcon.colcon_core.package_identification:_identify(dev_spade/lib/python3.10/site-packages/setuptools/extern/__pycache__) by extension 'ignore'
[0.724s] Level 1:colcon.colcon_core.package_identification:_identify(dev_spade/lib/python3.10/site-packages/setuptools/extern/__pycache__) by extension 'ignore_ament_install'
[0.724s] Level 1:colcon.colcon_core.package_identification:_identify(dev_spade/lib/python3.10/site-packages/setuptools/extern/__pycache__) by extensions ['colcon_pkg']
[0.724s] Level 1:colcon.colcon_core.package_identification:_identify(dev_spade/lib/python3.10/site-packages/setuptools/extern/__pycache__) by extension 'colcon_pkg'
[0.724s] Level 1:colcon.colcon_core.package_identification:_identify(dev_spade/lib/python3.10/site-packages/setuptools/extern/__pycache__) by extensions ['colcon_meta']
[0.724s] Level 1:colcon.colcon_core.package_identification:_identify(dev_spade/lib/python3.10/site-packages/setuptools/extern/__pycache__) by extension 'colcon_meta'
[0.724s] Level 1:colcon.colcon_core.package_identification:_identify(dev_spade/lib/python3.10/site-packages/setuptools/extern/__pycache__) by extensions ['ros']
[0.724s] Level 1:colcon.colcon_core.package_identification:_identify(dev_spade/lib/python3.10/site-packages/setuptools/extern/__pycache__) by extension 'ros'
[0.725s] Level 1:colcon.colcon_core.package_identification:_identify(dev_spade/lib/python3.10/site-packages/setuptools/extern/__pycache__) by extensions ['cmake', 'python']
[0.725s] Level 1:colcon.colcon_core.package_identification:_identify(dev_spade/lib/python3.10/site-packages/setuptools/extern/__pycache__) by extension 'cmake'
[0.725s] Level 1:colcon.colcon_core.package_identification:_identify(dev_spade/lib/python3.10/site-packages/setuptools/extern/__pycache__) by extension 'python'
[0.725s] Level 1:colcon.colcon_core.package_identification:_identify(dev_spade/lib/python3.10/site-packages/setuptools/extern/__pycache__) by extensions ['python_setup_py']
[0.725s] Level 1:colcon.colcon_core.package_identification:_identify(dev_spade/lib/python3.10/site-packages/setuptools/extern/__pycache__) by extension 'python_setup_py'
[0.725s] Level 1:colcon.colcon_core.package_identification:_identify(dev_spade/lib/python3.10/site-packages/setuptools-59.6.0.dist-info) by extensions ['ignore', 'ignore_ament_install']
[0.725s] Level 1:colcon.colcon_core.package_identification:_identify(dev_spade/lib/python3.10/site-packages/setuptools-59.6.0.dist-info) by extension 'ignore'
[0.725s] Level 1:colcon.colcon_core.package_identification:_identify(dev_spade/lib/python3.10/site-packages/setuptools-59.6.0.dist-info) by extension 'ignore_ament_install'
[0.725s] Level 1:colcon.colcon_core.package_identification:_identify(dev_spade/lib/python3.10/site-packages/setuptools-59.6.0.dist-info) by extensions ['colcon_pkg']
[0.725s] Level 1:colcon.colcon_core.package_identification:_identify(dev_spade/lib/python3.10/site-packages/setuptools-59.6.0.dist-info) by extension 'colcon_pkg'
[0.725s] Level 1:colcon.colcon_core.package_identification:_identify(dev_spade/lib/python3.10/site-packages/setuptools-59.6.0.dist-info) by extensions ['colcon_meta']
[0.725s] Level 1:colcon.colcon_core.package_identification:_identify(dev_spade/lib/python3.10/site-packages/setuptools-59.6.0.dist-info) by extension 'colcon_meta'
[0.725s] Level 1:colcon.colcon_core.package_identification:_identify(dev_spade/lib/python3.10/site-packages/setuptools-59.6.0.dist-info) by extensions ['ros']
[0.725s] Level 1:colcon.colcon_core.package_identification:_identify(dev_spade/lib/python3.10/site-packages/setuptools-59.6.0.dist-info) by extension 'ros'
[0.725s] Level 1:colcon.colcon_core.package_identification:_identify(dev_spade/lib/python3.10/site-packages/setuptools-59.6.0.dist-info) by extensions ['cmake', 'python']
[0.725s] Level 1:colcon.colcon_core.package_identification:_identify(dev_spade/lib/python3.10/site-packages/setuptools-59.6.0.dist-info) by extension 'cmake'
[0.725s] Level 1:colcon.colcon_core.package_identification:_identify(dev_spade/lib/python3.10/site-packages/setuptools-59.6.0.dist-info) by extension 'python'
[0.726s] Level 1:colcon.colcon_core.package_identification:_identify(dev_spade/lib/python3.10/site-packages/setuptools-59.6.0.dist-info) by extensions ['python_setup_py']
[0.726s] Level 1:colcon.colcon_core.package_identification:_identify(dev_spade/lib/python3.10/site-packages/setuptools-59.6.0.dist-info) by extension 'python_setup_py'
[0.726s] Level 1:colcon.colcon_core.package_identification:_identify(install) by extensions ['ignore', 'ignore_ament_install']
[0.726s] Level 1:colcon.colcon_core.package_identification:_identify(install) by extension 'ignore'
[0.726s] Level 1:colcon.colcon_core.package_identification:_identify(install) ignored
[0.726s] Level 1:colcon.colcon_core.package_identification:_identify(log) by extensions ['ignore', 'ignore_ament_install']
[0.726s] Level 1:colcon.colcon_core.package_identification:_identify(log) by extension 'ignore'
[0.726s] Level 1:colcon.colcon_core.package_identification:_identify(log) ignored
[0.726s] Level 1:colcon.colcon_core.package_identification:_identify(mavros) by extensions ['ignore', 'ignore_ament_install']
[0.727s] Level 1:colcon.colcon_core.package_identification:_identify(mavros) by extension 'ignore'
[0.727s] Level 1:colcon.colcon_core.package_identification:_identify(mavros) by extension 'ignore_ament_install'
[0.727s] Level 1:colcon.colcon_core.package_identification:_identify(mavros) by extensions ['colcon_pkg']
[0.727s] Level 1:colcon.colcon_core.package_identification:_identify(mavros) by extension 'colcon_pkg'
[0.727s] Level 1:colcon.colcon_core.package_identification:_identify(mavros) by extensions ['colcon_meta']
[0.727s] Level 1:colcon.colcon_core.package_identification:_identify(mavros) by extension 'colcon_meta'
[0.727s] Level 1:colcon.colcon_core.package_identification:_identify(mavros) by extensions ['ros']
[0.727s] Level 1:colcon.colcon_core.package_identification:_identify(mavros) by extension 'ros'
[0.727s] Level 1:colcon.colcon_core.package_identification:_identify(mavros) by extensions ['cmake', 'python']
[0.727s] Level 1:colcon.colcon_core.package_identification:_identify(mavros) by extension 'cmake'
[0.727s] Level 1:colcon.colcon_core.package_identification:_identify(mavros) by extension 'python'
[0.727s] Level 1:colcon.colcon_core.package_identification:_identify(mavros) by extensions ['python_setup_py']
[0.727s] Level 1:colcon.colcon_core.package_identification:_identify(mavros) by extension 'python_setup_py'
[0.727s] Level 1:colcon.colcon_core.package_identification:_identify(mavros/build) by extensions ['ignore', 'ignore_ament_install']
[0.727s] Level 1:colcon.colcon_core.package_identification:_identify(mavros/build) by extension 'ignore'
[0.727s] Level 1:colcon.colcon_core.package_identification:_identify(mavros/build) ignored
[0.728s] Level 1:colcon.colcon_core.package_identification:_identify(mavros/docs) by extensions ['ignore', 'ignore_ament_install']
[0.728s] Level 1:colcon.colcon_core.package_identification:_identify(mavros/docs) by extension 'ignore'
[0.728s] Level 1:colcon.colcon_core.package_identification:_identify(mavros/docs) by extension 'ignore_ament_install'
[0.728s] Level 1:colcon.colcon_core.package_identification:_identify(mavros/docs) by extensions ['colcon_pkg']
[0.728s] Level 1:colcon.colcon_core.package_identification:_identify(mavros/docs) by extension 'colcon_pkg'
[0.728s] Level 1:colcon.colcon_core.package_identification:_identify(mavros/docs) by extensions ['colcon_meta']
[0.728s] Level 1:colcon.colcon_core.package_identification:_identify(mavros/docs) by extension 'colcon_meta'
[0.728s] Level 1:colcon.colcon_core.package_identification:_identify(mavros/docs) by extensions ['ros']
[0.728s] Level 1:colcon.colcon_core.package_identification:_identify(mavros/docs) by extension 'ros'
[0.728s] Level 1:colcon.colcon_core.package_identification:_identify(mavros/docs) by extensions ['cmake', 'python']
[0.728s] Level 1:colcon.colcon_core.package_identification:_identify(mavros/docs) by extension 'cmake'
[0.728s] Level 1:colcon.colcon_core.package_identification:_identify(mavros/docs) by extension 'python'
[0.728s] Level 1:colcon.colcon_core.package_identification:_identify(mavros/docs) by extensions ['python_setup_py']
[0.728s] Level 1:colcon.colcon_core.package_identification:_identify(mavros/docs) by extension 'python_setup_py'
[0.729s] Level 1:colcon.colcon_core.package_identification:_identify(mavros/install) by extensions ['ignore', 'ignore_ament_install']
[0.729s] Level 1:colcon.colcon_core.package_identification:_identify(mavros/install) by extension 'ignore'
[0.729s] Level 1:colcon.colcon_core.package_identification:_identify(mavros/install) ignored
[0.729s] Level 1:colcon.colcon_core.package_identification:_identify(mavros/libmavconn) by extensions ['ignore', 'ignore_ament_install']
[0.729s] Level 1:colcon.colcon_core.package_identification:_identify(mavros/libmavconn) by extension 'ignore'
[0.729s] Level 1:colcon.colcon_core.package_identification:_identify(mavros/libmavconn) by extension 'ignore_ament_install'
[0.729s] Level 1:colcon.colcon_core.package_identification:_identify(mavros/libmavconn) by extensions ['colcon_pkg']
[0.729s] Level 1:colcon.colcon_core.package_identification:_identify(mavros/libmavconn) by extension 'colcon_pkg'
[0.729s] Level 1:colcon.colcon_core.package_identification:_identify(mavros/libmavconn) by extensions ['colcon_meta']
[0.729s] Level 1:colcon.colcon_core.package_identification:_identify(mavros/libmavconn) by extension 'colcon_meta'
[0.730s] Level 1:colcon.colcon_core.package_identification:_identify(mavros/libmavconn) by extensions ['ros']
[0.730s] Level 1:colcon.colcon_core.package_identification:_identify(mavros/libmavconn) by extension 'ros'
[0.732s] DEBUG:colcon.colcon_core.package_identification:Package 'mavros/libmavconn' with type 'ros.ament_cmake' and name 'libmavconn'
[0.733s] Level 1:colcon.colcon_core.package_identification:_identify(mavros/log) by extensions ['ignore', 'ignore_ament_install']
[0.733s] Level 1:colcon.colcon_core.package_identification:_identify(mavros/log) by extension 'ignore'
[0.733s] Level 1:colcon.colcon_core.package_identification:_identify(mavros/log) ignored
[0.733s] Level 1:colcon.colcon_core.package_identification:_identify(mavros/mavros) by extensions ['ignore', 'ignore_ament_install']
[0.733s] Level 1:colcon.colcon_core.package_identification:_identify(mavros/mavros) by extension 'ignore'
[0.733s] Level 1:colcon.colcon_core.package_identification:_identify(mavros/mavros) by extension 'ignore_ament_install'
[0.733s] Level 1:colcon.colcon_core.package_identification:_identify(mavros/mavros) by extensions ['colcon_pkg']
[0.733s] Level 1:colcon.colcon_core.package_identification:_identify(mavros/mavros) by extension 'colcon_pkg'
[0.733s] Level 1:colcon.colcon_core.package_identification:_identify(mavros/mavros) by extensions ['colcon_meta']
[0.733s] Level 1:colcon.colcon_core.package_identification:_identify(mavros/mavros) by extension 'colcon_meta'
[0.733s] Level 1:colcon.colcon_core.package_identification:_identify(mavros/mavros) by extensions ['ros']
[0.733s] Level 1:colcon.colcon_core.package_identification:_identify(mavros/mavros) by extension 'ros'
[0.735s] DEBUG:colcon.colcon_core.package_identification:Package 'mavros/mavros' with type 'ros.ament_cmake' and name 'mavros'
[0.735s] Level 1:colcon.colcon_core.package_identification:_identify(mavros/mavros_extras) by extensions ['ignore', 'ignore_ament_install']
[0.735s] Level 1:colcon.colcon_core.package_identification:_identify(mavros/mavros_extras) by extension 'ignore'
[0.736s] Level 1:colcon.colcon_core.package_identification:_identify(mavros/mavros_extras) by extension 'ignore_ament_install'
[0.736s] Level 1:colcon.colcon_core.package_identification:_identify(mavros/mavros_extras) by extensions ['colcon_pkg']
[0.736s] Level 1:colcon.colcon_core.package_identification:_identify(mavros/mavros_extras) by extension 'colcon_pkg'
[0.736s] Level 1:colcon.colcon_core.package_identification:_identify(mavros/mavros_extras) by extensions ['colcon_meta']
[0.736s] Level 1:colcon.colcon_core.package_identification:_identify(mavros/mavros_extras) by extension 'colcon_meta'
[0.736s] Level 1:colcon.colcon_core.package_identification:_identify(mavros/mavros_extras) by extensions ['ros']
[0.736s] Level 1:colcon.colcon_core.package_identification:_identify(mavros/mavros_extras) by extension 'ros'
[0.738s] DEBUG:colcon.colcon_core.package_identification:Package 'mavros/mavros_extras' with type 'ros.ament_cmake' and name 'mavros_extras'
[0.739s] Level 1:colcon.colcon_core.package_identification:_identify(mavros/mavros_msgs) by extensions ['ignore', 'ignore_ament_install']
[0.739s] Level 1:colcon.colcon_core.package_identification:_identify(mavros/mavros_msgs) by extension 'ignore'
[0.739s] Level 1:colcon.colcon_core.package_identification:_identify(mavros/mavros_msgs) by extension 'ignore_ament_install'
[0.739s] Level 1:colcon.colcon_core.package_identification:_identify(mavros/mavros_msgs) by extensions ['colcon_pkg']
[0.739s] Level 1:colcon.colcon_core.package_identification:_identify(mavros/mavros_msgs) by extension 'colcon_pkg'
[0.739s] Level 1:colcon.colcon_core.package_identification:_identify(mavros/mavros_msgs) by extensions ['colcon_meta']
[0.739s] Level 1:colcon.colcon_core.package_identification:_identify(mavros/mavros_msgs) by extension 'colcon_meta'
[0.739s] Level 1:colcon.colcon_core.package_identification:_identify(mavros/mavros_msgs) by extensions ['ros']
[0.739s] Level 1:colcon.colcon_core.package_identification:_identify(mavros/mavros_msgs) by extension 'ros'
[0.740s] DEBUG:colcon.colcon_core.package_identification:Package 'mavros/mavros_msgs' with type 'ros.ament_cmake' and name 'mavros_msgs'
[0.740s] Level 1:colcon.colcon_core.package_identification:_identify(mavros/test_mavros) by extensions ['ignore', 'ignore_ament_install']
[0.740s] Level 1:colcon.colcon_core.package_identification:_identify(mavros/test_mavros) by extension 'ignore'
[0.740s] Level 1:colcon.colcon_core.package_identification:_identify(mavros/test_mavros) ignored
[0.741s] Level 1:colcon.colcon_core.package_identification:_identify(mavros/tools) by extensions ['ignore', 'ignore_ament_install']
[0.741s] Level 1:colcon.colcon_core.package_identification:_identify(mavros/tools) by extension 'ignore'
[0.741s] Level 1:colcon.colcon_core.package_identification:_identify(mavros/tools) by extension 'ignore_ament_install'
[0.741s] Level 1:colcon.colcon_core.package_identification:_identify(mavros/tools) by extensions ['colcon_pkg']
[0.741s] Level 1:colcon.colcon_core.package_identification:_identify(mavros/tools) by extension 'colcon_pkg'
[0.741s] Level 1:colcon.colcon_core.package_identification:_identify(mavros/tools) by extensions ['colcon_meta']
[0.741s] Level 1:colcon.colcon_core.package_identification:_identify(mavros/tools) by extension 'colcon_meta'
[0.741s] Level 1:colcon.colcon_core.package_identification:_identify(mavros/tools) by extensions ['ros']
[0.741s] Level 1:colcon.colcon_core.package_identification:_identify(mavros/tools) by extension 'ros'
[0.741s] Level 1:colcon.colcon_core.package_identification:_identify(mavros/tools) by extensions ['cmake', 'python']
[0.741s] Level 1:colcon.colcon_core.package_identification:_identify(mavros/tools) by extension 'cmake'
[0.741s] Level 1:colcon.colcon_core.package_identification:_identify(mavros/tools) by extension 'python'
[0.741s] Level 1:colcon.colcon_core.package_identification:_identify(mavros/tools) by extensions ['python_setup_py']
[0.741s] Level 1:colcon.colcon_core.package_identification:_identify(mavros/tools) by extension 'python_setup_py'
[0.741s] Level 1:colcon.colcon_core.package_identification:_identify(spade-autonomousmission) by extensions ['ignore', 'ignore_ament_install']
[0.742s] Level 1:colcon.colcon_core.package_identification:_identify(spade-autonomousmission) by extension 'ignore'
[0.742s] Level 1:colcon.colcon_core.package_identification:_identify(spade-autonomousmission) by extension 'ignore_ament_install'
[0.742s] Level 1:colcon.colcon_core.package_identification:_identify(spade-autonomousmission) by extensions ['colcon_pkg']
[0.742s] Level 1:colcon.colcon_core.package_identification:_identify(spade-autonomousmission) by extension 'colcon_pkg'
[0.742s] Level 1:colcon.colcon_core.package_identification:_identify(spade-autonomousmission) by extensions ['colcon_meta']
[0.742s] Level 1:colcon.colcon_core.package_identification:_identify(spade-autonomousmission) by extension 'colcon_meta'
[0.742s] Level 1:colcon.colcon_core.package_identification:_identify(spade-autonomousmission) by extensions ['ros']
[0.742s] Level 1:colcon.colcon_core.package_identification:_identify(spade-autonomousmission) by extension 'ros'
[0.742s] Level 1:colcon.colcon_core.package_identification:_identify(spade-autonomousmission) by extensions ['cmake', 'python']
[0.742s] Level 1:colcon.colcon_core.package_identification:_identify(spade-autonomousmission) by extension 'cmake'
[0.742s] Level 1:colcon.colcon_core.package_identification:_identify(spade-autonomousmission) by extension 'python'
[0.742s] Level 1:colcon.colcon_core.package_identification:_identify(spade-autonomousmission) by extensions ['python_setup_py']
[0.742s] Level 1:colcon.colcon_core.package_identification:_identify(spade-autonomousmission) by extension 'python_setup_py'
[0.742s] Level 1:colcon.colcon_core.package_identification:_identify(spade-autonomousmission/communication_spade) by extensions ['ignore', 'ignore_ament_install']
[0.742s] Level 1:colcon.colcon_core.package_identification:_identify(spade-autonomousmission/communication_spade) by extension 'ignore'
[0.743s] Level 1:colcon.colcon_core.package_identification:_identify(spade-autonomousmission/communication_spade) by extension 'ignore_ament_install'
[0.743s] Level 1:colcon.colcon_core.package_identification:_identify(spade-autonomousmission/communication_spade) by extensions ['colcon_pkg']
[0.743s] Level 1:colcon.colcon_core.package_identification:_identify(spade-autonomousmission/communication_spade) by extension 'colcon_pkg'
[0.743s] Level 1:colcon.colcon_core.package_identification:_identify(spade-autonomousmission/communication_spade) by extensions ['colcon_meta']
[0.743s] Level 1:colcon.colcon_core.package_identification:_identify(spade-autonomousmission/communication_spade) by extension 'colcon_meta'
[0.743s] Level 1:colcon.colcon_core.package_identification:_identify(spade-autonomousmission/communication_spade) by extensions ['ros']
[0.743s] Level 1:colcon.colcon_core.package_identification:_identify(spade-autonomousmission/communication_spade) by extension 'ros'
[0.743s] Level 1:colcon.colcon_core.package_identification:_identify(spade-autonomousmission/communication_spade) by extensions ['cmake', 'python']
[0.743s] Level 1:colcon.colcon_core.package_identification:_identify(spade-autonomousmission/communication_spade) by extension 'cmake'
[0.743s] Level 1:colcon.colcon_core.package_identification:_identify(spade-autonomousmission/communication_spade) by extension 'python'
[0.743s] Level 1:colcon.colcon_core.package_identification:_identify(spade-autonomousmission/communication_spade) by extensions ['python_setup_py']
[0.743s] Level 1:colcon.colcon_core.package_identification:_identify(spade-autonomousmission/communication_spade) by extension 'python_setup_py'
[0.743s] Level 1:colcon.colcon_core.package_identification:_identify(spade-autonomousmission/communication_spade/mavlink) by extensions ['ignore', 'ignore_ament_install']
[0.743s] Level 1:colcon.colcon_core.package_identification:_identify(spade-autonomousmission/communication_spade/mavlink) by extension 'ignore'
[0.743s] Level 1:colcon.colcon_core.package_identification:_identify(spade-autonomousmission/communication_spade/mavlink) by extension 'ignore_ament_install'
[0.743s] Level 1:colcon.colcon_core.package_identification:_identify(spade-autonomousmission/communication_spade/mavlink) by extensions ['colcon_pkg']
[0.743s] Level 1:colcon.colcon_core.package_identification:_identify(spade-autonomousmission/communication_spade/mavlink) by extension 'colcon_pkg'
[0.743s] Level 1:colcon.colcon_core.package_identification:_identify(spade-autonomousmission/communication_spade/mavlink) by extensions ['colcon_meta']
[0.743s] Level 1:colcon.colcon_core.package_identification:_identify(spade-autonomousmission/communication_spade/mavlink) by extension 'colcon_meta'
[0.743s] Level 1:colcon.colcon_core.package_identification:_identify(spade-autonomousmission/communication_spade/mavlink) by extensions ['ros']
[0.743s] Level 1:colcon.colcon_core.package_identification:_identify(spade-autonomousmission/communication_spade/mavlink) by extension 'ros'
[0.743s] Level 1:colcon.colcon_core.package_identification:_identify(spade-autonomousmission/communication_spade/mavlink) by extensions ['cmake', 'python']
[0.743s] Level 1:colcon.colcon_core.package_identification:_identify(spade-autonomousmission/communication_spade/mavlink) by extension 'cmake'
[0.754s] Level 1:colcon.colcon_core.package_identification:_identify(spade-autonomousmission/communication_spade/mavlink) by extension 'python'
[0.754s] DEBUG:colcon.colcon_core.package_identification:Package 'spade-autonomousmission/communication_spade/mavlink' with type 'cmake' and name 'mavlink'
[0.754s] Level 1:colcon.colcon_core.package_identification:_identify(spade-autonomousmission/communication_spade/mavros) by extensions ['ignore', 'ignore_ament_install']
[0.755s] Level 1:colcon.colcon_core.package_identification:_identify(spade-autonomousmission/communication_spade/mavros) by extension 'ignore'
[0.755s] Level 1:colcon.colcon_core.package_identification:_identify(spade-autonomousmission/communication_spade/mavros) by extension 'ignore_ament_install'
[0.755s] Level 1:colcon.colcon_core.package_identification:_identify(spade-autonomousmission/communication_spade/mavros) by extensions ['colcon_pkg']
[0.755s] Level 1:colcon.colcon_core.package_identification:_identify(spade-autonomousmission/communication_spade/mavros) by extension 'colcon_pkg'
[0.755s] Level 1:colcon.colcon_core.package_identification:_identify(spade-autonomousmission/communication_spade/mavros) by extensions ['colcon_meta']
[0.755s] Level 1:colcon.colcon_core.package_identification:_identify(spade-autonomousmission/communication_spade/mavros) by extension 'colcon_meta'
[0.755s] Level 1:colcon.colcon_core.package_identification:_identify(spade-autonomousmission/communication_spade/mavros) by extensions ['ros']
[0.755s] Level 1:colcon.colcon_core.package_identification:_identify(spade-autonomousmission/communication_spade/mavros) by extension 'ros'
[0.755s] Level 1:colcon.colcon_core.package_identification:_identify(spade-autonomousmission/communication_spade/mavros) by extensions ['cmake', 'python']
[0.755s] Level 1:colcon.colcon_core.package_identification:_identify(spade-autonomousmission/communication_spade/mavros) by extension 'cmake'
[0.755s] Level 1:colcon.colcon_core.package_identification:_identify(spade-autonomousmission/communication_spade/mavros) by extension 'python'
[0.755s] Level 1:colcon.colcon_core.package_identification:_identify(spade-autonomousmission/communication_spade/mavros) by extensions ['python_setup_py']
[0.755s] Level 1:colcon.colcon_core.package_identification:_identify(spade-autonomousmission/communication_spade/mavros) by extension 'python_setup_py'
[0.755s] Level 1:colcon.colcon_core.package_identification:_identify(spade-autonomousmission/communication_spade/mavros/libmavconn) by extensions ['ignore', 'ignore_ament_install']
[0.755s] Level 1:colcon.colcon_core.package_identification:_identify(spade-autonomousmission/communication_spade/mavros/libmavconn) by extension 'ignore'
[0.755s] Level 1:colcon.colcon_core.package_identification:_identify(spade-autonomousmission/communication_spade/mavros/libmavconn) by extension 'ignore_ament_install'
[0.755s] Level 1:colcon.colcon_core.package_identification:_identify(spade-autonomousmission/communication_spade/mavros/libmavconn) by extensions ['colcon_pkg']
[0.755s] Level 1:colcon.colcon_core.package_identification:_identify(spade-autonomousmission/communication_spade/mavros/libmavconn) by extension 'colcon_pkg'
[0.755s] Level 1:colcon.colcon_core.package_identification:_identify(spade-autonomousmission/communication_spade/mavros/libmavconn) by extensions ['colcon_meta']
[0.756s] Level 1:colcon.colcon_core.package_identification:_identify(spade-autonomousmission/communication_spade/mavros/libmavconn) by extension 'colcon_meta'
[0.756s] Level 1:colcon.colcon_core.package_identification:_identify(spade-autonomousmission/communication_spade/mavros/libmavconn) by extensions ['ros']
[0.756s] Level 1:colcon.colcon_core.package_identification:_identify(spade-autonomousmission/communication_spade/mavros/libmavconn) by extension 'ros'
[0.757s] DEBUG:colcon.colcon_core.package_identification:Package 'spade-autonomousmission/communication_spade/mavros/libmavconn' with type 'ros.ament_cmake' and name 'libmavconn'
[0.757s] Level 1:colcon.colcon_core.package_identification:_identify(spade-autonomousmission/communication_spade/mavros/mavros) by extensions ['ignore', 'ignore_ament_install']
[0.757s] Level 1:colcon.colcon_core.package_identification:_identify(spade-autonomousmission/communication_spade/mavros/mavros) by extension 'ignore'
[0.757s] Level 1:colcon.colcon_core.package_identification:_identify(spade-autonomousmission/communication_spade/mavros/mavros) by extension 'ignore_ament_install'
[0.757s] Level 1:colcon.colcon_core.package_identification:_identify(spade-autonomousmission/communication_spade/mavros/mavros) by extensions ['colcon_pkg']
[0.758s] Level 1:colcon.colcon_core.package_identification:_identify(spade-autonomousmission/communication_spade/mavros/mavros) by extension 'colcon_pkg'
[0.758s] Level 1:colcon.colcon_core.package_identification:_identify(spade-autonomousmission/communication_spade/mavros/mavros) by extensions ['colcon_meta']
[0.758s] Level 1:colcon.colcon_core.package_identification:_identify(spade-autonomousmission/communication_spade/mavros/mavros) by extension 'colcon_meta'
[0.758s] Level 1:colcon.colcon_core.package_identification:_identify(spade-autonomousmission/communication_spade/mavros/mavros) by extensions ['ros']
[0.758s] Level 1:colcon.colcon_core.package_identification:_identify(spade-autonomousmission/communication_spade/mavros/mavros) by extension 'ros'
[0.767s] DEBUG:colcon.colcon_core.package_identification:Package 'spade-autonomousmission/communication_spade/mavros/mavros' with type 'ros.ament_cmake' and name 'mavros'
[0.768s] Level 1:colcon.colcon_core.package_identification:_identify(spade-autonomousmission/communication_spade/mavros/mavros_extras) by extensions ['ignore', 'ignore_ament_install']
[0.768s] Level 1:colcon.colcon_core.package_identification:_identify(spade-autonomousmission/communication_spade/mavros/mavros_extras) by extension 'ignore'
[0.768s] Level 1:colcon.colcon_core.package_identification:_identify(spade-autonomousmission/communication_spade/mavros/mavros_extras) by extension 'ignore_ament_install'
[0.768s] Level 1:colcon.colcon_core.package_identification:_identify(spade-autonomousmission/communication_spade/mavros/mavros_extras) by extensions ['colcon_pkg']
[0.768s] Level 1:colcon.colcon_core.package_identification:_identify(spade-autonomousmission/communication_spade/mavros/mavros_extras) by extension 'colcon_pkg'
[0.768s] Level 1:colcon.colcon_core.package_identification:_identify(spade-autonomousmission/communication_spade/mavros/mavros_extras) by extensions ['colcon_meta']
[0.768s] Level 1:colcon.colcon_core.package_identification:_identify(spade-autonomousmission/communication_spade/mavros/mavros_extras) by extension 'colcon_meta'
[0.768s] Level 1:colcon.colcon_core.package_identification:_identify(spade-autonomousmission/communication_spade/mavros/mavros_extras) by extensions ['ros']
[0.768s] Level 1:colcon.colcon_core.package_identification:_identify(spade-autonomousmission/communication_spade/mavros/mavros_extras) by extension 'ros'
[0.770s] DEBUG:colcon.colcon_core.package_identification:Package 'spade-autonomousmission/communication_spade/mavros/mavros_extras' with type 'ros.ament_cmake' and name 'mavros_extras'
[0.771s] Level 1:colcon.colcon_core.package_identification:_identify(spade-autonomousmission/communication_spade/mavros/mavros_msgs) by extensions ['ignore', 'ignore_ament_install']
[0.771s] Level 1:colcon.colcon_core.package_identification:_identify(spade-autonomousmission/communication_spade/mavros/mavros_msgs) by extension 'ignore'
[0.771s] Level 1:colcon.colcon_core.package_identification:_identify(spade-autonomousmission/communication_spade/mavros/mavros_msgs) by extension 'ignore_ament_install'
[0.771s] Level 1:colcon.colcon_core.package_identification:_identify(spade-autonomousmission/communication_spade/mavros/mavros_msgs) by extensions ['colcon_pkg']
[0.771s] Level 1:colcon.colcon_core.package_identification:_identify(spade-autonomousmission/communication_spade/mavros/mavros_msgs) by extension 'colcon_pkg'
[0.771s] Level 1:colcon.colcon_core.package_identification:_identify(spade-autonomousmission/communication_spade/mavros/mavros_msgs) by extensions ['colcon_meta']
[0.771s] Level 1:colcon.colcon_core.package_identification:_identify(spade-autonomousmission/communication_spade/mavros/mavros_msgs) by extension 'colcon_meta'
[0.771s] Level 1:colcon.colcon_core.package_identification:_identify(spade-autonomousmission/communication_spade/mavros/mavros_msgs) by extensions ['ros']
[0.771s] Level 1:colcon.colcon_core.package_identification:_identify(spade-autonomousmission/communication_spade/mavros/mavros_msgs) by extension 'ros'
[0.772s] DEBUG:colcon.colcon_core.package_identification:Package 'spade-autonomousmission/communication_spade/mavros/mavros_msgs' with type 'ros.ament_cmake' and name 'mavros_msgs'
[0.773s] Level 1:colcon.colcon_core.package_identification:_identify(spade-autonomousmission/communication_spade/mavros/test_mavros) by extensions ['ignore', 'ignore_ament_install']
[0.773s] Level 1:colcon.colcon_core.package_identification:_identify(spade-autonomousmission/communication_spade/mavros/test_mavros) by extension 'ignore'
[0.773s] Level 1:colcon.colcon_core.package_identification:_identify(spade-autonomousmission/communication_spade/mavros/test_mavros) ignored
[0.774s] Level 1:colcon.colcon_core.package_identification:_identify(spade-autonomousmission/lio_ws) by extensions ['ignore', 'ignore_ament_install']
[0.774s] Level 1:colcon.colcon_core.package_identification:_identify(spade-autonomousmission/lio_ws) by extension 'ignore'
[0.774s] Level 1:colcon.colcon_core.package_identification:_identify(spade-autonomousmission/lio_ws) by extension 'ignore_ament_install'
[0.774s] Level 1:colcon.colcon_core.package_identification:_identify(spade-autonomousmission/lio_ws) by extensions ['colcon_pkg']
[0.774s] Level 1:colcon.colcon_core.package_identification:_identify(spade-autonomousmission/lio_ws) by extension 'colcon_pkg'
[0.774s] Level 1:colcon.colcon_core.package_identification:_identify(spade-autonomousmission/lio_ws) by extensions ['colcon_meta']
[0.774s] Level 1:colcon.colcon_core.package_identification:_identify(spade-autonomousmission/lio_ws) by extension 'colcon_meta'
[0.774s] Level 1:colcon.colcon_core.package_identification:_identify(spade-autonomousmission/lio_ws) by extensions ['ros']
[0.774s] Level 1:colcon.colcon_core.package_identification:_identify(spade-autonomousmission/lio_ws) by extension 'ros'
[0.774s] Level 1:colcon.colcon_core.package_identification:_identify(spade-autonomousmission/lio_ws) by extensions ['cmake', 'python']
[0.774s] Level 1:colcon.colcon_core.package_identification:_identify(spade-autonomousmission/lio_ws) by extension 'cmake'
[0.774s] Level 1:colcon.colcon_core.package_identification:_identify(spade-autonomousmission/lio_ws) by extension 'python'
[0.774s] Level 1:colcon.colcon_core.package_identification:_identify(spade-autonomousmission/lio_ws) by extensions ['python_setup_py']
[0.774s] Level 1:colcon.colcon_core.package_identification:_identify(spade-autonomousmission/lio_ws) by extension 'python_setup_py'
[0.775s] Level 1:colcon.colcon_core.package_identification:_identify(spade-autonomousmission/lio_ws/Livox-SDK2) by extensions ['ignore', 'ignore_ament_install']
[0.775s] Level 1:colcon.colcon_core.package_identification:_identify(spade-autonomousmission/lio_ws/Livox-SDK2) by extension 'ignore'
[0.775s] Level 1:colcon.colcon_core.package_identification:_identify(spade-autonomousmission/lio_ws/Livox-SDK2) by extension 'ignore_ament_install'
[0.775s] Level 1:colcon.colcon_core.package_identification:_identify(spade-autonomousmission/lio_ws/Livox-SDK2) by extensions ['colcon_pkg']
[0.775s] Level 1:colcon.colcon_core.package_identification:_identify(spade-autonomousmission/lio_ws/Livox-SDK2) by extension 'colcon_pkg'
[0.775s] Level 1:colcon.colcon_core.package_identification:_identify(spade-autonomousmission/lio_ws/Livox-SDK2) by extensions ['colcon_meta']
[0.775s] Level 1:colcon.colcon_core.package_identification:_identify(spade-autonomousmission/lio_ws/Livox-SDK2) by extension 'colcon_meta'
[0.775s] Level 1:colcon.colcon_core.package_identification:_identify(spade-autonomousmission/lio_ws/Livox-SDK2) by extensions ['ros']
[0.775s] Level 1:colcon.colcon_core.package_identification:_identify(spade-autonomousmission/lio_ws/Livox-SDK2) by extension 'ros'
[0.775s] Level 1:colcon.colcon_core.package_identification:_identify(spade-autonomousmission/lio_ws/Livox-SDK2) by extensions ['cmake', 'python']
[0.775s] Level 1:colcon.colcon_core.package_identification:_identify(spade-autonomousmission/lio_ws/Livox-SDK2) by extension 'cmake'
[0.784s] Level 1:colcon.colcon_core.package_identification:_identify(spade-autonomousmission/lio_ws/Livox-SDK2) by extension 'python'
[0.784s] DEBUG:colcon.colcon_core.package_identification:Package 'spade-autonomousmission/lio_ws/Livox-SDK2' with type 'cmake' and name 'livox_sdk2'
[0.784s] Level 1:colcon.colcon_core.package_identification:_identify(spade-autonomousmission/lio_ws/slam_ws) by extensions ['ignore', 'ignore_ament_install']
[0.784s] Level 1:colcon.colcon_core.package_identification:_identify(spade-autonomousmission/lio_ws/slam_ws) by extension 'ignore'
[0.784s] Level 1:colcon.colcon_core.package_identification:_identify(spade-autonomousmission/lio_ws/slam_ws) by extension 'ignore_ament_install'
[0.784s] Level 1:colcon.colcon_core.package_identification:_identify(spade-autonomousmission/lio_ws/slam_ws) by extensions ['colcon_pkg']
[0.784s] Level 1:colcon.colcon_core.package_identification:_identify(spade-autonomousmission/lio_ws/slam_ws) by extension 'colcon_pkg'
[0.784s] Level 1:colcon.colcon_core.package_identification:_identify(spade-autonomousmission/lio_ws/slam_ws) by extensions ['colcon_meta']
[0.784s] Level 1:colcon.colcon_core.package_identification:_identify(spade-autonomousmission/lio_ws/slam_ws) by extension 'colcon_meta'
[0.784s] Level 1:colcon.colcon_core.package_identification:_identify(spade-autonomousmission/lio_ws/slam_ws) by extensions ['ros']
[0.784s] Level 1:colcon.colcon_core.package_identification:_identify(spade-autonomousmission/lio_ws/slam_ws) by extension 'ros'
[0.784s] Level 1:colcon.colcon_core.package_identification:_identify(spade-autonomousmission/lio_ws/slam_ws) by extensions ['cmake', 'python']
[0.784s] Level 1:colcon.colcon_core.package_identification:_identify(spade-autonomousmission/lio_ws/slam_ws) by extension 'cmake'
[0.785s] Level 1:colcon.colcon_core.package_identification:_identify(spade-autonomousmission/lio_ws/slam_ws) by extension 'python'
[0.785s] Level 1:colcon.colcon_core.package_identification:_identify(spade-autonomousmission/lio_ws/slam_ws) by extensions ['python_setup_py']
[0.785s] Level 1:colcon.colcon_core.package_identification:_identify(spade-autonomousmission/lio_ws/slam_ws) by extension 'python_setup_py'
[0.785s] Level 1:colcon.colcon_core.package_identification:_identify(spade-autonomousmission/lio_ws/slam_ws/src) by extensions ['ignore', 'ignore_ament_install']
[0.785s] Level 1:colcon.colcon_core.package_identification:_identify(spade-autonomousmission/lio_ws/slam_ws/src) by extension 'ignore'
[0.785s] Level 1:colcon.colcon_core.package_identification:_identify(spade-autonomousmission/lio_ws/slam_ws/src) by extension 'ignore_ament_install'
[0.785s] Level 1:colcon.colcon_core.package_identification:_identify(spade-autonomousmission/lio_ws/slam_ws/src) by extensions ['colcon_pkg']
[0.785s] Level 1:colcon.colcon_core.package_identification:_identify(spade-autonomousmission/lio_ws/slam_ws/src) by extension 'colcon_pkg'
[0.785s] Level 1:colcon.colcon_core.package_identification:_identify(spade-autonomousmission/lio_ws/slam_ws/src) by extensions ['colcon_meta']
[0.785s] Level 1:colcon.colcon_core.package_identification:_identify(spade-autonomousmission/lio_ws/slam_ws/src) by extension 'colcon_meta'
[0.785s] Level 1:colcon.colcon_core.package_identification:_identify(spade-autonomousmission/lio_ws/slam_ws/src) by extensions ['ros']
[0.785s] Level 1:colcon.colcon_core.package_identification:_identify(spade-autonomousmission/lio_ws/slam_ws/src) by extension 'ros'
[0.785s] Level 1:colcon.colcon_core.package_identification:_identify(spade-autonomousmission/lio_ws/slam_ws/src) by extensions ['cmake', 'python']
[0.785s] Level 1:colcon.colcon_core.package_identification:_identify(spade-autonomousmission/lio_ws/slam_ws/src) by extension 'cmake'
[0.785s] Level 1:colcon.colcon_core.package_identification:_identify(spade-autonomousmission/lio_ws/slam_ws/src) by extension 'python'
[0.785s] Level 1:colcon.colcon_core.package_identification:_identify(spade-autonomousmission/lio_ws/slam_ws/src) by extensions ['python_setup_py']
[0.785s] Level 1:colcon.colcon_core.package_identification:_identify(spade-autonomousmission/lio_ws/slam_ws/src) by extension 'python_setup_py'
[0.785s] Level 1:colcon.colcon_core.package_identification:_identify(spade-autonomousmission/lio_ws/slam_ws/src/FAST_LIO) by extensions ['ignore', 'ignore_ament_install']
[0.785s] Level 1:colcon.colcon_core.package_identification:_identify(spade-autonomousmission/lio_ws/slam_ws/src/FAST_LIO) by extension 'ignore'
[0.785s] Level 1:colcon.colcon_core.package_identification:_identify(spade-autonomousmission/lio_ws/slam_ws/src/FAST_LIO) by extension 'ignore_ament_install'
[0.785s] Level 1:colcon.colcon_core.package_identification:_identify(spade-autonomousmission/lio_ws/slam_ws/src/FAST_LIO) by extensions ['colcon_pkg']
[0.785s] Level 1:colcon.colcon_core.package_identification:_identify(spade-autonomousmission/lio_ws/slam_ws/src/FAST_LIO) by extension 'colcon_pkg'
[0.785s] Level 1:colcon.colcon_core.package_identification:_identify(spade-autonomousmission/lio_ws/slam_ws/src/FAST_LIO) by extensions ['colcon_meta']
[0.785s] Level 1:colcon.colcon_core.package_identification:_identify(spade-autonomousmission/lio_ws/slam_ws/src/FAST_LIO) by extension 'colcon_meta'
[0.785s] Level 1:colcon.colcon_core.package_identification:_identify(spade-autonomousmission/lio_ws/slam_ws/src/FAST_LIO) by extensions ['ros']
[0.785s] Level 1:colcon.colcon_core.package_identification:_identify(spade-autonomousmission/lio_ws/slam_ws/src/FAST_LIO) by extension 'ros'
[0.787s] DEBUG:colcon.colcon_core.package_identification:Package 'spade-autonomousmission/lio_ws/slam_ws/src/FAST_LIO' with type 'ros.ament_cmake' and name 'fast_lio'
[0.787s] Level 1:colcon.colcon_core.package_identification:_identify(spade-autonomousmission/lio_ws/ws_livox) by extensions ['ignore', 'ignore_ament_install']
[0.787s] Level 1:colcon.colcon_core.package_identification:_identify(spade-autonomousmission/lio_ws/ws_livox) by extension 'ignore'
[0.787s] Level 1:colcon.colcon_core.package_identification:_identify(spade-autonomousmission/lio_ws/ws_livox) by extension 'ignore_ament_install'
[0.787s] Level 1:colcon.colcon_core.package_identification:_identify(spade-autonomousmission/lio_ws/ws_livox) by extensions ['colcon_pkg']
[0.787s] Level 1:colcon.colcon_core.package_identification:_identify(spade-autonomousmission/lio_ws/ws_livox) by extension 'colcon_pkg'
[0.787s] Level 1:colcon.colcon_core.package_identification:_identify(spade-autonomousmission/lio_ws/ws_livox) by extensions ['colcon_meta']
[0.787s] Level 1:colcon.colcon_core.package_identification:_identify(spade-autonomousmission/lio_ws/ws_livox) by extension 'colcon_meta'
[0.787s] Level 1:colcon.colcon_core.package_identification:_identify(spade-autonomousmission/lio_ws/ws_livox) by extensions ['ros']
[0.787s] Level 1:colcon.colcon_core.package_identification:_identify(spade-autonomousmission/lio_ws/ws_livox) by extension 'ros'
[0.788s] Level 1:colcon.colcon_core.package_identification:_identify(spade-autonomousmission/lio_ws/ws_livox) by extensions ['cmake', 'python']
[0.788s] Level 1:colcon.colcon_core.package_identification:_identify(spade-autonomousmission/lio_ws/ws_livox) by extension 'cmake'
[0.788s] Level 1:colcon.colcon_core.package_identification:_identify(spade-autonomousmission/lio_ws/ws_livox) by extension 'python'
[0.788s] Level 1:colcon.colcon_core.package_identification:_identify(spade-autonomousmission/lio_ws/ws_livox) by extensions ['python_setup_py']
[0.788s] Level 1:colcon.colcon_core.package_identification:_identify(spade-autonomousmission/lio_ws/ws_livox) by extension 'python_setup_py'
[0.788s] Level 1:colcon.colcon_core.package_identification:_identify(spade-autonomousmission/lio_ws/ws_livox/src) by extensions ['ignore', 'ignore_ament_install']
[0.788s] Level 1:colcon.colcon_core.package_identification:_identify(spade-autonomousmission/lio_ws/ws_livox/src) by extension 'ignore'
[0.788s] Level 1:colcon.colcon_core.package_identification:_identify(spade-autonomousmission/lio_ws/ws_livox/src) by extension 'ignore_ament_install'
[0.788s] Level 1:colcon.colcon_core.package_identification:_identify(spade-autonomousmission/lio_ws/ws_livox/src) by extensions ['colcon_pkg']
[0.788s] Level 1:colcon.colcon_core.package_identification:_identify(spade-autonomousmission/lio_ws/ws_livox/src) by extension 'colcon_pkg'
[0.788s] Level 1:colcon.colcon_core.package_identification:_identify(spade-autonomousmission/lio_ws/ws_livox/src) by extensions ['colcon_meta']
[0.788s] Level 1:colcon.colcon_core.package_identification:_identify(spade-autonomousmission/lio_ws/ws_livox/src) by extension 'colcon_meta'
[0.788s] Level 1:colcon.colcon_core.package_identification:_identify(spade-autonomousmission/lio_ws/ws_livox/src) by extensions ['ros']
[0.788s] Level 1:colcon.colcon_core.package_identification:_identify(spade-autonomousmission/lio_ws/ws_livox/src) by extension 'ros'
[0.788s] Level 1:colcon.colcon_core.package_identification:_identify(spade-autonomousmission/lio_ws/ws_livox/src) by extensions ['cmake', 'python']
[0.788s] Level 1:colcon.colcon_core.package_identification:_identify(spade-autonomousmission/lio_ws/ws_livox/src) by extension 'cmake'
[0.788s] Level 1:colcon.colcon_core.package_identification:_identify(spade-autonomousmission/lio_ws/ws_livox/src) by extension 'python'
[0.788s] Level 1:colcon.colcon_core.package_identification:_identify(spade-autonomousmission/lio_ws/ws_livox/src) by extensions ['python_setup_py']
[0.788s] Level 1:colcon.colcon_core.package_identification:_identify(spade-autonomousmission/lio_ws/ws_livox/src) by extension 'python_setup_py'
[0.788s] Level 1:colcon.colcon_core.package_identification:_identify(spade-autonomousmission/lio_ws/ws_livox/src/livox_ros_driver2) by extensions ['ignore', 'ignore_ament_install']
[0.789s] Level 1:colcon.colcon_core.package_identification:_identify(spade-autonomousmission/lio_ws/ws_livox/src/livox_ros_driver2) by extension 'ignore'
[0.789s] Level 1:colcon.colcon_core.package_identification:_identify(spade-autonomousmission/lio_ws/ws_livox/src/livox_ros_driver2) by extension 'ignore_ament_install'
[0.789s] Level 1:colcon.colcon_core.package_identification:_identify(spade-autonomousmission/lio_ws/ws_livox/src/livox_ros_driver2) by extensions ['colcon_pkg']
[0.789s] Level 1:colcon.colcon_core.package_identification:_identify(spade-autonomousmission/lio_ws/ws_livox/src/livox_ros_driver2) by extension 'colcon_pkg'
[0.789s] Level 1:colcon.colcon_core.package_identification:_identify(spade-autonomousmission/lio_ws/ws_livox/src/livox_ros_driver2) by extensions ['colcon_meta']
[0.789s] Level 1:colcon.colcon_core.package_identification:_identify(spade-autonomousmission/lio_ws/ws_livox/src/livox_ros_driver2) by extension 'colcon_meta'
[0.789s] Level 1:colcon.colcon_core.package_identification:_identify(spade-autonomousmission/lio_ws/ws_livox/src/livox_ros_driver2) by extensions ['ros']
[0.789s] Level 1:colcon.colcon_core.package_identification:_identify(spade-autonomousmission/lio_ws/ws_livox/src/livox_ros_driver2) by extension 'ros'
[0.789s] Level 1:colcon.colcon_core.package_identification:_identify(spade-autonomousmission/lio_ws/ws_livox/src/livox_ros_driver2) by extensions ['cmake', 'python']
[0.789s] Level 1:colcon.colcon_core.package_identification:_identify(spade-autonomousmission/lio_ws/ws_livox/src/livox_ros_driver2) by extension 'cmake'
[0.791s] Level 1:colcon.colcon_core.package_identification:_identify(spade-autonomousmission/lio_ws/ws_livox/src/livox_ros_driver2) by extension 'python'
[0.791s] DEBUG:colcon.colcon_core.package_identification:Package 'spade-autonomousmission/lio_ws/ws_livox/src/livox_ros_driver2' with type 'cmake' and name 'livox_ros_driver2'
[0.792s] Level 1:colcon.colcon_core.package_identification:_identify(spade-autonomousmission/planner_spade) by extensions ['ignore', 'ignore_ament_install']
[0.792s] Level 1:colcon.colcon_core.package_identification:_identify(spade-autonomousmission/planner_spade) by extension 'ignore'
[0.792s] Level 1:colcon.colcon_core.package_identification:_identify(spade-autonomousmission/planner_spade) by extension 'ignore_ament_install'
[0.792s] Level 1:colcon.colcon_core.package_identification:_identify(spade-autonomousmission/planner_spade) by extensions ['colcon_pkg']
[0.792s] Level 1:colcon.colcon_core.package_identification:_identify(spade-autonomousmission/planner_spade) by extension 'colcon_pkg'
[0.792s] Level 1:colcon.colcon_core.package_identification:_identify(spade-autonomousmission/planner_spade) by extensions ['colcon_meta']
[0.792s] Level 1:colcon.colcon_core.package_identification:_identify(spade-autonomousmission/planner_spade) by extension 'colcon_meta'
[0.792s] Level 1:colcon.colcon_core.package_identification:_identify(spade-autonomousmission/planner_spade) by extensions ['ros']
[0.792s] Level 1:colcon.colcon_core.package_identification:_identify(spade-autonomousmission/planner_spade) by extension 'ros'
[0.792s] Level 1:colcon.colcon_core.package_identification:_identify(spade-autonomousmission/planner_spade) by extensions ['cmake', 'python']
[0.792s] Level 1:colcon.colcon_core.package_identification:_identify(spade-autonomousmission/planner_spade) by extension 'cmake'
[0.792s] Level 1:colcon.colcon_core.package_identification:_identify(spade-autonomousmission/planner_spade) by extension 'python'
[0.792s] Level 1:colcon.colcon_core.package_identification:_identify(spade-autonomousmission/planner_spade) by extensions ['python_setup_py']
[0.792s] Level 1:colcon.colcon_core.package_identification:_identify(spade-autonomousmission/planner_spade) by extension 'python_setup_py'
[0.792s] Level 1:colcon.colcon_core.package_identification:_identify(spade-autonomousmission/planner_spade/planner_ws) by extensions ['ignore', 'ignore_ament_install']
[0.792s] Level 1:colcon.colcon_core.package_identification:_identify(spade-autonomousmission/planner_spade/planner_ws) by extension 'ignore'
[0.792s] Level 1:colcon.colcon_core.package_identification:_identify(spade-autonomousmission/planner_spade/planner_ws) by extension 'ignore_ament_install'
[0.793s] Level 1:colcon.colcon_core.package_identification:_identify(spade-autonomousmission/planner_spade/planner_ws) by extensions ['colcon_pkg']
[0.793s] Level 1:colcon.colcon_core.package_identification:_identify(spade-autonomousmission/planner_spade/planner_ws) by extension 'colcon_pkg'
[0.793s] Level 1:colcon.colcon_core.package_identification:_identify(spade-autonomousmission/planner_spade/planner_ws) by extensions ['colcon_meta']
[0.793s] Level 1:colcon.colcon_core.package_identification:_identify(spade-autonomousmission/planner_spade/planner_ws) by extension 'colcon_meta'
[0.793s] Level 1:colcon.colcon_core.package_identification:_identify(spade-autonomousmission/planner_spade/planner_ws) by extensions ['ros']
[0.793s] Level 1:colcon.colcon_core.package_identification:_identify(spade-autonomousmission/planner_spade/planner_ws) by extension 'ros'
[0.793s] Level 1:colcon.colcon_core.package_identification:_identify(spade-autonomousmission/planner_spade/planner_ws) by extensions ['cmake', 'python']
[0.793s] Level 1:colcon.colcon_core.package_identification:_identify(spade-autonomousmission/planner_spade/planner_ws) by extension 'cmake'
[0.793s] Level 1:colcon.colcon_core.package_identification:_identify(spade-autonomousmission/planner_spade/planner_ws) by extension 'python'
[0.793s] Level 1:colcon.colcon_core.package_identification:_identify(spade-autonomousmission/planner_spade/planner_ws) by extensions ['python_setup_py']
[0.793s] Level 1:colcon.colcon_core.package_identification:_identify(spade-autonomousmission/planner_spade/planner_ws) by extension 'python_setup_py'
[0.793s] Level 1:colcon.colcon_core.package_identification:_identify(spade-autonomousmission/planner_spade/planner_ws/src) by extensions ['ignore', 'ignore_ament_install']
[0.793s] Level 1:colcon.colcon_core.package_identification:_identify(spade-autonomousmission/planner_spade/planner_ws/src) by extension 'ignore'
[0.793s] Level 1:colcon.colcon_core.package_identification:_identify(spade-autonomousmission/planner_spade/planner_ws/src) by extension 'ignore_ament_install'
[0.793s] Level 1:colcon.colcon_core.package_identification:_identify(spade-autonomousmission/planner_spade/planner_ws/src) by extensions ['colcon_pkg']
[0.793s] Level 1:colcon.colcon_core.package_identification:_identify(spade-autonomousmission/planner_spade/planner_ws/src) by extension 'colcon_pkg'
[0.793s] Level 1:colcon.colcon_core.package_identification:_identify(spade-autonomousmission/planner_spade/planner_ws/src) by extensions ['colcon_meta']
[0.793s] Level 1:colcon.colcon_core.package_identification:_identify(spade-autonomousmission/planner_spade/planner_ws/src) by extension 'colcon_meta'
[0.793s] Level 1:colcon.colcon_core.package_identification:_identify(spade-autonomousmission/planner_spade/planner_ws/src) by extensions ['ros']
[0.793s] Level 1:colcon.colcon_core.package_identification:_identify(spade-autonomousmission/planner_spade/planner_ws/src) by extension 'ros'
[0.793s] Level 1:colcon.colcon_core.package_identification:_identify(spade-autonomousmission/planner_spade/planner_ws/src) by extensions ['cmake', 'python']
[0.793s] Level 1:colcon.colcon_core.package_identification:_identify(spade-autonomousmission/planner_spade/planner_ws/src) by extension 'cmake'
[0.793s] Level 1:colcon.colcon_core.package_identification:_identify(spade-autonomousmission/planner_spade/planner_ws/src) by extension 'python'
[0.793s] Level 1:colcon.colcon_core.package_identification:_identify(spade-autonomousmission/planner_spade/planner_ws/src) by extensions ['python_setup_py']
[0.793s] Level 1:colcon.colcon_core.package_identification:_identify(spade-autonomousmission/planner_spade/planner_ws/src) by extension 'python_setup_py'
[0.794s] Level 1:colcon.colcon_core.package_identification:_identify(spade-autonomousmission/planner_spade/planner_ws/src/FUEL) by extensions ['ignore', 'ignore_ament_install']
[0.794s] Level 1:colcon.colcon_core.package_identification:_identify(spade-autonomousmission/planner_spade/planner_ws/src/FUEL) by extension 'ignore'
[0.794s] Level 1:colcon.colcon_core.package_identification:_identify(spade-autonomousmission/planner_spade/planner_ws/src/FUEL) by extension 'ignore_ament_install'
[0.794s] Level 1:colcon.colcon_core.package_identification:_identify(spade-autonomousmission/planner_spade/planner_ws/src/FUEL) by extensions ['colcon_pkg']
[0.794s] Level 1:colcon.colcon_core.package_identification:_identify(spade-autonomousmission/planner_spade/planner_ws/src/FUEL) by extension 'colcon_pkg'
[0.794s] Level 1:colcon.colcon_core.package_identification:_identify(spade-autonomousmission/planner_spade/planner_ws/src/FUEL) by extensions ['colcon_meta']
[0.794s] Level 1:colcon.colcon_core.package_identification:_identify(spade-autonomousmission/planner_spade/planner_ws/src/FUEL) by extension 'colcon_meta'
[0.794s] Level 1:colcon.colcon_core.package_identification:_identify(spade-autonomousmission/planner_spade/planner_ws/src/FUEL) by extensions ['ros']
[0.794s] Level 1:colcon.colcon_core.package_identification:_identify(spade-autonomousmission/planner_spade/planner_ws/src/FUEL) by extension 'ros'
[0.794s] Level 1:colcon.colcon_core.package_identification:_identify(spade-autonomousmission/planner_spade/planner_ws/src/FUEL) by extensions ['cmake', 'python']
[0.794s] Level 1:colcon.colcon_core.package_identification:_identify(spade-autonomousmission/planner_spade/planner_ws/src/FUEL) by extension 'cmake'
[0.794s] Level 1:colcon.colcon_core.package_identification:_identify(spade-autonomousmission/planner_spade/planner_ws/src/FUEL) by extension 'python'
[0.794s] Level 1:colcon.colcon_core.package_identification:_identify(spade-autonomousmission/planner_spade/planner_ws/src/FUEL) by extensions ['python_setup_py']
[0.794s] Level 1:colcon.colcon_core.package_identification:_identify(spade-autonomousmission/planner_spade/planner_ws/src/FUEL) by extension 'python_setup_py'
[0.794s] Level 1:colcon.colcon_core.package_identification:_identify(spade-autonomousmission/planner_spade/planner_ws/src/FUEL/fuel_planner) by extensions ['ignore', 'ignore_ament_install']
[0.794s] Level 1:colcon.colcon_core.package_identification:_identify(spade-autonomousmission/planner_spade/planner_ws/src/FUEL/fuel_planner) by extension 'ignore'
[0.794s] Level 1:colcon.colcon_core.package_identification:_identify(spade-autonomousmission/planner_spade/planner_ws/src/FUEL/fuel_planner) by extension 'ignore_ament_install'
[0.794s] Level 1:colcon.colcon_core.package_identification:_identify(spade-autonomousmission/planner_spade/planner_ws/src/FUEL/fuel_planner) by extensions ['colcon_pkg']
[0.794s] Level 1:colcon.colcon_core.package_identification:_identify(spade-autonomousmission/planner_spade/planner_ws/src/FUEL/fuel_planner) by extension 'colcon_pkg'
[0.794s] Level 1:colcon.colcon_core.package_identification:_identify(spade-autonomousmission/planner_spade/planner_ws/src/FUEL/fuel_planner) by extensions ['colcon_meta']
[0.794s] Level 1:colcon.colcon_core.package_identification:_identify(spade-autonomousmission/planner_spade/planner_ws/src/FUEL/fuel_planner) by extension 'colcon_meta'
[0.794s] Level 1:colcon.colcon_core.package_identification:_identify(spade-autonomousmission/planner_spade/planner_ws/src/FUEL/fuel_planner) by extensions ['ros']
[0.794s] Level 1:colcon.colcon_core.package_identification:_identify(spade-autonomousmission/planner_spade/planner_ws/src/FUEL/fuel_planner) by extension 'ros'
[0.795s] Level 1:colcon.colcon_core.package_identification:_identify(spade-autonomousmission/planner_spade/planner_ws/src/FUEL/fuel_planner) by extensions ['cmake', 'python']
[0.795s] Level 1:colcon.colcon_core.package_identification:_identify(spade-autonomousmission/planner_spade/planner_ws/src/FUEL/fuel_planner) by extension 'cmake'
[0.795s] Level 1:colcon.colcon_core.package_identification:_identify(spade-autonomousmission/planner_spade/planner_ws/src/FUEL/fuel_planner) by extension 'python'
[0.795s] Level 1:colcon.colcon_core.package_identification:_identify(spade-autonomousmission/planner_spade/planner_ws/src/FUEL/fuel_planner) by extensions ['python_setup_py']
[0.795s] Level 1:colcon.colcon_core.package_identification:_identify(spade-autonomousmission/planner_spade/planner_ws/src/FUEL/fuel_planner) by extension 'python_setup_py'
[0.795s] Level 1:colcon.colcon_core.package_identification:_identify(spade-autonomousmission/planner_spade/planner_ws/src/FUEL/fuel_planner/active_perception) by extensions ['ignore', 'ignore_ament_install']
[0.795s] Level 1:colcon.colcon_core.package_identification:_identify(spade-autonomousmission/planner_spade/planner_ws/src/FUEL/fuel_planner/active_perception) by extension 'ignore'
[0.795s] Level 1:colcon.colcon_core.package_identification:_identify(spade-autonomousmission/planner_spade/planner_ws/src/FUEL/fuel_planner/active_perception) by extension 'ignore_ament_install'
[0.795s] Level 1:colcon.colcon_core.package_identification:_identify(spade-autonomousmission/planner_spade/planner_ws/src/FUEL/fuel_planner/active_perception) by extensions ['colcon_pkg']
[0.795s] Level 1:colcon.colcon_core.package_identification:_identify(spade-autonomousmission/planner_spade/planner_ws/src/FUEL/fuel_planner/active_perception) by extension 'colcon_pkg'
[0.795s] Level 1:colcon.colcon_core.package_identification:_identify(spade-autonomousmission/planner_spade/planner_ws/src/FUEL/fuel_planner/active_perception) by extensions ['colcon_meta']
[0.795s] Level 1:colcon.colcon_core.package_identification:_identify(spade-autonomousmission/planner_spade/planner_ws/src/FUEL/fuel_planner/active_perception) by extension 'colcon_meta'
[0.795s] Level 1:colcon.colcon_core.package_identification:_identify(spade-autonomousmission/planner_spade/planner_ws/src/FUEL/fuel_planner/active_perception) by extensions ['ros']
[0.795s] Level 1:colcon.colcon_core.package_identification:_identify(spade-autonomousmission/planner_spade/planner_ws/src/FUEL/fuel_planner/active_perception) by extension 'ros'
[0.796s] DEBUG:colcon.colcon_core.package_identification:Package 'spade-autonomousmission/planner_spade/planner_ws/src/FUEL/fuel_planner/active_perception' with type 'ros.ament_cmake' and name 'active_perception'
[0.797s] Level 1:colcon.colcon_core.package_identification:_identify(spade-autonomousmission/planner_spade/planner_ws/src/FUEL/fuel_planner/bag) by extensions ['ignore', 'ignore_ament_install']
[0.797s] Level 1:colcon.colcon_core.package_identification:_identify(spade-autonomousmission/planner_spade/planner_ws/src/FUEL/fuel_planner/bag) by extension 'ignore'
[0.797s] Level 1:colcon.colcon_core.package_identification:_identify(spade-autonomousmission/planner_spade/planner_ws/src/FUEL/fuel_planner/bag) by extension 'ignore_ament_install'
[0.797s] Level 1:colcon.colcon_core.package_identification:_identify(spade-autonomousmission/planner_spade/planner_ws/src/FUEL/fuel_planner/bag) by extensions ['colcon_pkg']
[0.797s] Level 1:colcon.colcon_core.package_identification:_identify(spade-autonomousmission/planner_spade/planner_ws/src/FUEL/fuel_planner/bag) by extension 'colcon_pkg'
[0.797s] Level 1:colcon.colcon_core.package_identification:_identify(spade-autonomousmission/planner_spade/planner_ws/src/FUEL/fuel_planner/bag) by extensions ['colcon_meta']
[0.797s] Level 1:colcon.colcon_core.package_identification:_identify(spade-autonomousmission/planner_spade/planner_ws/src/FUEL/fuel_planner/bag) by extension 'colcon_meta'
[0.797s] Level 1:colcon.colcon_core.package_identification:_identify(spade-autonomousmission/planner_spade/planner_ws/src/FUEL/fuel_planner/bag) by extensions ['ros']
[0.797s] Level 1:colcon.colcon_core.package_identification:_identify(spade-autonomousmission/planner_spade/planner_ws/src/FUEL/fuel_planner/bag) by extension 'ros'
[0.797s] Level 1:colcon.colcon_core.package_identification:_identify(spade-autonomousmission/planner_spade/planner_ws/src/FUEL/fuel_planner/bag) by extensions ['cmake', 'python']
[0.797s] Level 1:colcon.colcon_core.package_identification:_identify(spade-autonomousmission/planner_spade/planner_ws/src/FUEL/fuel_planner/bag) by extension 'cmake'
[0.797s] Level 1:colcon.colcon_core.package_identification:_identify(spade-autonomousmission/planner_spade/planner_ws/src/FUEL/fuel_planner/bag) by extension 'python'
[0.797s] Level 1:colcon.colcon_core.package_identification:_identify(spade-autonomousmission/planner_spade/planner_ws/src/FUEL/fuel_planner/bag) by extensions ['python_setup_py']
[0.797s] Level 1:colcon.colcon_core.package_identification:_identify(spade-autonomousmission/planner_spade/planner_ws/src/FUEL/fuel_planner/bag) by extension 'python_setup_py'
[0.797s] Level 1:colcon.colcon_core.package_identification:_identify(spade-autonomousmission/planner_spade/planner_ws/src/FUEL/fuel_planner/bspline) by extensions ['ignore', 'ignore_ament_install']
[0.797s] Level 1:colcon.colcon_core.package_identification:_identify(spade-autonomousmission/planner_spade/planner_ws/src/FUEL/fuel_planner/bspline) by extension 'ignore'
[0.797s] Level 1:colcon.colcon_core.package_identification:_identify(spade-autonomousmission/planner_spade/planner_ws/src/FUEL/fuel_planner/bspline) by extension 'ignore_ament_install'
[0.797s] Level 1:colcon.colcon_core.package_identification:_identify(spade-autonomousmission/planner_spade/planner_ws/src/FUEL/fuel_planner/bspline) by extensions ['colcon_pkg']
[0.797s] Level 1:colcon.colcon_core.package_identification:_identify(spade-autonomousmission/planner_spade/planner_ws/src/FUEL/fuel_planner/bspline) by extension 'colcon_pkg'
[0.797s] Level 1:colcon.colcon_core.package_identification:_identify(spade-autonomousmission/planner_spade/planner_ws/src/FUEL/fuel_planner/bspline) by extensions ['colcon_meta']
[0.797s] Level 1:colcon.colcon_core.package_identification:_identify(spade-autonomousmission/planner_spade/planner_ws/src/FUEL/fuel_planner/bspline) by extension 'colcon_meta'
[0.797s] Level 1:colcon.colcon_core.package_identification:_identify(spade-autonomousmission/planner_spade/planner_ws/src/FUEL/fuel_planner/bspline) by extensions ['ros']
[0.797s] Level 1:colcon.colcon_core.package_identification:_identify(spade-autonomousmission/planner_spade/planner_ws/src/FUEL/fuel_planner/bspline) by extension 'ros'
[0.798s] DEBUG:colcon.colcon_core.package_identification:Package 'spade-autonomousmission/planner_spade/planner_ws/src/FUEL/fuel_planner/bspline' with type 'ros.ament_cmake' and name 'bspline'
[0.799s] Level 1:colcon.colcon_core.package_identification:_identify(spade-autonomousmission/planner_spade/planner_ws/src/FUEL/fuel_planner/bspline_opt) by extensions ['ignore', 'ignore_ament_install']
[0.799s] Level 1:colcon.colcon_core.package_identification:_identify(spade-autonomousmission/planner_spade/planner_ws/src/FUEL/fuel_planner/bspline_opt) by extension 'ignore'
[0.799s] Level 1:colcon.colcon_core.package_identification:_identify(spade-autonomousmission/planner_spade/planner_ws/src/FUEL/fuel_planner/bspline_opt) by extension 'ignore_ament_install'
[0.799s] Level 1:colcon.colcon_core.package_identification:_identify(spade-autonomousmission/planner_spade/planner_ws/src/FUEL/fuel_planner/bspline_opt) by extensions ['colcon_pkg']
[0.799s] Level 1:colcon.colcon_core.package_identification:_identify(spade-autonomousmission/planner_spade/planner_ws/src/FUEL/fuel_planner/bspline_opt) by extension 'colcon_pkg'
[0.799s] Level 1:colcon.colcon_core.package_identification:_identify(spade-autonomousmission/planner_spade/planner_ws/src/FUEL/fuel_planner/bspline_opt) by extensions ['colcon_meta']
[0.799s] Level 1:colcon.colcon_core.package_identification:_identify(spade-autonomousmission/planner_spade/planner_ws/src/FUEL/fuel_planner/bspline_opt) by extension 'colcon_meta'
[0.799s] Level 1:colcon.colcon_core.package_identification:_identify(spade-autonomousmission/planner_spade/planner_ws/src/FUEL/fuel_planner/bspline_opt) by extensions ['ros']
[0.799s] Level 1:colcon.colcon_core.package_identification:_identify(spade-autonomousmission/planner_spade/planner_ws/src/FUEL/fuel_planner/bspline_opt) by extension 'ros'
[0.800s] DEBUG:colcon.colcon_core.package_identification:Package 'spade-autonomousmission/planner_spade/planner_ws/src/FUEL/fuel_planner/bspline_opt' with type 'ros.ament_cmake' and name 'bspline_opt'
[0.800s] Level 1:colcon.colcon_core.package_identification:_identify(spade-autonomousmission/planner_spade/planner_ws/src/FUEL/fuel_planner/exploration_manager) by extensions ['ignore', 'ignore_ament_install']
[0.800s] Level 1:colcon.colcon_core.package_identification:_identify(spade-autonomousmission/planner_spade/planner_ws/src/FUEL/fuel_planner/exploration_manager) by extension 'ignore'
[0.800s] Level 1:colcon.colcon_core.package_identification:_identify(spade-autonomousmission/planner_spade/planner_ws/src/FUEL/fuel_planner/exploration_manager) by extension 'ignore_ament_install'
[0.800s] Level 1:colcon.colcon_core.package_identification:_identify(spade-autonomousmission/planner_spade/planner_ws/src/FUEL/fuel_planner/exploration_manager) by extensions ['colcon_pkg']
[0.800s] Level 1:colcon.colcon_core.package_identification:_identify(spade-autonomousmission/planner_spade/planner_ws/src/FUEL/fuel_planner/exploration_manager) by extension 'colcon_pkg'
[0.800s] Level 1:colcon.colcon_core.package_identification:_identify(spade-autonomousmission/planner_spade/planner_ws/src/FUEL/fuel_planner/exploration_manager) by extensions ['colcon_meta']
[0.800s] Level 1:colcon.colcon_core.package_identification:_identify(spade-autonomousmission/planner_spade/planner_ws/src/FUEL/fuel_planner/exploration_manager) by extension 'colcon_meta'
[0.800s] Level 1:colcon.colcon_core.package_identification:_identify(spade-autonomousmission/planner_spade/planner_ws/src/FUEL/fuel_planner/exploration_manager) by extensions ['ros']
[0.800s] Level 1:colcon.colcon_core.package_identification:_identify(spade-autonomousmission/planner_spade/planner_ws/src/FUEL/fuel_planner/exploration_manager) by extension 'ros'
[0.801s] DEBUG:colcon.colcon_core.package_identification:Package 'spade-autonomousmission/planner_spade/planner_ws/src/FUEL/fuel_planner/exploration_manager' with type 'ros.ament_cmake' and name 'exploration_manager'
[0.802s] Level 1:colcon.colcon_core.package_identification:_identify(spade-autonomousmission/planner_spade/planner_ws/src/FUEL/fuel_planner/path_searching) by extensions ['ignore', 'ignore_ament_install']
[0.802s] Level 1:colcon.colcon_core.package_identification:_identify(spade-autonomousmission/planner_spade/planner_ws/src/FUEL/fuel_planner/path_searching) by extension 'ignore'
[0.802s] Level 1:colcon.colcon_core.package_identification:_identify(spade-autonomousmission/planner_spade/planner_ws/src/FUEL/fuel_planner/path_searching) by extension 'ignore_ament_install'
[0.802s] Level 1:colcon.colcon_core.package_identification:_identify(spade-autonomousmission/planner_spade/planner_ws/src/FUEL/fuel_planner/path_searching) by extensions ['colcon_pkg']
[0.802s] Level 1:colcon.colcon_core.package_identification:_identify(spade-autonomousmission/planner_spade/planner_ws/src/FUEL/fuel_planner/path_searching) by extension 'colcon_pkg'
[0.802s] Level 1:colcon.colcon_core.package_identification:_identify(spade-autonomousmission/planner_spade/planner_ws/src/FUEL/fuel_planner/path_searching) by extensions ['colcon_meta']
[0.802s] Level 1:colcon.colcon_core.package_identification:_identify(spade-autonomousmission/planner_spade/planner_ws/src/FUEL/fuel_planner/path_searching) by extension 'colcon_meta'
[0.802s] Level 1:colcon.colcon_core.package_identification:_identify(spade-autonomousmission/planner_spade/planner_ws/src/FUEL/fuel_planner/path_searching) by extensions ['ros']
[0.802s] Level 1:colcon.colcon_core.package_identification:_identify(spade-autonomousmission/planner_spade/planner_ws/src/FUEL/fuel_planner/path_searching) by extension 'ros'
[0.803s] DEBUG:colcon.colcon_core.package_identification:Package 'spade-autonomousmission/planner_spade/planner_ws/src/FUEL/fuel_planner/path_searching' with type 'ros.ament_cmake' and name 'path_searching'
[0.803s] Level 1:colcon.colcon_core.package_identification:_identify(spade-autonomousmission/planner_spade/planner_ws/src/FUEL/fuel_planner/plan_env) by extensions ['ignore', 'ignore_ament_install']
[0.803s] Level 1:colcon.colcon_core.package_identification:_identify(spade-autonomousmission/planner_spade/planner_ws/src/FUEL/fuel_planner/plan_env) by extension 'ignore'
[0.803s] Level 1:colcon.colcon_core.package_identification:_identify(spade-autonomousmission/planner_spade/planner_ws/src/FUEL/fuel_planner/plan_env) by extension 'ignore_ament_install'
[0.804s] Level 1:colcon.colcon_core.package_identification:_identify(spade-autonomousmission/planner_spade/planner_ws/src/FUEL/fuel_planner/plan_env) by extensions ['colcon_pkg']
[0.804s] Level 1:colcon.colcon_core.package_identification:_identify(spade-autonomousmission/planner_spade/planner_ws/src/FUEL/fuel_planner/plan_env) by extension 'colcon_pkg'
[0.804s] Level 1:colcon.colcon_core.package_identification:_identify(spade-autonomousmission/planner_spade/planner_ws/src/FUEL/fuel_planner/plan_env) by extensions ['colcon_meta']
[0.804s] Level 1:colcon.colcon_core.package_identification:_identify(spade-autonomousmission/planner_spade/planner_ws/src/FUEL/fuel_planner/plan_env) by extension 'colcon_meta'
[0.804s] Level 1:colcon.colcon_core.package_identification:_identify(spade-autonomousmission/planner_spade/planner_ws/src/FUEL/fuel_planner/plan_env) by extensions ['ros']
[0.804s] Level 1:colcon.colcon_core.package_identification:_identify(spade-autonomousmission/planner_spade/planner_ws/src/FUEL/fuel_planner/plan_env) by extension 'ros'
[0.804s] DEBUG:colcon.colcon_core.package_identification:Package 'spade-autonomousmission/planner_spade/planner_ws/src/FUEL/fuel_planner/plan_env' with type 'ros.ament_cmake' and name 'plan_env'
[0.805s] Level 1:colcon.colcon_core.package_identification:_identify(spade-autonomousmission/planner_spade/planner_ws/src/FUEL/fuel_planner/plan_manage) by extensions ['ignore', 'ignore_ament_install']
[0.805s] Level 1:colcon.colcon_core.package_identification:_identify(spade-autonomousmission/planner_spade/planner_ws/src/FUEL/fuel_planner/plan_manage) by extension 'ignore'
[0.805s] Level 1:colcon.colcon_core.package_identification:_identify(spade-autonomousmission/planner_spade/planner_ws/src/FUEL/fuel_planner/plan_manage) by extension 'ignore_ament_install'
[0.805s] Level 1:colcon.colcon_core.package_identification:_identify(spade-autonomousmission/planner_spade/planner_ws/src/FUEL/fuel_planner/plan_manage) by extensions ['colcon_pkg']
[0.805s] Level 1:colcon.colcon_core.package_identification:_identify(spade-autonomousmission/planner_spade/planner_ws/src/FUEL/fuel_planner/plan_manage) by extension 'colcon_pkg'
[0.805s] Level 1:colcon.colcon_core.package_identification:_identify(spade-autonomousmission/planner_spade/planner_ws/src/FUEL/fuel_planner/plan_manage) by extensions ['colcon_meta']
[0.805s] Level 1:colcon.colcon_core.package_identification:_identify(spade-autonomousmission/planner_spade/planner_ws/src/FUEL/fuel_planner/plan_manage) by extension 'colcon_meta'
[0.805s] Level 1:colcon.colcon_core.package_identification:_identify(spade-autonomousmission/planner_spade/planner_ws/src/FUEL/fuel_planner/plan_manage) by extensions ['ros']
[0.805s] Level 1:colcon.colcon_core.package_identification:_identify(spade-autonomousmission/planner_spade/planner_ws/src/FUEL/fuel_planner/plan_manage) by extension 'ros'
[0.806s] DEBUG:colcon.colcon_core.package_identification:Package 'spade-autonomousmission/planner_spade/planner_ws/src/FUEL/fuel_planner/plan_manage' with type 'ros.ament_cmake' and name 'plan_manage'
[0.806s] Level 1:colcon.colcon_core.package_identification:_identify(spade-autonomousmission/planner_spade/planner_ws/src/FUEL/fuel_planner/poly_traj) by extensions ['ignore', 'ignore_ament_install']
[0.806s] Level 1:colcon.colcon_core.package_identification:_identify(spade-autonomousmission/planner_spade/planner_ws/src/FUEL/fuel_planner/poly_traj) by extension 'ignore'
[0.806s] Level 1:colcon.colcon_core.package_identification:_identify(spade-autonomousmission/planner_spade/planner_ws/src/FUEL/fuel_planner/poly_traj) by extension 'ignore_ament_install'
[0.807s] Level 1:colcon.colcon_core.package_identification:_identify(spade-autonomousmission/planner_spade/planner_ws/src/FUEL/fuel_planner/poly_traj) by extensions ['colcon_pkg']
[0.807s] Level 1:colcon.colcon_core.package_identification:_identify(spade-autonomousmission/planner_spade/planner_ws/src/FUEL/fuel_planner/poly_traj) by extension 'colcon_pkg'
[0.807s] Level 1:colcon.colcon_core.package_identification:_identify(spade-autonomousmission/planner_spade/planner_ws/src/FUEL/fuel_planner/poly_traj) by extensions ['colcon_meta']
[0.807s] Level 1:colcon.colcon_core.package_identification:_identify(spade-autonomousmission/planner_spade/planner_ws/src/FUEL/fuel_planner/poly_traj) by extension 'colcon_meta'
[0.807s] Level 1:colcon.colcon_core.package_identification:_identify(spade-autonomousmission/planner_spade/planner_ws/src/FUEL/fuel_planner/poly_traj) by extensions ['ros']
[0.807s] Level 1:colcon.colcon_core.package_identification:_identify(spade-autonomousmission/planner_spade/planner_ws/src/FUEL/fuel_planner/poly_traj) by extension 'ros'
[0.807s] DEBUG:colcon.colcon_core.package_identification:Package 'spade-autonomousmission/planner_spade/planner_ws/src/FUEL/fuel_planner/poly_traj' with type 'ros.ament_cmake' and name 'poly_traj'
[0.808s] Level 1:colcon.colcon_core.package_identification:_identify(spade-autonomousmission/planner_spade/planner_ws/src/FUEL/fuel_planner/traj_utils) by extensions ['ignore', 'ignore_ament_install']
[0.808s] Level 1:colcon.colcon_core.package_identification:_identify(spade-autonomousmission/planner_spade/planner_ws/src/FUEL/fuel_planner/traj_utils) by extension 'ignore'
[0.808s] Level 1:colcon.colcon_core.package_identification:_identify(spade-autonomousmission/planner_spade/planner_ws/src/FUEL/fuel_planner/traj_utils) by extension 'ignore_ament_install'
[0.808s] Level 1:colcon.colcon_core.package_identification:_identify(spade-autonomousmission/planner_spade/planner_ws/src/FUEL/fuel_planner/traj_utils) by extensions ['colcon_pkg']
[0.808s] Level 1:colcon.colcon_core.package_identification:_identify(spade-autonomousmission/planner_spade/planner_ws/src/FUEL/fuel_planner/traj_utils) by extension 'colcon_pkg'
[0.808s] Level 1:colcon.colcon_core.package_identification:_identify(spade-autonomousmission/planner_spade/planner_ws/src/FUEL/fuel_planner/traj_utils) by extensions ['colcon_meta']
[0.808s] Level 1:colcon.colcon_core.package_identification:_identify(spade-autonomousmission/planner_spade/planner_ws/src/FUEL/fuel_planner/traj_utils) by extension 'colcon_meta'
[0.808s] Level 1:colcon.colcon_core.package_identification:_identify(spade-autonomousmission/planner_spade/planner_ws/src/FUEL/fuel_planner/traj_utils) by extensions ['ros']
[0.808s] Level 1:colcon.colcon_core.package_identification:_identify(spade-autonomousmission/planner_spade/planner_ws/src/FUEL/fuel_planner/traj_utils) by extension 'ros'
[0.809s] DEBUG:colcon.colcon_core.package_identification:Package 'spade-autonomousmission/planner_spade/planner_ws/src/FUEL/fuel_planner/traj_utils' with type 'ros.catkin' and name 'traj_utils'
[0.810s] Level 1:colcon.colcon_core.package_identification:_identify(spade-autonomousmission/planner_spade/planner_ws/src/FUEL/fuel_planner/utils) by extensions ['ignore', 'ignore_ament_install']
[0.810s] Level 1:colcon.colcon_core.package_identification:_identify(spade-autonomousmission/planner_spade/planner_ws/src/FUEL/fuel_planner/utils) by extension 'ignore'
[0.810s] Level 1:colcon.colcon_core.package_identification:_identify(spade-autonomousmission/planner_spade/planner_ws/src/FUEL/fuel_planner/utils) by extension 'ignore_ament_install'
[0.810s] Level 1:colcon.colcon_core.package_identification:_identify(spade-autonomousmission/planner_spade/planner_ws/src/FUEL/fuel_planner/utils) by extensions ['colcon_pkg']
[0.810s] Level 1:colcon.colcon_core.package_identification:_identify(spade-autonomousmission/planner_spade/planner_ws/src/FUEL/fuel_planner/utils) by extension 'colcon_pkg'
[0.810s] Level 1:colcon.colcon_core.package_identification:_identify(spade-autonomousmission/planner_spade/planner_ws/src/FUEL/fuel_planner/utils) by extensions ['colcon_meta']
[0.810s] Level 1:colcon.colcon_core.package_identification:_identify(spade-autonomousmission/planner_spade/planner_ws/src/FUEL/fuel_planner/utils) by extension 'colcon_meta'
[0.810s] Level 1:colcon.colcon_core.package_identification:_identify(spade-autonomousmission/planner_spade/planner_ws/src/FUEL/fuel_planner/utils) by extensions ['ros']
[0.810s] Level 1:colcon.colcon_core.package_identification:_identify(spade-autonomousmission/planner_spade/planner_ws/src/FUEL/fuel_planner/utils) by extension 'ros'
[0.810s] Level 1:colcon.colcon_core.package_identification:_identify(spade-autonomousmission/planner_spade/planner_ws/src/FUEL/fuel_planner/utils) by extensions ['cmake', 'python']
[0.810s] Level 1:colcon.colcon_core.package_identification:_identify(spade-autonomousmission/planner_spade/planner_ws/src/FUEL/fuel_planner/utils) by extension 'cmake'
[0.810s] Level 1:colcon.colcon_core.package_identification:_identify(spade-autonomousmission/planner_spade/planner_ws/src/FUEL/fuel_planner/utils) by extension 'python'
[0.810s] Level 1:colcon.colcon_core.package_identification:_identify(spade-autonomousmission/planner_spade/planner_ws/src/FUEL/fuel_planner/utils) by extensions ['python_setup_py']
[0.810s] Level 1:colcon.colcon_core.package_identification:_identify(spade-autonomousmission/planner_spade/planner_ws/src/FUEL/fuel_planner/utils) by extension 'python_setup_py'
[0.810s] Level 1:colcon.colcon_core.package_identification:_identify(spade-autonomousmission/planner_spade/planner_ws/src/FUEL/fuel_planner/utils/backward) by extensions ['ignore', 'ignore_ament_install']
[0.810s] Level 1:colcon.colcon_core.package_identification:_identify(spade-autonomousmission/planner_spade/planner_ws/src/FUEL/fuel_planner/utils/backward) by extension 'ignore'
[0.810s] Level 1:colcon.colcon_core.package_identification:_identify(spade-autonomousmission/planner_spade/planner_ws/src/FUEL/fuel_planner/utils/backward) by extension 'ignore_ament_install'
[0.810s] Level 1:colcon.colcon_core.package_identification:_identify(spade-autonomousmission/planner_spade/planner_ws/src/FUEL/fuel_planner/utils/backward) by extensions ['colcon_pkg']
[0.810s] Level 1:colcon.colcon_core.package_identification:_identify(spade-autonomousmission/planner_spade/planner_ws/src/FUEL/fuel_planner/utils/backward) by extension 'colcon_pkg'
[0.810s] Level 1:colcon.colcon_core.package_identification:_identify(spade-autonomousmission/planner_spade/planner_ws/src/FUEL/fuel_planner/utils/backward) by extensions ['colcon_meta']
[0.810s] Level 1:colcon.colcon_core.package_identification:_identify(spade-autonomousmission/planner_spade/planner_ws/src/FUEL/fuel_planner/utils/backward) by extension 'colcon_meta'
[0.811s] Level 1:colcon.colcon_core.package_identification:_identify(spade-autonomousmission/planner_spade/planner_ws/src/FUEL/fuel_planner/utils/backward) by extensions ['ros']
[0.811s] Level 1:colcon.colcon_core.package_identification:_identify(spade-autonomousmission/planner_spade/planner_ws/src/FUEL/fuel_planner/utils/backward) by extension 'ros'
[0.811s] Level 1:colcon.colcon_core.package_identification:_identify(spade-autonomousmission/planner_spade/planner_ws/src/FUEL/fuel_planner/utils/backward) by extensions ['cmake', 'python']
[0.811s] Level 1:colcon.colcon_core.package_identification:_identify(spade-autonomousmission/planner_spade/planner_ws/src/FUEL/fuel_planner/utils/backward) by extension 'cmake'
[0.811s] Level 1:colcon.colcon_core.package_identification:_identify(spade-autonomousmission/planner_spade/planner_ws/src/FUEL/fuel_planner/utils/backward) by extension 'python'
[0.811s] Level 1:colcon.colcon_core.package_identification:_identify(spade-autonomousmission/planner_spade/planner_ws/src/FUEL/fuel_planner/utils/backward) by extensions ['python_setup_py']
[0.811s] Level 1:colcon.colcon_core.package_identification:_identify(spade-autonomousmission/planner_spade/planner_ws/src/FUEL/fuel_planner/utils/backward) by extension 'python_setup_py'
[0.811s] Level 1:colcon.colcon_core.package_identification:_identify(spade-autonomousmission/planner_spade/planner_ws/src/FUEL/fuel_planner/utils/lkh_tsp_solver) by extensions ['ignore', 'ignore_ament_install']
[0.811s] Level 1:colcon.colcon_core.package_identification:_identify(spade-autonomousmission/planner_spade/planner_ws/src/FUEL/fuel_planner/utils/lkh_tsp_solver) by extension 'ignore'
[0.811s] Level 1:colcon.colcon_core.package_identification:_identify(spade-autonomousmission/planner_spade/planner_ws/src/FUEL/fuel_planner/utils/lkh_tsp_solver) by extension 'ignore_ament_install'
[0.811s] Level 1:colcon.colcon_core.package_identification:_identify(spade-autonomousmission/planner_spade/planner_ws/src/FUEL/fuel_planner/utils/lkh_tsp_solver) by extensions ['colcon_pkg']
[0.811s] Level 1:colcon.colcon_core.package_identification:_identify(spade-autonomousmission/planner_spade/planner_ws/src/FUEL/fuel_planner/utils/lkh_tsp_solver) by extension 'colcon_pkg'
[0.811s] Level 1:colcon.colcon_core.package_identification:_identify(spade-autonomousmission/planner_spade/planner_ws/src/FUEL/fuel_planner/utils/lkh_tsp_solver) by extensions ['colcon_meta']
[0.811s] Level 1:colcon.colcon_core.package_identification:_identify(spade-autonomousmission/planner_spade/planner_ws/src/FUEL/fuel_planner/utils/lkh_tsp_solver) by extension 'colcon_meta'
[0.811s] Level 1:colcon.colcon_core.package_identification:_identify(spade-autonomousmission/planner_spade/planner_ws/src/FUEL/fuel_planner/utils/lkh_tsp_solver) by extensions ['ros']
[0.811s] Level 1:colcon.colcon_core.package_identification:_identify(spade-autonomousmission/planner_spade/planner_ws/src/FUEL/fuel_planner/utils/lkh_tsp_solver) by extension 'ros'
[0.812s] DEBUG:colcon.colcon_core.package_identification:Package 'spade-autonomousmission/planner_spade/planner_ws/src/FUEL/fuel_planner/utils/lkh_tsp_solver' with type 'ros.ament_cmake' and name 'lkh_tsp_solver'
[0.812s] Level 1:colcon.colcon_core.package_identification:_identify(spade-autonomousmission/planner_spade/planner_ws/src/nlopt) by extensions ['ignore', 'ignore_ament_install']
[0.812s] Level 1:colcon.colcon_core.package_identification:_identify(spade-autonomousmission/planner_spade/planner_ws/src/nlopt) by extension 'ignore'
[0.812s] Level 1:colcon.colcon_core.package_identification:_identify(spade-autonomousmission/planner_spade/planner_ws/src/nlopt) by extension 'ignore_ament_install'
[0.812s] Level 1:colcon.colcon_core.package_identification:_identify(spade-autonomousmission/planner_spade/planner_ws/src/nlopt) by extensions ['colcon_pkg']
[0.812s] Level 1:colcon.colcon_core.package_identification:_identify(spade-autonomousmission/planner_spade/planner_ws/src/nlopt) by extension 'colcon_pkg'
[0.812s] Level 1:colcon.colcon_core.package_identification:_identify(spade-autonomousmission/planner_spade/planner_ws/src/nlopt) by extensions ['colcon_meta']
[0.812s] Level 1:colcon.colcon_core.package_identification:_identify(spade-autonomousmission/planner_spade/planner_ws/src/nlopt) by extension 'colcon_meta'
[0.812s] Level 1:colcon.colcon_core.package_identification:_identify(spade-autonomousmission/planner_spade/planner_ws/src/nlopt) by extensions ['ros']
[0.812s] Level 1:colcon.colcon_core.package_identification:_identify(spade-autonomousmission/planner_spade/planner_ws/src/nlopt) by extension 'ros'
[0.812s] Level 1:colcon.colcon_core.package_identification:_identify(spade-autonomousmission/planner_spade/planner_ws/src/nlopt) by extensions ['cmake', 'python']
[0.812s] Level 1:colcon.colcon_core.package_identification:_identify(spade-autonomousmission/planner_spade/planner_ws/src/nlopt) by extension 'cmake'
[0.818s] Level 1:colcon.colcon_core.package_identification:_identify(spade-autonomousmission/planner_spade/planner_ws/src/nlopt) by extension 'python'
[0.818s] DEBUG:colcon.colcon_core.package_identification:Package 'spade-autonomousmission/planner_spade/planner_ws/src/nlopt' with type 'cmake' and name 'nlopt'
[0.818s] Level 1:colcon.colcon_core.package_identification:_identify(spade-autonomousmission/state_machine_spade) by extensions ['ignore', 'ignore_ament_install']
[0.818s] Level 1:colcon.colcon_core.package_identification:_identify(spade-autonomousmission/state_machine_spade) by extension 'ignore'
[0.818s] Level 1:colcon.colcon_core.package_identification:_identify(spade-autonomousmission/state_machine_spade) by extension 'ignore_ament_install'
[0.818s] Level 1:colcon.colcon_core.package_identification:_identify(spade-autonomousmission/state_machine_spade) by extensions ['colcon_pkg']
[0.818s] Level 1:colcon.colcon_core.package_identification:_identify(spade-autonomousmission/state_machine_spade) by extension 'colcon_pkg'
[0.818s] Level 1:colcon.colcon_core.package_identification:_identify(spade-autonomousmission/state_machine_spade) by extensions ['colcon_meta']
[0.818s] Level 1:colcon.colcon_core.package_identification:_identify(spade-autonomousmission/state_machine_spade) by extension 'colcon_meta'
[0.818s] Level 1:colcon.colcon_core.package_identification:_identify(spade-autonomousmission/state_machine_spade) by extensions ['ros']
[0.818s] Level 1:colcon.colcon_core.package_identification:_identify(spade-autonomousmission/state_machine_spade) by extension 'ros'
[0.818s] Level 1:colcon.colcon_core.package_identification:_identify(spade-autonomousmission/state_machine_spade) by extensions ['cmake', 'python']
[0.818s] Level 1:colcon.colcon_core.package_identification:_identify(spade-autonomousmission/state_machine_spade) by extension 'cmake'
[0.818s] Level 1:colcon.colcon_core.package_identification:_identify(spade-autonomousmission/state_machine_spade) by extension 'python'
[0.818s] Level 1:colcon.colcon_core.package_identification:_identify(spade-autonomousmission/state_machine_spade) by extensions ['python_setup_py']
[0.819s] Level 1:colcon.colcon_core.package_identification:_identify(spade-autonomousmission/state_machine_spade) by extension 'python_setup_py'
[0.819s] Level 1:colcon.colcon_core.package_identification:_identify(spade-autonomousmission/state_machine_spade/state_machine_ws) by extensions ['ignore', 'ignore_ament_install']
[0.819s] Level 1:colcon.colcon_core.package_identification:_identify(spade-autonomousmission/state_machine_spade/state_machine_ws) by extension 'ignore'
[0.819s] Level 1:colcon.colcon_core.package_identification:_identify(spade-autonomousmission/state_machine_spade/state_machine_ws) by extension 'ignore_ament_install'
[0.819s] Level 1:colcon.colcon_core.package_identification:_identify(spade-autonomousmission/state_machine_spade/state_machine_ws) by extensions ['colcon_pkg']
[0.819s] Level 1:colcon.colcon_core.package_identification:_identify(spade-autonomousmission/state_machine_spade/state_machine_ws) by extension 'colcon_pkg'
[0.819s] Level 1:colcon.colcon_core.package_identification:_identify(spade-autonomousmission/state_machine_spade/state_machine_ws) by extensions ['colcon_meta']
[0.819s] Level 1:colcon.colcon_core.package_identification:_identify(spade-autonomousmission/state_machine_spade/state_machine_ws) by extension 'colcon_meta'
[0.819s] Level 1:colcon.colcon_core.package_identification:_identify(spade-autonomousmission/state_machine_spade/state_machine_ws) by extensions ['ros']
[0.819s] Level 1:colcon.colcon_core.package_identification:_identify(spade-autonomousmission/state_machine_spade/state_machine_ws) by extension 'ros'
[0.819s] Level 1:colcon.colcon_core.package_identification:_identify(spade-autonomousmission/state_machine_spade/state_machine_ws) by extensions ['cmake', 'python']
[0.819s] Level 1:colcon.colcon_core.package_identification:_identify(spade-autonomousmission/state_machine_spade/state_machine_ws) by extension 'cmake'
[0.819s] Level 1:colcon.colcon_core.package_identification:_identify(spade-autonomousmission/state_machine_spade/state_machine_ws) by extension 'python'
[0.819s] Level 1:colcon.colcon_core.package_identification:_identify(spade-autonomousmission/state_machine_spade/state_machine_ws) by extensions ['python_setup_py']
[0.819s] Level 1:colcon.colcon_core.package_identification:_identify(spade-autonomousmission/state_machine_spade/state_machine_ws) by extension 'python_setup_py'
[0.819s] Level 1:colcon.colcon_core.package_identification:_identify(spade-autonomousmission/state_machine_spade/state_machine_ws/src) by extensions ['ignore', 'ignore_ament_install']
[0.819s] Level 1:colcon.colcon_core.package_identification:_identify(spade-autonomousmission/state_machine_spade/state_machine_ws/src) by extension 'ignore'
[0.819s] Level 1:colcon.colcon_core.package_identification:_identify(spade-autonomousmission/state_machine_spade/state_machine_ws/src) by extension 'ignore_ament_install'
[0.819s] Level 1:colcon.colcon_core.package_identification:_identify(spade-autonomousmission/state_machine_spade/state_machine_ws/src) by extensions ['colcon_pkg']
[0.819s] Level 1:colcon.colcon_core.package_identification:_identify(spade-autonomousmission/state_machine_spade/state_machine_ws/src) by extension 'colcon_pkg'
[0.819s] Level 1:colcon.colcon_core.package_identification:_identify(spade-autonomousmission/state_machine_spade/state_machine_ws/src) by extensions ['colcon_meta']
[0.820s] Level 1:colcon.colcon_core.package_identification:_identify(spade-autonomousmission/state_machine_spade/state_machine_ws/src) by extension 'colcon_meta'
[0.820s] Level 1:colcon.colcon_core.package_identification:_identify(spade-autonomousmission/state_machine_spade/state_machine_ws/src) by extensions ['ros']
[0.820s] Level 1:colcon.colcon_core.package_identification:_identify(spade-autonomousmission/state_machine_spade/state_machine_ws/src) by extension 'ros'
[0.820s] Level 1:colcon.colcon_core.package_identification:_identify(spade-autonomousmission/state_machine_spade/state_machine_ws/src) by extensions ['cmake', 'python']
[0.820s] Level 1:colcon.colcon_core.package_identification:_identify(spade-autonomousmission/state_machine_spade/state_machine_ws/src) by extension 'cmake'
[0.820s] Level 1:colcon.colcon_core.package_identification:_identify(spade-autonomousmission/state_machine_spade/state_machine_ws/src) by extension 'python'
[0.820s] Level 1:colcon.colcon_core.package_identification:_identify(spade-autonomousmission/state_machine_spade/state_machine_ws/src) by extensions ['python_setup_py']
[0.820s] Level 1:colcon.colcon_core.package_identification:_identify(spade-autonomousmission/state_machine_spade/state_machine_ws/src) by extension 'python_setup_py'
[0.820s] Level 1:colcon.colcon_core.package_identification:_identify(spade-autonomousmission/state_machine_spade/state_machine_ws/src/state_machine) by extensions ['ignore', 'ignore_ament_install']
[0.820s] Level 1:colcon.colcon_core.package_identification:_identify(spade-autonomousmission/state_machine_spade/state_machine_ws/src/state_machine) by extension 'ignore'
[0.820s] Level 1:colcon.colcon_core.package_identification:_identify(spade-autonomousmission/state_machine_spade/state_machine_ws/src/state_machine) by extension 'ignore_ament_install'
[0.820s] Level 1:colcon.colcon_core.package_identification:_identify(spade-autonomousmission/state_machine_spade/state_machine_ws/src/state_machine) by extensions ['colcon_pkg']
[0.820s] Level 1:colcon.colcon_core.package_identification:_identify(spade-autonomousmission/state_machine_spade/state_machine_ws/src/state_machine) by extension 'colcon_pkg'
[0.820s] Level 1:colcon.colcon_core.package_identification:_identify(spade-autonomousmission/state_machine_spade/state_machine_ws/src/state_machine) by extensions ['colcon_meta']
[0.820s] Level 1:colcon.colcon_core.package_identification:_identify(spade-autonomousmission/state_machine_spade/state_machine_ws/src/state_machine) by extension 'colcon_meta'
[0.820s] Level 1:colcon.colcon_core.package_identification:_identify(spade-autonomousmission/state_machine_spade/state_machine_ws/src/state_machine) by extensions ['ros']
[0.820s] Level 1:colcon.colcon_core.package_identification:_identify(spade-autonomousmission/state_machine_spade/state_machine_ws/src/state_machine) by extension 'ros'
[0.821s] DEBUG:colcon.colcon_core.package_identification:Package 'spade-autonomousmission/state_machine_spade/state_machine_ws/src/state_machine' with type 'ros.ament_cmake' and name 'state_machine'
[0.821s] Level 1:colcon.colcon_core.package_identification:_identify(src) by extensions ['ignore', 'ignore_ament_install']
[0.821s] Level 1:colcon.colcon_core.package_identification:_identify(src) by extension 'ignore'
[0.822s] Level 1:colcon.colcon_core.package_identification:_identify(src) by extension 'ignore_ament_install'
[0.822s] Level 1:colcon.colcon_core.package_identification:_identify(src) by extensions ['colcon_pkg']
[0.822s] Level 1:colcon.colcon_core.package_identification:_identify(src) by extension 'colcon_pkg'
[0.822s] Level 1:colcon.colcon_core.package_identification:_identify(src) by extensions ['colcon_meta']
[0.822s] Level 1:colcon.colcon_core.package_identification:_identify(src) by extension 'colcon_meta'
[0.822s] Level 1:colcon.colcon_core.package_identification:_identify(src) by extensions ['ros']
[0.822s] Level 1:colcon.colcon_core.package_identification:_identify(src) by extension 'ros'
[0.822s] Level 1:colcon.colcon_core.package_identification:_identify(src) by extensions ['cmake', 'python']
[0.822s] Level 1:colcon.colcon_core.package_identification:_identify(src) by extension 'cmake'
[0.822s] Level 1:colcon.colcon_core.package_identification:_identify(src) by extension 'python'
[0.822s] Level 1:colcon.colcon_core.package_identification:_identify(src) by extensions ['python_setup_py']
[0.822s] Level 1:colcon.colcon_core.package_identification:_identify(src) by extension 'python_setup_py'
[0.822s] Level 1:colcon.colcon_core.package_identification:_identify(src/px4_msgs) by extensions ['ignore', 'ignore_ament_install']
[0.822s] Level 1:colcon.colcon_core.package_identification:_identify(src/px4_msgs) by extension 'ignore'
[0.822s] Level 1:colcon.colcon_core.package_identification:_identify(src/px4_msgs) by extension 'ignore_ament_install'
[0.822s] Level 1:colcon.colcon_core.package_identification:_identify(src/px4_msgs) by extensions ['colcon_pkg']
[0.822s] Level 1:colcon.colcon_core.package_identification:_identify(src/px4_msgs) by extension 'colcon_pkg'
[0.822s] Level 1:colcon.colcon_core.package_identification:_identify(src/px4_msgs) by extensions ['colcon_meta']
[0.822s] Level 1:colcon.colcon_core.package_identification:_identify(src/px4_msgs) by extension 'colcon_meta'
[0.822s] Level 1:colcon.colcon_core.package_identification:_identify(src/px4_msgs) by extensions ['ros']
[0.822s] Level 1:colcon.colcon_core.package_identification:_identify(src/px4_msgs) by extension 'ros'
[0.823s] DEBUG:colcon.colcon_core.package_identification:Package 'src/px4_msgs' with type 'ros.ament_cmake' and name 'px4_msgs'
[0.823s] Level 1:colcon.colcon_core.package_identification:_identify(src/px4_ros_com) by extensions ['ignore', 'ignore_ament_install']
[0.823s] Level 1:colcon.colcon_core.package_identification:_identify(src/px4_ros_com) by extension 'ignore'
[0.823s] Level 1:colcon.colcon_core.package_identification:_identify(src/px4_ros_com) by extension 'ignore_ament_install'
[0.823s] Level 1:colcon.colcon_core.package_identification:_identify(src/px4_ros_com) by extensions ['colcon_pkg']
[0.823s] Level 1:colcon.colcon_core.package_identification:_identify(src/px4_ros_com) by extension 'colcon_pkg'
[0.823s] Level 1:colcon.colcon_core.package_identification:_identify(src/px4_ros_com) by extensions ['colcon_meta']
[0.823s] Level 1:colcon.colcon_core.package_identification:_identify(src/px4_ros_com) by extension 'colcon_meta'
[0.823s] Level 1:colcon.colcon_core.package_identification:_identify(src/px4_ros_com) by extensions ['ros']
[0.823s] Level 1:colcon.colcon_core.package_identification:_identify(src/px4_ros_com) by extension 'ros'
[0.824s] DEBUG:colcon.colcon_core.package_identification:Package 'src/px4_ros_com' with type 'ros.ament_cmake' and name 'px4_ros_com'
[0.824s] Level 1:colcon.colcon_core.package_discovery:discover_packages(recursive) using defaults
[0.824s] Level 1:colcon.colcon_core.package_discovery:discover_packages(ignore) discover
[0.824s] Level 1:colcon.colcon_core.package_discovery:discover_packages(ignore) using defaults
[0.824s] Level 1:colcon.colcon_core.package_discovery:discover_packages(path) discover
[0.824s] Level 1:colcon.colcon_core.package_discovery:discover_packages(path) using defaults
[0.853s] Level 1:colcon.colcon_core.package_discovery:discover_packages(prefix_path) check parameters
[0.853s] Level 1:colcon.colcon_core.package_discovery:discover_packages(prefix_path) discover
[0.857s] DEBUG:colcon.colcon_installed_package_information.package_discovery:Found 274 installed packages in /opt/ros/humble
[0.858s] Level 1:colcon.colcon_core.package_discovery:discover_packages(prefix_path) using defaults
[0.914s] ERROR:colcon:colcon build: Duplicate package names not supported:
- libmavconn:
  - mavros/libmavconn
  - spade-autonomousmission/communication_spade/mavros/libmavconn
- mavros:
  - mavros/mavros
  - spade-autonomousmission/communication_spade/mavros/mavros
- mavros_extras:
  - mavros/mavros_extras
  - spade-autonomousmission/communication_spade/mavros/mavros_extras
- mavros_msgs:
  - mavros/mavros_msgs
  - spade-autonomousmission/communication_spade/mavros/mavros_msgs
