[0.089s] DEBUG:colcon:Command line arguments: ['/usr/bin/colcon', 'build']
[0.090s] DEBUG:colcon:Parsed command line arguments: Namespace(log_base=None, log_level=None, verb_name='build', build_base='build', install_base='install', merge_install=False, symlink_install=False, test_result_base=None, continue_on_error=False, executor='parallel', parallel_workers=12, event_handlers=None, ignore_user_meta=False, metas=['./colcon.meta'], base_paths=['.'], packages_ignore=None, packages_ignore_regex=None, paths=None, packages_up_to=None, packages_up_to_regex=None, packages_above=None, packages_above_and_dependencies=None, packages_above_depth=None, packages_select_by_dep=None, packages_skip_by_dep=None, packages_skip_up_to=None, packages_select_build_failed=False, packages_skip_build_finished=False, packages_select_test_failures=False, packages_skip_test_passed=False, packages_select=None, packages_skip=None, packages_select_regex=None, packages_skip_regex=None, packages_start=None, packages_end=None, allow_overriding=[], cmake_args=None, cmake_target=None, cmake_target_skip_unavailable=False, cmake_clean_cache=False, cmake_clean_first=False, cmake_force_configure=False, ament_cmake_args=None, catkin_cmake_args=None, catkin_skip_building_tests=False, mixin_files=None, mixin=None, verb_parser=<colcon_mixin.mixin.mixin_argument.MixinArgumentDecorator object at 0x7a3718c4a530>, verb_extension=<colcon_core.verb.build.BuildVerb object at 0x7a3718c4a080>, main=<bound method BuildVerb.main of <colcon_core.verb.build.BuildVerb object at 0x7a3718c4a080>>, mixin_verb=('build',))
[0.184s] Level 1:colcon.colcon_core.package_discovery:discover_packages(colcon_meta) check parameters
[0.184s] Level 1:colcon.colcon_core.package_discovery:discover_packages(recursive) check parameters
[0.184s] Level 1:colcon.colcon_core.package_discovery:discover_packages(ignore) check parameters
[0.184s] Level 1:colcon.colcon_core.package_discovery:discover_packages(path) check parameters
[0.184s] Level 1:colcon.colcon_core.package_discovery:discover_packages(colcon_meta) discover
[0.185s] Level 1:colcon.colcon_core.package_discovery:discover_packages(recursive) discover
[0.185s] INFO:colcon.colcon_core.package_discovery:Crawling recursively for packages in '/home/naster/Path_Planning'
[0.185s] Level 1:colcon.colcon_core.package_identification:_identify(.) by extensions ['ignore', 'ignore_ament_install']
[0.185s] Level 1:colcon.colcon_core.package_identification:_identify(.) by extension 'ignore'
[0.185s] Level 1:colcon.colcon_core.package_identification:_identify(.) by extension 'ignore_ament_install'
[0.185s] Level 1:colcon.colcon_core.package_identification:_identify(.) by extensions ['colcon_pkg']
[0.185s] Level 1:colcon.colcon_core.package_identification:_identify(.) by extension 'colcon_pkg'
[0.185s] Level 1:colcon.colcon_core.package_identification:_identify(.) by extensions ['colcon_meta']
[0.185s] Level 1:colcon.colcon_core.package_identification:_identify(.) by extension 'colcon_meta'
[0.185s] Level 1:colcon.colcon_core.package_identification:_identify(.) by extensions ['ros']
[0.185s] Level 1:colcon.colcon_core.package_identification:_identify(.) by extension 'ros'
[0.191s] Level 1:colcon.colcon_core.package_identification:_identify(.) by extensions ['cmake', 'python']
[0.191s] Level 1:colcon.colcon_core.package_identification:_identify(.) by extension 'cmake'
[0.191s] Level 1:colcon.colcon_core.package_identification:_identify(.) by extension 'python'
[0.191s] Level 1:colcon.colcon_core.package_identification:_identify(.) by extensions ['python_setup_py']
[0.191s] Level 1:colcon.colcon_core.package_identification:_identify(.) by extension 'python_setup_py'
[0.191s] Level 1:colcon.colcon_core.package_identification:_identify(build) by extensions ['ignore', 'ignore_ament_install']
[0.192s] Level 1:colcon.colcon_core.package_identification:_identify(build) by extension 'ignore'
[0.192s] Level 1:colcon.colcon_core.package_identification:_identify(build) ignored
[0.192s] Level 1:colcon.colcon_core.package_identification:_identify(dev_spade) by extensions ['ignore', 'ignore_ament_install']
[0.192s] Level 1:colcon.colcon_core.package_identification:_identify(dev_spade) by extension 'ignore'
[0.192s] Level 1:colcon.colcon_core.package_identification:_identify(dev_spade) by extension 'ignore_ament_install'
[0.192s] Level 1:colcon.colcon_core.package_identification:_identify(dev_spade) by extensions ['colcon_pkg']
[0.192s] Level 1:colcon.colcon_core.package_identification:_identify(dev_spade) by extension 'colcon_pkg'
[0.192s] Level 1:colcon.colcon_core.package_identification:_identify(dev_spade) by extensions ['colcon_meta']
[0.192s] Level 1:colcon.colcon_core.package_identification:_identify(dev_spade) by extension 'colcon_meta'
[0.192s] Level 1:colcon.colcon_core.package_identification:_identify(dev_spade) by extensions ['ros']
[0.192s] Level 1:colcon.colcon_core.package_identification:_identify(dev_spade) by extension 'ros'
[0.192s] Level 1:colcon.colcon_core.package_identification:_identify(dev_spade) by extensions ['cmake', 'python']
[0.192s] Level 1:colcon.colcon_core.package_identification:_identify(dev_spade) by extension 'cmake'
[0.192s] Level 1:colcon.colcon_core.package_identification:_identify(dev_spade) by extension 'python'
[0.192s] Level 1:colcon.colcon_core.package_identification:_identify(dev_spade) by extensions ['python_setup_py']
[0.192s] Level 1:colcon.colcon_core.package_identification:_identify(dev_spade) by extension 'python_setup_py'
[0.192s] Level 1:colcon.colcon_core.package_identification:_identify(dev_spade/bin) by extensions ['ignore', 'ignore_ament_install']
[0.192s] Level 1:colcon.colcon_core.package_identification:_identify(dev_spade/bin) by extension 'ignore'
[0.192s] Level 1:colcon.colcon_core.package_identification:_identify(dev_spade/bin) by extension 'ignore_ament_install'
[0.192s] Level 1:colcon.colcon_core.package_identification:_identify(dev_spade/bin) by extensions ['colcon_pkg']
[0.192s] Level 1:colcon.colcon_core.package_identification:_identify(dev_spade/bin) by extension 'colcon_pkg'
[0.192s] Level 1:colcon.colcon_core.package_identification:_identify(dev_spade/bin) by extensions ['colcon_meta']
[0.192s] Level 1:colcon.colcon_core.package_identification:_identify(dev_spade/bin) by extension 'colcon_meta'
[0.192s] Level 1:colcon.colcon_core.package_identification:_identify(dev_spade/bin) by extensions ['ros']
[0.192s] Level 1:colcon.colcon_core.package_identification:_identify(dev_spade/bin) by extension 'ros'
[0.192s] Level 1:colcon.colcon_core.package_identification:_identify(dev_spade/bin) by extensions ['cmake', 'python']
[0.192s] Level 1:colcon.colcon_core.package_identification:_identify(dev_spade/bin) by extension 'cmake'
[0.192s] Level 1:colcon.colcon_core.package_identification:_identify(dev_spade/bin) by extension 'python'
[0.192s] Level 1:colcon.colcon_core.package_identification:_identify(dev_spade/bin) by extensions ['python_setup_py']
[0.192s] Level 1:colcon.colcon_core.package_identification:_identify(dev_spade/bin) by extension 'python_setup_py'
[0.193s] Level 1:colcon.colcon_core.package_identification:_identify(dev_spade/include) by extensions ['ignore', 'ignore_ament_install']
[0.193s] Level 1:colcon.colcon_core.package_identification:_identify(dev_spade/include) by extension 'ignore'
[0.193s] Level 1:colcon.colcon_core.package_identification:_identify(dev_spade/include) by extension 'ignore_ament_install'
[0.193s] Level 1:colcon.colcon_core.package_identification:_identify(dev_spade/include) by extensions ['colcon_pkg']
[0.193s] Level 1:colcon.colcon_core.package_identification:_identify(dev_spade/include) by extension 'colcon_pkg'
[0.193s] Level 1:colcon.colcon_core.package_identification:_identify(dev_spade/include) by extensions ['colcon_meta']
[0.193s] Level 1:colcon.colcon_core.package_identification:_identify(dev_spade/include) by extension 'colcon_meta'
[0.193s] Level 1:colcon.colcon_core.package_identification:_identify(dev_spade/include) by extensions ['ros']
[0.193s] Level 1:colcon.colcon_core.package_identification:_identify(dev_spade/include) by extension 'ros'
[0.193s] Level 1:colcon.colcon_core.package_identification:_identify(dev_spade/include) by extensions ['cmake', 'python']
[0.193s] Level 1:colcon.colcon_core.package_identification:_identify(dev_spade/include) by extension 'cmake'
[0.193s] Level 1:colcon.colcon_core.package_identification:_identify(dev_spade/include) by extension 'python'
[0.193s] Level 1:colcon.colcon_core.package_identification:_identify(dev_spade/include) by extensions ['python_setup_py']
[0.193s] Level 1:colcon.colcon_core.package_identification:_identify(dev_spade/include) by extension 'python_setup_py'
[0.193s] Level 1:colcon.colcon_core.package_identification:_identify(dev_spade/lib) by extensions ['ignore', 'ignore_ament_install']
[0.193s] Level 1:colcon.colcon_core.package_identification:_identify(dev_spade/lib) by extension 'ignore'
[0.193s] Level 1:colcon.colcon_core.package_identification:_identify(dev_spade/lib) by extension 'ignore_ament_install'
[0.193s] Level 1:colcon.colcon_core.package_identification:_identify(dev_spade/lib) by extensions ['colcon_pkg']
[0.193s] Level 1:colcon.colcon_core.package_identification:_identify(dev_spade/lib) by extension 'colcon_pkg'
[0.193s] Level 1:colcon.colcon_core.package_identification:_identify(dev_spade/lib) by extensions ['colcon_meta']
[0.193s] Level 1:colcon.colcon_core.package_identification:_identify(dev_spade/lib) by extension 'colcon_meta'
[0.193s] Level 1:colcon.colcon_core.package_identification:_identify(dev_spade/lib) by extensions ['ros']
[0.193s] Level 1:colcon.colcon_core.package_identification:_identify(dev_spade/lib) by extension 'ros'
[0.193s] Level 1:colcon.colcon_core.package_identification:_identify(dev_spade/lib) by extensions ['cmake', 'python']
[0.193s] Level 1:colcon.colcon_core.package_identification:_identify(dev_spade/lib) by extension 'cmake'
[0.193s] Level 1:colcon.colcon_core.package_identification:_identify(dev_spade/lib) by extension 'python'
[0.193s] Level 1:colcon.colcon_core.package_identification:_identify(dev_spade/lib) by extensions ['python_setup_py']
[0.193s] Level 1:colcon.colcon_core.package_identification:_identify(dev_spade/lib) by extension 'python_setup_py'
[0.193s] Level 1:colcon.colcon_core.package_identification:_identify(dev_spade/lib/python3.10) by extensions ['ignore', 'ignore_ament_install']
[0.193s] Level 1:colcon.colcon_core.package_identification:_identify(dev_spade/lib/python3.10) by extension 'ignore'
[0.193s] Level 1:colcon.colcon_core.package_identification:_identify(dev_spade/lib/python3.10) by extension 'ignore_ament_install'
[0.193s] Level 1:colcon.colcon_core.package_identification:_identify(dev_spade/lib/python3.10) by extensions ['colcon_pkg']
[0.193s] Level 1:colcon.colcon_core.package_identification:_identify(dev_spade/lib/python3.10) by extension 'colcon_pkg'
[0.193s] Level 1:colcon.colcon_core.package_identification:_identify(dev_spade/lib/python3.10) by extensions ['colcon_meta']
[0.193s] Level 1:colcon.colcon_core.package_identification:_identify(dev_spade/lib/python3.10) by extension 'colcon_meta'
[0.193s] Level 1:colcon.colcon_core.package_identification:_identify(dev_spade/lib/python3.10) by extensions ['ros']
[0.193s] Level 1:colcon.colcon_core.package_identification:_identify(dev_spade/lib/python3.10) by extension 'ros'
[0.193s] Level 1:colcon.colcon_core.package_identification:_identify(dev_spade/lib/python3.10) by extensions ['cmake', 'python']
[0.193s] Level 1:colcon.colcon_core.package_identification:_identify(dev_spade/lib/python3.10) by extension 'cmake'
[0.194s] Level 1:colcon.colcon_core.package_identification:_identify(dev_spade/lib/python3.10) by extension 'python'
[0.194s] Level 1:colcon.colcon_core.package_identification:_identify(dev_spade/lib/python3.10) by extensions ['python_setup_py']
[0.194s] Level 1:colcon.colcon_core.package_identification:_identify(dev_spade/lib/python3.10) by extension 'python_setup_py'
[0.194s] Level 1:colcon.colcon_core.package_identification:_identify(dev_spade/lib/python3.10/site-packages) by extensions ['ignore', 'ignore_ament_install']
[0.194s] Level 1:colcon.colcon_core.package_identification:_identify(dev_spade/lib/python3.10/site-packages) by extension 'ignore'
[0.194s] Level 1:colcon.colcon_core.package_identification:_identify(dev_spade/lib/python3.10/site-packages) by extension 'ignore_ament_install'
[0.194s] Level 1:colcon.colcon_core.package_identification:_identify(dev_spade/lib/python3.10/site-packages) by extensions ['colcon_pkg']
[0.194s] Level 1:colcon.colcon_core.package_identification:_identify(dev_spade/lib/python3.10/site-packages) by extension 'colcon_pkg'
[0.194s] Level 1:colcon.colcon_core.package_identification:_identify(dev_spade/lib/python3.10/site-packages) by extensions ['colcon_meta']
[0.194s] Level 1:colcon.colcon_core.package_identification:_identify(dev_spade/lib/python3.10/site-packages) by extension 'colcon_meta'
[0.194s] Level 1:colcon.colcon_core.package_identification:_identify(dev_spade/lib/python3.10/site-packages) by extensions ['ros']
[0.194s] Level 1:colcon.colcon_core.package_identification:_identify(dev_spade/lib/python3.10/site-packages) by extension 'ros'
[0.194s] Level 1:colcon.colcon_core.package_identification:_identify(dev_spade/lib/python3.10/site-packages) by extensions ['cmake', 'python']
[0.194s] Level 1:colcon.colcon_core.package_identification:_identify(dev_spade/lib/python3.10/site-packages) by extension 'cmake'
[0.194s] Level 1:colcon.colcon_core.package_identification:_identify(dev_spade/lib/python3.10/site-packages) by extension 'python'
[0.194s] Level 1:colcon.colcon_core.package_identification:_identify(dev_spade/lib/python3.10/site-packages) by extensions ['python_setup_py']
[0.194s] Level 1:colcon.colcon_core.package_identification:_identify(dev_spade/lib/python3.10/site-packages) by extension 'python_setup_py'
[0.194s] Level 1:colcon.colcon_core.package_identification:_identify(dev_spade/lib/python3.10/site-packages/_distutils_hack) by extensions ['ignore', 'ignore_ament_install']
[0.194s] Level 1:colcon.colcon_core.package_identification:_identify(dev_spade/lib/python3.10/site-packages/_distutils_hack) by extension 'ignore'
[0.194s] Level 1:colcon.colcon_core.package_identification:_identify(dev_spade/lib/python3.10/site-packages/_distutils_hack) by extension 'ignore_ament_install'
[0.194s] Level 1:colcon.colcon_core.package_identification:_identify(dev_spade/lib/python3.10/site-packages/_distutils_hack) by extensions ['colcon_pkg']
[0.194s] Level 1:colcon.colcon_core.package_identification:_identify(dev_spade/lib/python3.10/site-packages/_distutils_hack) by extension 'colcon_pkg'
[0.194s] Level 1:colcon.colcon_core.package_identification:_identify(dev_spade/lib/python3.10/site-packages/_distutils_hack) by extensions ['colcon_meta']
[0.194s] Level 1:colcon.colcon_core.package_identification:_identify(dev_spade/lib/python3.10/site-packages/_distutils_hack) by extension 'colcon_meta'
[0.194s] Level 1:colcon.colcon_core.package_identification:_identify(dev_spade/lib/python3.10/site-packages/_distutils_hack) by extensions ['ros']
[0.194s] Level 1:colcon.colcon_core.package_identification:_identify(dev_spade/lib/python3.10/site-packages/_distutils_hack) by extension 'ros'
[0.194s] Level 1:colcon.colcon_core.package_identification:_identify(dev_spade/lib/python3.10/site-packages/_distutils_hack) by extensions ['cmake', 'python']
[0.194s] Level 1:colcon.colcon_core.package_identification:_identify(dev_spade/lib/python3.10/site-packages/_distutils_hack) by extension 'cmake'
[0.194s] Level 1:colcon.colcon_core.package_identification:_identify(dev_spade/lib/python3.10/site-packages/_distutils_hack) by extension 'python'
[0.194s] Level 1:colcon.colcon_core.package_identification:_identify(dev_spade/lib/python3.10/site-packages/_distutils_hack) by extensions ['python_setup_py']
[0.194s] Level 1:colcon.colcon_core.package_identification:_identify(dev_spade/lib/python3.10/site-packages/_distutils_hack) by extension 'python_setup_py'
[0.194s] Level 1:colcon.colcon_core.package_identification:_identify(dev_spade/lib/python3.10/site-packages/_distutils_hack/__pycache__) by extensions ['ignore', 'ignore_ament_install']
[0.194s] Level 1:colcon.colcon_core.package_identification:_identify(dev_spade/lib/python3.10/site-packages/_distutils_hack/__pycache__) by extension 'ignore'
[0.194s] Level 1:colcon.colcon_core.package_identification:_identify(dev_spade/lib/python3.10/site-packages/_distutils_hack/__pycache__) by extension 'ignore_ament_install'
[0.194s] Level 1:colcon.colcon_core.package_identification:_identify(dev_spade/lib/python3.10/site-packages/_distutils_hack/__pycache__) by extensions ['colcon_pkg']
[0.194s] Level 1:colcon.colcon_core.package_identification:_identify(dev_spade/lib/python3.10/site-packages/_distutils_hack/__pycache__) by extension 'colcon_pkg'
[0.194s] Level 1:colcon.colcon_core.package_identification:_identify(dev_spade/lib/python3.10/site-packages/_distutils_hack/__pycache__) by extensions ['colcon_meta']
[0.194s] Level 1:colcon.colcon_core.package_identification:_identify(dev_spade/lib/python3.10/site-packages/_distutils_hack/__pycache__) by extension 'colcon_meta'
[0.195s] Level 1:colcon.colcon_core.package_identification:_identify(dev_spade/lib/python3.10/site-packages/_distutils_hack/__pycache__) by extensions ['ros']
[0.195s] Level 1:colcon.colcon_core.package_identification:_identify(dev_spade/lib/python3.10/site-packages/_distutils_hack/__pycache__) by extension 'ros'
[0.195s] Level 1:colcon.colcon_core.package_identification:_identify(dev_spade/lib/python3.10/site-packages/_distutils_hack/__pycache__) by extensions ['cmake', 'python']
[0.195s] Level 1:colcon.colcon_core.package_identification:_identify(dev_spade/lib/python3.10/site-packages/_distutils_hack/__pycache__) by extension 'cmake'
[0.195s] Level 1:colcon.colcon_core.package_identification:_identify(dev_spade/lib/python3.10/site-packages/_distutils_hack/__pycache__) by extension 'python'
[0.195s] Level 1:colcon.colcon_core.package_identification:_identify(dev_spade/lib/python3.10/site-packages/_distutils_hack/__pycache__) by extensions ['python_setup_py']
[0.195s] Level 1:colcon.colcon_core.package_identification:_identify(dev_spade/lib/python3.10/site-packages/_distutils_hack/__pycache__) by extension 'python_setup_py'
[0.195s] Level 1:colcon.colcon_core.package_identification:_identify(dev_spade/lib/python3.10/site-packages/pip) by extensions ['ignore', 'ignore_ament_install']
[0.195s] Level 1:colcon.colcon_core.package_identification:_identify(dev_spade/lib/python3.10/site-packages/pip) by extension 'ignore'
[0.195s] Level 1:colcon.colcon_core.package_identification:_identify(dev_spade/lib/python3.10/site-packages/pip) by extension 'ignore_ament_install'
[0.195s] Level 1:colcon.colcon_core.package_identification:_identify(dev_spade/lib/python3.10/site-packages/pip) by extensions ['colcon_pkg']
[0.195s] Level 1:colcon.colcon_core.package_identification:_identify(dev_spade/lib/python3.10/site-packages/pip) by extension 'colcon_pkg'
[0.195s] Level 1:colcon.colcon_core.package_identification:_identify(dev_spade/lib/python3.10/site-packages/pip) by extensions ['colcon_meta']
[0.195s] Level 1:colcon.colcon_core.package_identification:_identify(dev_spade/lib/python3.10/site-packages/pip) by extension 'colcon_meta'
[0.195s] Level 1:colcon.colcon_core.package_identification:_identify(dev_spade/lib/python3.10/site-packages/pip) by extensions ['ros']
[0.195s] Level 1:colcon.colcon_core.package_identification:_identify(dev_spade/lib/python3.10/site-packages/pip) by extension 'ros'
[0.195s] Level 1:colcon.colcon_core.package_identification:_identify(dev_spade/lib/python3.10/site-packages/pip) by extensions ['cmake', 'python']
[0.195s] Level 1:colcon.colcon_core.package_identification:_identify(dev_spade/lib/python3.10/site-packages/pip) by extension 'cmake'
[0.195s] Level 1:colcon.colcon_core.package_identification:_identify(dev_spade/lib/python3.10/site-packages/pip) by extension 'python'
[0.195s] Level 1:colcon.colcon_core.package_identification:_identify(dev_spade/lib/python3.10/site-packages/pip) by extensions ['python_setup_py']
[0.195s] Level 1:colcon.colcon_core.package_identification:_identify(dev_spade/lib/python3.10/site-packages/pip) by extension 'python_setup_py'
[0.195s] Level 1:colcon.colcon_core.package_identification:_identify(dev_spade/lib/python3.10/site-packages/pip/__pycache__) by extensions ['ignore', 'ignore_ament_install']
[0.195s] Level 1:colcon.colcon_core.package_identification:_identify(dev_spade/lib/python3.10/site-packages/pip/__pycache__) by extension 'ignore'
[0.195s] Level 1:colcon.colcon_core.package_identification:_identify(dev_spade/lib/python3.10/site-packages/pip/__pycache__) by extension 'ignore_ament_install'
[0.195s] Level 1:colcon.colcon_core.package_identification:_identify(dev_spade/lib/python3.10/site-packages/pip/__pycache__) by extensions ['colcon_pkg']
[0.195s] Level 1:colcon.colcon_core.package_identification:_identify(dev_spade/lib/python3.10/site-packages/pip/__pycache__) by extension 'colcon_pkg'
[0.195s] Level 1:colcon.colcon_core.package_identification:_identify(dev_spade/lib/python3.10/site-packages/pip/__pycache__) by extensions ['colcon_meta']
[0.195s] Level 1:colcon.colcon_core.package_identification:_identify(dev_spade/lib/python3.10/site-packages/pip/__pycache__) by extension 'colcon_meta'
[0.195s] Level 1:colcon.colcon_core.package_identification:_identify(dev_spade/lib/python3.10/site-packages/pip/__pycache__) by extensions ['ros']
[0.195s] Level 1:colcon.colcon_core.package_identification:_identify(dev_spade/lib/python3.10/site-packages/pip/__pycache__) by extension 'ros'
[0.195s] Level 1:colcon.colcon_core.package_identification:_identify(dev_spade/lib/python3.10/site-packages/pip/__pycache__) by extensions ['cmake', 'python']
[0.195s] Level 1:colcon.colcon_core.package_identification:_identify(dev_spade/lib/python3.10/site-packages/pip/__pycache__) by extension 'cmake'
[0.196s] Level 1:colcon.colcon_core.package_identification:_identify(dev_spade/lib/python3.10/site-packages/pip/__pycache__) by extension 'python'
[0.196s] Level 1:colcon.colcon_core.package_identification:_identify(dev_spade/lib/python3.10/site-packages/pip/__pycache__) by extensions ['python_setup_py']
[0.196s] Level 1:colcon.colcon_core.package_identification:_identify(dev_spade/lib/python3.10/site-packages/pip/__pycache__) by extension 'python_setup_py'
[0.196s] Level 1:colcon.colcon_core.package_identification:_identify(dev_spade/lib/python3.10/site-packages/pip/_internal) by extensions ['ignore', 'ignore_ament_install']
[0.196s] Level 1:colcon.colcon_core.package_identification:_identify(dev_spade/lib/python3.10/site-packages/pip/_internal) by extension 'ignore'
[0.196s] Level 1:colcon.colcon_core.package_identification:_identify(dev_spade/lib/python3.10/site-packages/pip/_internal) by extension 'ignore_ament_install'
[0.196s] Level 1:colcon.colcon_core.package_identification:_identify(dev_spade/lib/python3.10/site-packages/pip/_internal) by extensions ['colcon_pkg']
[0.196s] Level 1:colcon.colcon_core.package_identification:_identify(dev_spade/lib/python3.10/site-packages/pip/_internal) by extension 'colcon_pkg'
[0.196s] Level 1:colcon.colcon_core.package_identification:_identify(dev_spade/lib/python3.10/site-packages/pip/_internal) by extensions ['colcon_meta']
[0.196s] Level 1:colcon.colcon_core.package_identification:_identify(dev_spade/lib/python3.10/site-packages/pip/_internal) by extension 'colcon_meta'
[0.196s] Level 1:colcon.colcon_core.package_identification:_identify(dev_spade/lib/python3.10/site-packages/pip/_internal) by extensions ['ros']
[0.196s] Level 1:colcon.colcon_core.package_identification:_identify(dev_spade/lib/python3.10/site-packages/pip/_internal) by extension 'ros'
[0.196s] Level 1:colcon.colcon_core.package_identification:_identify(dev_spade/lib/python3.10/site-packages/pip/_internal) by extensions ['cmake', 'python']
[0.196s] Level 1:colcon.colcon_core.package_identification:_identify(dev_spade/lib/python3.10/site-packages/pip/_internal) by extension 'cmake'
[0.196s] Level 1:colcon.colcon_core.package_identification:_identify(dev_spade/lib/python3.10/site-packages/pip/_internal) by extension 'python'
[0.196s] Level 1:colcon.colcon_core.package_identification:_identify(dev_spade/lib/python3.10/site-packages/pip/_internal) by extensions ['python_setup_py']
[0.196s] Level 1:colcon.colcon_core.package_identification:_identify(dev_spade/lib/python3.10/site-packages/pip/_internal) by extension 'python_setup_py'
[0.196s] Level 1:colcon.colcon_core.package_identification:_identify(dev_spade/lib/python3.10/site-packages/pip/_internal/__pycache__) by extensions ['ignore', 'ignore_ament_install']
[0.196s] Level 1:colcon.colcon_core.package_identification:_identify(dev_spade/lib/python3.10/site-packages/pip/_internal/__pycache__) by extension 'ignore'
[0.196s] Level 1:colcon.colcon_core.package_identification:_identify(dev_spade/lib/python3.10/site-packages/pip/_internal/__pycache__) by extension 'ignore_ament_install'
[0.196s] Level 1:colcon.colcon_core.package_identification:_identify(dev_spade/lib/python3.10/site-packages/pip/_internal/__pycache__) by extensions ['colcon_pkg']
[0.196s] Level 1:colcon.colcon_core.package_identification:_identify(dev_spade/lib/python3.10/site-packages/pip/_internal/__pycache__) by extension 'colcon_pkg'
[0.196s] Level 1:colcon.colcon_core.package_identification:_identify(dev_spade/lib/python3.10/site-packages/pip/_internal/__pycache__) by extensions ['colcon_meta']
[0.196s] Level 1:colcon.colcon_core.package_identification:_identify(dev_spade/lib/python3.10/site-packages/pip/_internal/__pycache__) by extension 'colcon_meta'
[0.196s] Level 1:colcon.colcon_core.package_identification:_identify(dev_spade/lib/python3.10/site-packages/pip/_internal/__pycache__) by extensions ['ros']
[0.196s] Level 1:colcon.colcon_core.package_identification:_identify(dev_spade/lib/python3.10/site-packages/pip/_internal/__pycache__) by extension 'ros'
[0.196s] Level 1:colcon.colcon_core.package_identification:_identify(dev_spade/lib/python3.10/site-packages/pip/_internal/__pycache__) by extensions ['cmake', 'python']
[0.196s] Level 1:colcon.colcon_core.package_identification:_identify(dev_spade/lib/python3.10/site-packages/pip/_internal/__pycache__) by extension 'cmake'
[0.196s] Level 1:colcon.colcon_core.package_identification:_identify(dev_spade/lib/python3.10/site-packages/pip/_internal/__pycache__) by extension 'python'
[0.196s] Level 1:colcon.colcon_core.package_identification:_identify(dev_spade/lib/python3.10/site-packages/pip/_internal/__pycache__) by extensions ['python_setup_py']
[0.196s] Level 1:colcon.colcon_core.package_identification:_identify(dev_spade/lib/python3.10/site-packages/pip/_internal/__pycache__) by extension 'python_setup_py'
[0.196s] Level 1:colcon.colcon_core.package_identification:_identify(dev_spade/lib/python3.10/site-packages/pip/_internal/cli) by extensions ['ignore', 'ignore_ament_install']
[0.196s] Level 1:colcon.colcon_core.package_identification:_identify(dev_spade/lib/python3.10/site-packages/pip/_internal/cli) by extension 'ignore'
[0.197s] Level 1:colcon.colcon_core.package_identification:_identify(dev_spade/lib/python3.10/site-packages/pip/_internal/cli) by extension 'ignore_ament_install'
[0.197s] Level 1:colcon.colcon_core.package_identification:_identify(dev_spade/lib/python3.10/site-packages/pip/_internal/cli) by extensions ['colcon_pkg']
[0.197s] Level 1:colcon.colcon_core.package_identification:_identify(dev_spade/lib/python3.10/site-packages/pip/_internal/cli) by extension 'colcon_pkg'
[0.197s] Level 1:colcon.colcon_core.package_identification:_identify(dev_spade/lib/python3.10/site-packages/pip/_internal/cli) by extensions ['colcon_meta']
[0.197s] Level 1:colcon.colcon_core.package_identification:_identify(dev_spade/lib/python3.10/site-packages/pip/_internal/cli) by extension 'colcon_meta'
[0.197s] Level 1:colcon.colcon_core.package_identification:_identify(dev_spade/lib/python3.10/site-packages/pip/_internal/cli) by extensions ['ros']
[0.197s] Level 1:colcon.colcon_core.package_identification:_identify(dev_spade/lib/python3.10/site-packages/pip/_internal/cli) by extension 'ros'
[0.197s] Level 1:colcon.colcon_core.package_identification:_identify(dev_spade/lib/python3.10/site-packages/pip/_internal/cli) by extensions ['cmake', 'python']
[0.197s] Level 1:colcon.colcon_core.package_identification:_identify(dev_spade/lib/python3.10/site-packages/pip/_internal/cli) by extension 'cmake'
[0.197s] Level 1:colcon.colcon_core.package_identification:_identify(dev_spade/lib/python3.10/site-packages/pip/_internal/cli) by extension 'python'
[0.197s] Level 1:colcon.colcon_core.package_identification:_identify(dev_spade/lib/python3.10/site-packages/pip/_internal/cli) by extensions ['python_setup_py']
[0.197s] Level 1:colcon.colcon_core.package_identification:_identify(dev_spade/lib/python3.10/site-packages/pip/_internal/cli) by extension 'python_setup_py'
[0.197s] Level 1:colcon.colcon_core.package_identification:_identify(dev_spade/lib/python3.10/site-packages/pip/_internal/cli/__pycache__) by extensions ['ignore', 'ignore_ament_install']
[0.197s] Level 1:colcon.colcon_core.package_identification:_identify(dev_spade/lib/python3.10/site-packages/pip/_internal/cli/__pycache__) by extension 'ignore'
[0.197s] Level 1:colcon.colcon_core.package_identification:_identify(dev_spade/lib/python3.10/site-packages/pip/_internal/cli/__pycache__) by extension 'ignore_ament_install'
[0.197s] Level 1:colcon.colcon_core.package_identification:_identify(dev_spade/lib/python3.10/site-packages/pip/_internal/cli/__pycache__) by extensions ['colcon_pkg']
[0.197s] Level 1:colcon.colcon_core.package_identification:_identify(dev_spade/lib/python3.10/site-packages/pip/_internal/cli/__pycache__) by extension 'colcon_pkg'
[0.197s] Level 1:colcon.colcon_core.package_identification:_identify(dev_spade/lib/python3.10/site-packages/pip/_internal/cli/__pycache__) by extensions ['colcon_meta']
[0.197s] Level 1:colcon.colcon_core.package_identification:_identify(dev_spade/lib/python3.10/site-packages/pip/_internal/cli/__pycache__) by extension 'colcon_meta'
[0.197s] Level 1:colcon.colcon_core.package_identification:_identify(dev_spade/lib/python3.10/site-packages/pip/_internal/cli/__pycache__) by extensions ['ros']
[0.197s] Level 1:colcon.colcon_core.package_identification:_identify(dev_spade/lib/python3.10/site-packages/pip/_internal/cli/__pycache__) by extension 'ros'
[0.197s] Level 1:colcon.colcon_core.package_identification:_identify(dev_spade/lib/python3.10/site-packages/pip/_internal/cli/__pycache__) by extensions ['cmake', 'python']
[0.197s] Level 1:colcon.colcon_core.package_identification:_identify(dev_spade/lib/python3.10/site-packages/pip/_internal/cli/__pycache__) by extension 'cmake'
[0.197s] Level 1:colcon.colcon_core.package_identification:_identify(dev_spade/lib/python3.10/site-packages/pip/_internal/cli/__pycache__) by extension 'python'
[0.197s] Level 1:colcon.colcon_core.package_identification:_identify(dev_spade/lib/python3.10/site-packages/pip/_internal/cli/__pycache__) by extensions ['python_setup_py']
[0.197s] Level 1:colcon.colcon_core.package_identification:_identify(dev_spade/lib/python3.10/site-packages/pip/_internal/cli/__pycache__) by extension 'python_setup_py'
[0.197s] Level 1:colcon.colcon_core.package_identification:_identify(dev_spade/lib/python3.10/site-packages/pip/_internal/commands) by extensions ['ignore', 'ignore_ament_install']
[0.197s] Level 1:colcon.colcon_core.package_identification:_identify(dev_spade/lib/python3.10/site-packages/pip/_internal/commands) by extension 'ignore'
[0.197s] Level 1:colcon.colcon_core.package_identification:_identify(dev_spade/lib/python3.10/site-packages/pip/_internal/commands) by extension 'ignore_ament_install'
[0.197s] Level 1:colcon.colcon_core.package_identification:_identify(dev_spade/lib/python3.10/site-packages/pip/_internal/commands) by extensions ['colcon_pkg']
[0.197s] Level 1:colcon.colcon_core.package_identification:_identify(dev_spade/lib/python3.10/site-packages/pip/_internal/commands) by extension 'colcon_pkg'
[0.197s] Level 1:colcon.colcon_core.package_identification:_identify(dev_spade/lib/python3.10/site-packages/pip/_internal/commands) by extensions ['colcon_meta']
[0.197s] Level 1:colcon.colcon_core.package_identification:_identify(dev_spade/lib/python3.10/site-packages/pip/_internal/commands) by extension 'colcon_meta'
[0.197s] Level 1:colcon.colcon_core.package_identification:_identify(dev_spade/lib/python3.10/site-packages/pip/_internal/commands) by extensions ['ros']
[0.197s] Level 1:colcon.colcon_core.package_identification:_identify(dev_spade/lib/python3.10/site-packages/pip/_internal/commands) by extension 'ros'
[0.197s] Level 1:colcon.colcon_core.package_identification:_identify(dev_spade/lib/python3.10/site-packages/pip/_internal/commands) by extensions ['cmake', 'python']
[0.197s] Level 1:colcon.colcon_core.package_identification:_identify(dev_spade/lib/python3.10/site-packages/pip/_internal/commands) by extension 'cmake'
[0.198s] Level 1:colcon.colcon_core.package_identification:_identify(dev_spade/lib/python3.10/site-packages/pip/_internal/commands) by extension 'python'
[0.198s] Level 1:colcon.colcon_core.package_identification:_identify(dev_spade/lib/python3.10/site-packages/pip/_internal/commands) by extensions ['python_setup_py']
[0.198s] Level 1:colcon.colcon_core.package_identification:_identify(dev_spade/lib/python3.10/site-packages/pip/_internal/commands) by extension 'python_setup_py'
[0.198s] Level 1:colcon.colcon_core.package_identification:_identify(dev_spade/lib/python3.10/site-packages/pip/_internal/commands/__pycache__) by extensions ['ignore', 'ignore_ament_install']
[0.198s] Level 1:colcon.colcon_core.package_identification:_identify(dev_spade/lib/python3.10/site-packages/pip/_internal/commands/__pycache__) by extension 'ignore'
[0.198s] Level 1:colcon.colcon_core.package_identification:_identify(dev_spade/lib/python3.10/site-packages/pip/_internal/commands/__pycache__) by extension 'ignore_ament_install'
[0.198s] Level 1:colcon.colcon_core.package_identification:_identify(dev_spade/lib/python3.10/site-packages/pip/_internal/commands/__pycache__) by extensions ['colcon_pkg']
[0.198s] Level 1:colcon.colcon_core.package_identification:_identify(dev_spade/lib/python3.10/site-packages/pip/_internal/commands/__pycache__) by extension 'colcon_pkg'
[0.198s] Level 1:colcon.colcon_core.package_identification:_identify(dev_spade/lib/python3.10/site-packages/pip/_internal/commands/__pycache__) by extensions ['colcon_meta']
[0.198s] Level 1:colcon.colcon_core.package_identification:_identify(dev_spade/lib/python3.10/site-packages/pip/_internal/commands/__pycache__) by extension 'colcon_meta'
[0.198s] Level 1:colcon.colcon_core.package_identification:_identify(dev_spade/lib/python3.10/site-packages/pip/_internal/commands/__pycache__) by extensions ['ros']
[0.198s] Level 1:colcon.colcon_core.package_identification:_identify(dev_spade/lib/python3.10/site-packages/pip/_internal/commands/__pycache__) by extension 'ros'
[0.198s] Level 1:colcon.colcon_core.package_identification:_identify(dev_spade/lib/python3.10/site-packages/pip/_internal/commands/__pycache__) by extensions ['cmake', 'python']
[0.198s] Level 1:colcon.colcon_core.package_identification:_identify(dev_spade/lib/python3.10/site-packages/pip/_internal/commands/__pycache__) by extension 'cmake'
[0.198s] Level 1:colcon.colcon_core.package_identification:_identify(dev_spade/lib/python3.10/site-packages/pip/_internal/commands/__pycache__) by extension 'python'
[0.198s] Level 1:colcon.colcon_core.package_identification:_identify(dev_spade/lib/python3.10/site-packages/pip/_internal/commands/__pycache__) by extensions ['python_setup_py']
[0.198s] Level 1:colcon.colcon_core.package_identification:_identify(dev_spade/lib/python3.10/site-packages/pip/_internal/commands/__pycache__) by extension 'python_setup_py'
[0.198s] Level 1:colcon.colcon_core.package_identification:_identify(dev_spade/lib/python3.10/site-packages/pip/_internal/distributions) by extensions ['ignore', 'ignore_ament_install']
[0.198s] Level 1:colcon.colcon_core.package_identification:_identify(dev_spade/lib/python3.10/site-packages/pip/_internal/distributions) by extension 'ignore'
[0.198s] Level 1:colcon.colcon_core.package_identification:_identify(dev_spade/lib/python3.10/site-packages/pip/_internal/distributions) by extension 'ignore_ament_install'
[0.198s] Level 1:colcon.colcon_core.package_identification:_identify(dev_spade/lib/python3.10/site-packages/pip/_internal/distributions) by extensions ['colcon_pkg']
[0.198s] Level 1:colcon.colcon_core.package_identification:_identify(dev_spade/lib/python3.10/site-packages/pip/_internal/distributions) by extension 'colcon_pkg'
[0.198s] Level 1:colcon.colcon_core.package_identification:_identify(dev_spade/lib/python3.10/site-packages/pip/_internal/distributions) by extensions ['colcon_meta']
[0.198s] Level 1:colcon.colcon_core.package_identification:_identify(dev_spade/lib/python3.10/site-packages/pip/_internal/distributions) by extension 'colcon_meta'
[0.198s] Level 1:colcon.colcon_core.package_identification:_identify(dev_spade/lib/python3.10/site-packages/pip/_internal/distributions) by extensions ['ros']
[0.198s] Level 1:colcon.colcon_core.package_identification:_identify(dev_spade/lib/python3.10/site-packages/pip/_internal/distributions) by extension 'ros'
[0.198s] Level 1:colcon.colcon_core.package_identification:_identify(dev_spade/lib/python3.10/site-packages/pip/_internal/distributions) by extensions ['cmake', 'python']
[0.198s] Level 1:colcon.colcon_core.package_identification:_identify(dev_spade/lib/python3.10/site-packages/pip/_internal/distributions) by extension 'cmake'
[0.198s] Level 1:colcon.colcon_core.package_identification:_identify(dev_spade/lib/python3.10/site-packages/pip/_internal/distributions) by extension 'python'
[0.198s] Level 1:colcon.colcon_core.package_identification:_identify(dev_spade/lib/python3.10/site-packages/pip/_internal/distributions) by extensions ['python_setup_py']
[0.198s] Level 1:colcon.colcon_core.package_identification:_identify(dev_spade/lib/python3.10/site-packages/pip/_internal/distributions) by extension 'python_setup_py'
[0.198s] Level 1:colcon.colcon_core.package_identification:_identify(dev_spade/lib/python3.10/site-packages/pip/_internal/distributions/__pycache__) by extensions ['ignore', 'ignore_ament_install']
[0.198s] Level 1:colcon.colcon_core.package_identification:_identify(dev_spade/lib/python3.10/site-packages/pip/_internal/distributions/__pycache__) by extension 'ignore'
[0.198s] Level 1:colcon.colcon_core.package_identification:_identify(dev_spade/lib/python3.10/site-packages/pip/_internal/distributions/__pycache__) by extension 'ignore_ament_install'
[0.198s] Level 1:colcon.colcon_core.package_identification:_identify(dev_spade/lib/python3.10/site-packages/pip/_internal/distributions/__pycache__) by extensions ['colcon_pkg']
[0.198s] Level 1:colcon.colcon_core.package_identification:_identify(dev_spade/lib/python3.10/site-packages/pip/_internal/distributions/__pycache__) by extension 'colcon_pkg'
[0.198s] Level 1:colcon.colcon_core.package_identification:_identify(dev_spade/lib/python3.10/site-packages/pip/_internal/distributions/__pycache__) by extensions ['colcon_meta']
[0.198s] Level 1:colcon.colcon_core.package_identification:_identify(dev_spade/lib/python3.10/site-packages/pip/_internal/distributions/__pycache__) by extension 'colcon_meta'
[0.199s] Level 1:colcon.colcon_core.package_identification:_identify(dev_spade/lib/python3.10/site-packages/pip/_internal/distributions/__pycache__) by extensions ['ros']
[0.199s] Level 1:colcon.colcon_core.package_identification:_identify(dev_spade/lib/python3.10/site-packages/pip/_internal/distributions/__pycache__) by extension 'ros'
[0.199s] Level 1:colcon.colcon_core.package_identification:_identify(dev_spade/lib/python3.10/site-packages/pip/_internal/distributions/__pycache__) by extensions ['cmake', 'python']
[0.199s] Level 1:colcon.colcon_core.package_identification:_identify(dev_spade/lib/python3.10/site-packages/pip/_internal/distributions/__pycache__) by extension 'cmake'
[0.199s] Level 1:colcon.colcon_core.package_identification:_identify(dev_spade/lib/python3.10/site-packages/pip/_internal/distributions/__pycache__) by extension 'python'
[0.199s] Level 1:colcon.colcon_core.package_identification:_identify(dev_spade/lib/python3.10/site-packages/pip/_internal/distributions/__pycache__) by extensions ['python_setup_py']
[0.199s] Level 1:colcon.colcon_core.package_identification:_identify(dev_spade/lib/python3.10/site-packages/pip/_internal/distributions/__pycache__) by extension 'python_setup_py'
[0.199s] Level 1:colcon.colcon_core.package_identification:_identify(dev_spade/lib/python3.10/site-packages/pip/_internal/index) by extensions ['ignore', 'ignore_ament_install']
[0.199s] Level 1:colcon.colcon_core.package_identification:_identify(dev_spade/lib/python3.10/site-packages/pip/_internal/index) by extension 'ignore'
[0.199s] Level 1:colcon.colcon_core.package_identification:_identify(dev_spade/lib/python3.10/site-packages/pip/_internal/index) by extension 'ignore_ament_install'
[0.199s] Level 1:colcon.colcon_core.package_identification:_identify(dev_spade/lib/python3.10/site-packages/pip/_internal/index) by extensions ['colcon_pkg']
[0.199s] Level 1:colcon.colcon_core.package_identification:_identify(dev_spade/lib/python3.10/site-packages/pip/_internal/index) by extension 'colcon_pkg'
[0.199s] Level 1:colcon.colcon_core.package_identification:_identify(dev_spade/lib/python3.10/site-packages/pip/_internal/index) by extensions ['colcon_meta']
[0.199s] Level 1:colcon.colcon_core.package_identification:_identify(dev_spade/lib/python3.10/site-packages/pip/_internal/index) by extension 'colcon_meta'
[0.199s] Level 1:colcon.colcon_core.package_identification:_identify(dev_spade/lib/python3.10/site-packages/pip/_internal/index) by extensions ['ros']
[0.199s] Level 1:colcon.colcon_core.package_identification:_identify(dev_spade/lib/python3.10/site-packages/pip/_internal/index) by extension 'ros'
[0.199s] Level 1:colcon.colcon_core.package_identification:_identify(dev_spade/lib/python3.10/site-packages/pip/_internal/index) by extensions ['cmake', 'python']
[0.199s] Level 1:colcon.colcon_core.package_identification:_identify(dev_spade/lib/python3.10/site-packages/pip/_internal/index) by extension 'cmake'
[0.199s] Level 1:colcon.colcon_core.package_identification:_identify(dev_spade/lib/python3.10/site-packages/pip/_internal/index) by extension 'python'
[0.199s] Level 1:colcon.colcon_core.package_identification:_identify(dev_spade/lib/python3.10/site-packages/pip/_internal/index) by extensions ['python_setup_py']
[0.199s] Level 1:colcon.colcon_core.package_identification:_identify(dev_spade/lib/python3.10/site-packages/pip/_internal/index) by extension 'python_setup_py'
[0.199s] Level 1:colcon.colcon_core.package_identification:_identify(dev_spade/lib/python3.10/site-packages/pip/_internal/index/__pycache__) by extensions ['ignore', 'ignore_ament_install']
[0.199s] Level 1:colcon.colcon_core.package_identification:_identify(dev_spade/lib/python3.10/site-packages/pip/_internal/index/__pycache__) by extension 'ignore'
[0.199s] Level 1:colcon.colcon_core.package_identification:_identify(dev_spade/lib/python3.10/site-packages/pip/_internal/index/__pycache__) by extension 'ignore_ament_install'
[0.199s] Level 1:colcon.colcon_core.package_identification:_identify(dev_spade/lib/python3.10/site-packages/pip/_internal/index/__pycache__) by extensions ['colcon_pkg']
[0.199s] Level 1:colcon.colcon_core.package_identification:_identify(dev_spade/lib/python3.10/site-packages/pip/_internal/index/__pycache__) by extension 'colcon_pkg'
[0.199s] Level 1:colcon.colcon_core.package_identification:_identify(dev_spade/lib/python3.10/site-packages/pip/_internal/index/__pycache__) by extensions ['colcon_meta']
[0.199s] Level 1:colcon.colcon_core.package_identification:_identify(dev_spade/lib/python3.10/site-packages/pip/_internal/index/__pycache__) by extension 'colcon_meta'
[0.199s] Level 1:colcon.colcon_core.package_identification:_identify(dev_spade/lib/python3.10/site-packages/pip/_internal/index/__pycache__) by extensions ['ros']
[0.199s] Level 1:colcon.colcon_core.package_identification:_identify(dev_spade/lib/python3.10/site-packages/pip/_internal/index/__pycache__) by extension 'ros'
[0.199s] Level 1:colcon.colcon_core.package_identification:_identify(dev_spade/lib/python3.10/site-packages/pip/_internal/index/__pycache__) by extensions ['cmake', 'python']
[0.199s] Level 1:colcon.colcon_core.package_identification:_identify(dev_spade/lib/python3.10/site-packages/pip/_internal/index/__pycache__) by extension 'cmake'
[0.199s] Level 1:colcon.colcon_core.package_identification:_identify(dev_spade/lib/python3.10/site-packages/pip/_internal/index/__pycache__) by extension 'python'
[0.199s] Level 1:colcon.colcon_core.package_identification:_identify(dev_spade/lib/python3.10/site-packages/pip/_internal/index/__pycache__) by extensions ['python_setup_py']
[0.199s] Level 1:colcon.colcon_core.package_identification:_identify(dev_spade/lib/python3.10/site-packages/pip/_internal/index/__pycache__) by extension 'python_setup_py'
[0.199s] Level 1:colcon.colcon_core.package_identification:_identify(dev_spade/lib/python3.10/site-packages/pip/_internal/locations) by extensions ['ignore', 'ignore_ament_install']
[0.200s] Level 1:colcon.colcon_core.package_identification:_identify(dev_spade/lib/python3.10/site-packages/pip/_internal/locations) by extension 'ignore'
[0.200s] Level 1:colcon.colcon_core.package_identification:_identify(dev_spade/lib/python3.10/site-packages/pip/_internal/locations) by extension 'ignore_ament_install'
[0.200s] Level 1:colcon.colcon_core.package_identification:_identify(dev_spade/lib/python3.10/site-packages/pip/_internal/locations) by extensions ['colcon_pkg']
[0.200s] Level 1:colcon.colcon_core.package_identification:_identify(dev_spade/lib/python3.10/site-packages/pip/_internal/locations) by extension 'colcon_pkg'
[0.200s] Level 1:colcon.colcon_core.package_identification:_identify(dev_spade/lib/python3.10/site-packages/pip/_internal/locations) by extensions ['colcon_meta']
[0.200s] Level 1:colcon.colcon_core.package_identification:_identify(dev_spade/lib/python3.10/site-packages/pip/_internal/locations) by extension 'colcon_meta'
[0.200s] Level 1:colcon.colcon_core.package_identification:_identify(dev_spade/lib/python3.10/site-packages/pip/_internal/locations) by extensions ['ros']
[0.200s] Level 1:colcon.colcon_core.package_identification:_identify(dev_spade/lib/python3.10/site-packages/pip/_internal/locations) by extension 'ros'
[0.200s] Level 1:colcon.colcon_core.package_identification:_identify(dev_spade/lib/python3.10/site-packages/pip/_internal/locations) by extensions ['cmake', 'python']
[0.200s] Level 1:colcon.colcon_core.package_identification:_identify(dev_spade/lib/python3.10/site-packages/pip/_internal/locations) by extension 'cmake'
[0.200s] Level 1:colcon.colcon_core.package_identification:_identify(dev_spade/lib/python3.10/site-packages/pip/_internal/locations) by extension 'python'
[0.200s] Level 1:colcon.colcon_core.package_identification:_identify(dev_spade/lib/python3.10/site-packages/pip/_internal/locations) by extensions ['python_setup_py']
[0.200s] Level 1:colcon.colcon_core.package_identification:_identify(dev_spade/lib/python3.10/site-packages/pip/_internal/locations) by extension 'python_setup_py'
[0.200s] Level 1:colcon.colcon_core.package_identification:_identify(dev_spade/lib/python3.10/site-packages/pip/_internal/locations/__pycache__) by extensions ['ignore', 'ignore_ament_install']
[0.200s] Level 1:colcon.colcon_core.package_identification:_identify(dev_spade/lib/python3.10/site-packages/pip/_internal/locations/__pycache__) by extension 'ignore'
[0.200s] Level 1:colcon.colcon_core.package_identification:_identify(dev_spade/lib/python3.10/site-packages/pip/_internal/locations/__pycache__) by extension 'ignore_ament_install'
[0.200s] Level 1:colcon.colcon_core.package_identification:_identify(dev_spade/lib/python3.10/site-packages/pip/_internal/locations/__pycache__) by extensions ['colcon_pkg']
[0.200s] Level 1:colcon.colcon_core.package_identification:_identify(dev_spade/lib/python3.10/site-packages/pip/_internal/locations/__pycache__) by extension 'colcon_pkg'
[0.200s] Level 1:colcon.colcon_core.package_identification:_identify(dev_spade/lib/python3.10/site-packages/pip/_internal/locations/__pycache__) by extensions ['colcon_meta']
[0.200s] Level 1:colcon.colcon_core.package_identification:_identify(dev_spade/lib/python3.10/site-packages/pip/_internal/locations/__pycache__) by extension 'colcon_meta'
[0.200s] Level 1:colcon.colcon_core.package_identification:_identify(dev_spade/lib/python3.10/site-packages/pip/_internal/locations/__pycache__) by extensions ['ros']
[0.200s] Level 1:colcon.colcon_core.package_identification:_identify(dev_spade/lib/python3.10/site-packages/pip/_internal/locations/__pycache__) by extension 'ros'
[0.200s] Level 1:colcon.colcon_core.package_identification:_identify(dev_spade/lib/python3.10/site-packages/pip/_internal/locations/__pycache__) by extensions ['cmake', 'python']
[0.200s] Level 1:colcon.colcon_core.package_identification:_identify(dev_spade/lib/python3.10/site-packages/pip/_internal/locations/__pycache__) by extension 'cmake'
[0.200s] Level 1:colcon.colcon_core.package_identification:_identify(dev_spade/lib/python3.10/site-packages/pip/_internal/locations/__pycache__) by extension 'python'
[0.200s] Level 1:colcon.colcon_core.package_identification:_identify(dev_spade/lib/python3.10/site-packages/pip/_internal/locations/__pycache__) by extensions ['python_setup_py']
[0.200s] Level 1:colcon.colcon_core.package_identification:_identify(dev_spade/lib/python3.10/site-packages/pip/_internal/locations/__pycache__) by extension 'python_setup_py'
[0.200s] Level 1:colcon.colcon_core.package_identification:_identify(dev_spade/lib/python3.10/site-packages/pip/_internal/metadata) by extensions ['ignore', 'ignore_ament_install']
[0.200s] Level 1:colcon.colcon_core.package_identification:_identify(dev_spade/lib/python3.10/site-packages/pip/_internal/metadata) by extension 'ignore'
[0.200s] Level 1:colcon.colcon_core.package_identification:_identify(dev_spade/lib/python3.10/site-packages/pip/_internal/metadata) by extension 'ignore_ament_install'
[0.200s] Level 1:colcon.colcon_core.package_identification:_identify(dev_spade/lib/python3.10/site-packages/pip/_internal/metadata) by extensions ['colcon_pkg']
[0.200s] Level 1:colcon.colcon_core.package_identification:_identify(dev_spade/lib/python3.10/site-packages/pip/_internal/metadata) by extension 'colcon_pkg'
[0.200s] Level 1:colcon.colcon_core.package_identification:_identify(dev_spade/lib/python3.10/site-packages/pip/_internal/metadata) by extensions ['colcon_meta']
[0.201s] Level 1:colcon.colcon_core.package_identification:_identify(dev_spade/lib/python3.10/site-packages/pip/_internal/metadata) by extension 'colcon_meta'
[0.201s] Level 1:colcon.colcon_core.package_identification:_identify(dev_spade/lib/python3.10/site-packages/pip/_internal/metadata) by extensions ['ros']
[0.201s] Level 1:colcon.colcon_core.package_identification:_identify(dev_spade/lib/python3.10/site-packages/pip/_internal/metadata) by extension 'ros'
[0.201s] Level 1:colcon.colcon_core.package_identification:_identify(dev_spade/lib/python3.10/site-packages/pip/_internal/metadata) by extensions ['cmake', 'python']
[0.201s] Level 1:colcon.colcon_core.package_identification:_identify(dev_spade/lib/python3.10/site-packages/pip/_internal/metadata) by extension 'cmake'
[0.201s] Level 1:colcon.colcon_core.package_identification:_identify(dev_spade/lib/python3.10/site-packages/pip/_internal/metadata) by extension 'python'
[0.201s] Level 1:colcon.colcon_core.package_identification:_identify(dev_spade/lib/python3.10/site-packages/pip/_internal/metadata) by extensions ['python_setup_py']
[0.201s] Level 1:colcon.colcon_core.package_identification:_identify(dev_spade/lib/python3.10/site-packages/pip/_internal/metadata) by extension 'python_setup_py'
[0.201s] Level 1:colcon.colcon_core.package_identification:_identify(dev_spade/lib/python3.10/site-packages/pip/_internal/metadata/__pycache__) by extensions ['ignore', 'ignore_ament_install']
[0.201s] Level 1:colcon.colcon_core.package_identification:_identify(dev_spade/lib/python3.10/site-packages/pip/_internal/metadata/__pycache__) by extension 'ignore'
[0.201s] Level 1:colcon.colcon_core.package_identification:_identify(dev_spade/lib/python3.10/site-packages/pip/_internal/metadata/__pycache__) by extension 'ignore_ament_install'
[0.201s] Level 1:colcon.colcon_core.package_identification:_identify(dev_spade/lib/python3.10/site-packages/pip/_internal/metadata/__pycache__) by extensions ['colcon_pkg']
[0.201s] Level 1:colcon.colcon_core.package_identification:_identify(dev_spade/lib/python3.10/site-packages/pip/_internal/metadata/__pycache__) by extension 'colcon_pkg'
[0.201s] Level 1:colcon.colcon_core.package_identification:_identify(dev_spade/lib/python3.10/site-packages/pip/_internal/metadata/__pycache__) by extensions ['colcon_meta']
[0.201s] Level 1:colcon.colcon_core.package_identification:_identify(dev_spade/lib/python3.10/site-packages/pip/_internal/metadata/__pycache__) by extension 'colcon_meta'
[0.201s] Level 1:colcon.colcon_core.package_identification:_identify(dev_spade/lib/python3.10/site-packages/pip/_internal/metadata/__pycache__) by extensions ['ros']
[0.201s] Level 1:colcon.colcon_core.package_identification:_identify(dev_spade/lib/python3.10/site-packages/pip/_internal/metadata/__pycache__) by extension 'ros'
[0.201s] Level 1:colcon.colcon_core.package_identification:_identify(dev_spade/lib/python3.10/site-packages/pip/_internal/metadata/__pycache__) by extensions ['cmake', 'python']
[0.201s] Level 1:colcon.colcon_core.package_identification:_identify(dev_spade/lib/python3.10/site-packages/pip/_internal/metadata/__pycache__) by extension 'cmake'
[0.201s] Level 1:colcon.colcon_core.package_identification:_identify(dev_spade/lib/python3.10/site-packages/pip/_internal/metadata/__pycache__) by extension 'python'
[0.201s] Level 1:colcon.colcon_core.package_identification:_identify(dev_spade/lib/python3.10/site-packages/pip/_internal/metadata/__pycache__) by extensions ['python_setup_py']
[0.201s] Level 1:colcon.colcon_core.package_identification:_identify(dev_spade/lib/python3.10/site-packages/pip/_internal/metadata/__pycache__) by extension 'python_setup_py'
[0.201s] Level 1:colcon.colcon_core.package_identification:_identify(dev_spade/lib/python3.10/site-packages/pip/_internal/models) by extensions ['ignore', 'ignore_ament_install']
[0.201s] Level 1:colcon.colcon_core.package_identification:_identify(dev_spade/lib/python3.10/site-packages/pip/_internal/models) by extension 'ignore'
[0.201s] Level 1:colcon.colcon_core.package_identification:_identify(dev_spade/lib/python3.10/site-packages/pip/_internal/models) by extension 'ignore_ament_install'
[0.201s] Level 1:colcon.colcon_core.package_identification:_identify(dev_spade/lib/python3.10/site-packages/pip/_internal/models) by extensions ['colcon_pkg']
[0.201s] Level 1:colcon.colcon_core.package_identification:_identify(dev_spade/lib/python3.10/site-packages/pip/_internal/models) by extension 'colcon_pkg'
[0.201s] Level 1:colcon.colcon_core.package_identification:_identify(dev_spade/lib/python3.10/site-packages/pip/_internal/models) by extensions ['colcon_meta']
[0.201s] Level 1:colcon.colcon_core.package_identification:_identify(dev_spade/lib/python3.10/site-packages/pip/_internal/models) by extension 'colcon_meta'
[0.201s] Level 1:colcon.colcon_core.package_identification:_identify(dev_spade/lib/python3.10/site-packages/pip/_internal/models) by extensions ['ros']
[0.201s] Level 1:colcon.colcon_core.package_identification:_identify(dev_spade/lib/python3.10/site-packages/pip/_internal/models) by extension 'ros'
[0.201s] Level 1:colcon.colcon_core.package_identification:_identify(dev_spade/lib/python3.10/site-packages/pip/_internal/models) by extensions ['cmake', 'python']
[0.201s] Level 1:colcon.colcon_core.package_identification:_identify(dev_spade/lib/python3.10/site-packages/pip/_internal/models) by extension 'cmake'
[0.201s] Level 1:colcon.colcon_core.package_identification:_identify(dev_spade/lib/python3.10/site-packages/pip/_internal/models) by extension 'python'
[0.201s] Level 1:colcon.colcon_core.package_identification:_identify(dev_spade/lib/python3.10/site-packages/pip/_internal/models) by extensions ['python_setup_py']
[0.201s] Level 1:colcon.colcon_core.package_identification:_identify(dev_spade/lib/python3.10/site-packages/pip/_internal/models) by extension 'python_setup_py'
[0.202s] Level 1:colcon.colcon_core.package_identification:_identify(dev_spade/lib/python3.10/site-packages/pip/_internal/models/__pycache__) by extensions ['ignore', 'ignore_ament_install']
[0.202s] Level 1:colcon.colcon_core.package_identification:_identify(dev_spade/lib/python3.10/site-packages/pip/_internal/models/__pycache__) by extension 'ignore'
[0.202s] Level 1:colcon.colcon_core.package_identification:_identify(dev_spade/lib/python3.10/site-packages/pip/_internal/models/__pycache__) by extension 'ignore_ament_install'
[0.202s] Level 1:colcon.colcon_core.package_identification:_identify(dev_spade/lib/python3.10/site-packages/pip/_internal/models/__pycache__) by extensions ['colcon_pkg']
[0.202s] Level 1:colcon.colcon_core.package_identification:_identify(dev_spade/lib/python3.10/site-packages/pip/_internal/models/__pycache__) by extension 'colcon_pkg'
[0.202s] Level 1:colcon.colcon_core.package_identification:_identify(dev_spade/lib/python3.10/site-packages/pip/_internal/models/__pycache__) by extensions ['colcon_meta']
[0.202s] Level 1:colcon.colcon_core.package_identification:_identify(dev_spade/lib/python3.10/site-packages/pip/_internal/models/__pycache__) by extension 'colcon_meta'
[0.202s] Level 1:colcon.colcon_core.package_identification:_identify(dev_spade/lib/python3.10/site-packages/pip/_internal/models/__pycache__) by extensions ['ros']
[0.202s] Level 1:colcon.colcon_core.package_identification:_identify(dev_spade/lib/python3.10/site-packages/pip/_internal/models/__pycache__) by extension 'ros'
[0.202s] Level 1:colcon.colcon_core.package_identification:_identify(dev_spade/lib/python3.10/site-packages/pip/_internal/models/__pycache__) by extensions ['cmake', 'python']
[0.202s] Level 1:colcon.colcon_core.package_identification:_identify(dev_spade/lib/python3.10/site-packages/pip/_internal/models/__pycache__) by extension 'cmake'
[0.202s] Level 1:colcon.colcon_core.package_identification:_identify(dev_spade/lib/python3.10/site-packages/pip/_internal/models/__pycache__) by extension 'python'
[0.202s] Level 1:colcon.colcon_core.package_identification:_identify(dev_spade/lib/python3.10/site-packages/pip/_internal/models/__pycache__) by extensions ['python_setup_py']
[0.202s] Level 1:colcon.colcon_core.package_identification:_identify(dev_spade/lib/python3.10/site-packages/pip/_internal/models/__pycache__) by extension 'python_setup_py'
[0.202s] Level 1:colcon.colcon_core.package_identification:_identify(dev_spade/lib/python3.10/site-packages/pip/_internal/network) by extensions ['ignore', 'ignore_ament_install']
[0.202s] Level 1:colcon.colcon_core.package_identification:_identify(dev_spade/lib/python3.10/site-packages/pip/_internal/network) by extension 'ignore'
[0.202s] Level 1:colcon.colcon_core.package_identification:_identify(dev_spade/lib/python3.10/site-packages/pip/_internal/network) by extension 'ignore_ament_install'
[0.202s] Level 1:colcon.colcon_core.package_identification:_identify(dev_spade/lib/python3.10/site-packages/pip/_internal/network) by extensions ['colcon_pkg']
[0.202s] Level 1:colcon.colcon_core.package_identification:_identify(dev_spade/lib/python3.10/site-packages/pip/_internal/network) by extension 'colcon_pkg'
[0.202s] Level 1:colcon.colcon_core.package_identification:_identify(dev_spade/lib/python3.10/site-packages/pip/_internal/network) by extensions ['colcon_meta']
[0.202s] Level 1:colcon.colcon_core.package_identification:_identify(dev_spade/lib/python3.10/site-packages/pip/_internal/network) by extension 'colcon_meta'
[0.202s] Level 1:colcon.colcon_core.package_identification:_identify(dev_spade/lib/python3.10/site-packages/pip/_internal/network) by extensions ['ros']
[0.202s] Level 1:colcon.colcon_core.package_identification:_identify(dev_spade/lib/python3.10/site-packages/pip/_internal/network) by extension 'ros'
[0.202s] Level 1:colcon.colcon_core.package_identification:_identify(dev_spade/lib/python3.10/site-packages/pip/_internal/network) by extensions ['cmake', 'python']
[0.202s] Level 1:colcon.colcon_core.package_identification:_identify(dev_spade/lib/python3.10/site-packages/pip/_internal/network) by extension 'cmake'
[0.202s] Level 1:colcon.colcon_core.package_identification:_identify(dev_spade/lib/python3.10/site-packages/pip/_internal/network) by extension 'python'
[0.202s] Level 1:colcon.colcon_core.package_identification:_identify(dev_spade/lib/python3.10/site-packages/pip/_internal/network) by extensions ['python_setup_py']
[0.202s] Level 1:colcon.colcon_core.package_identification:_identify(dev_spade/lib/python3.10/site-packages/pip/_internal/network) by extension 'python_setup_py'
[0.202s] Level 1:colcon.colcon_core.package_identification:_identify(dev_spade/lib/python3.10/site-packages/pip/_internal/network/__pycache__) by extensions ['ignore', 'ignore_ament_install']
[0.202s] Level 1:colcon.colcon_core.package_identification:_identify(dev_spade/lib/python3.10/site-packages/pip/_internal/network/__pycache__) by extension 'ignore'
[0.202s] Level 1:colcon.colcon_core.package_identification:_identify(dev_spade/lib/python3.10/site-packages/pip/_internal/network/__pycache__) by extension 'ignore_ament_install'
[0.202s] Level 1:colcon.colcon_core.package_identification:_identify(dev_spade/lib/python3.10/site-packages/pip/_internal/network/__pycache__) by extensions ['colcon_pkg']
[0.202s] Level 1:colcon.colcon_core.package_identification:_identify(dev_spade/lib/python3.10/site-packages/pip/_internal/network/__pycache__) by extension 'colcon_pkg'
[0.203s] Level 1:colcon.colcon_core.package_identification:_identify(dev_spade/lib/python3.10/site-packages/pip/_internal/network/__pycache__) by extensions ['colcon_meta']
[0.203s] Level 1:colcon.colcon_core.package_identification:_identify(dev_spade/lib/python3.10/site-packages/pip/_internal/network/__pycache__) by extension 'colcon_meta'
[0.203s] Level 1:colcon.colcon_core.package_identification:_identify(dev_spade/lib/python3.10/site-packages/pip/_internal/network/__pycache__) by extensions ['ros']
[0.203s] Level 1:colcon.colcon_core.package_identification:_identify(dev_spade/lib/python3.10/site-packages/pip/_internal/network/__pycache__) by extension 'ros'
[0.203s] Level 1:colcon.colcon_core.package_identification:_identify(dev_spade/lib/python3.10/site-packages/pip/_internal/network/__pycache__) by extensions ['cmake', 'python']
[0.203s] Level 1:colcon.colcon_core.package_identification:_identify(dev_spade/lib/python3.10/site-packages/pip/_internal/network/__pycache__) by extension 'cmake'
[0.203s] Level 1:colcon.colcon_core.package_identification:_identify(dev_spade/lib/python3.10/site-packages/pip/_internal/network/__pycache__) by extension 'python'
[0.203s] Level 1:colcon.colcon_core.package_identification:_identify(dev_spade/lib/python3.10/site-packages/pip/_internal/network/__pycache__) by extensions ['python_setup_py']
[0.203s] Level 1:colcon.colcon_core.package_identification:_identify(dev_spade/lib/python3.10/site-packages/pip/_internal/network/__pycache__) by extension 'python_setup_py'
[0.203s] Level 1:colcon.colcon_core.package_identification:_identify(dev_spade/lib/python3.10/site-packages/pip/_internal/operations) by extensions ['ignore', 'ignore_ament_install']
[0.203s] Level 1:colcon.colcon_core.package_identification:_identify(dev_spade/lib/python3.10/site-packages/pip/_internal/operations) by extension 'ignore'
[0.203s] Level 1:colcon.colcon_core.package_identification:_identify(dev_spade/lib/python3.10/site-packages/pip/_internal/operations) by extension 'ignore_ament_install'
[0.203s] Level 1:colcon.colcon_core.package_identification:_identify(dev_spade/lib/python3.10/site-packages/pip/_internal/operations) by extensions ['colcon_pkg']
[0.203s] Level 1:colcon.colcon_core.package_identification:_identify(dev_spade/lib/python3.10/site-packages/pip/_internal/operations) by extension 'colcon_pkg'
[0.203s] Level 1:colcon.colcon_core.package_identification:_identify(dev_spade/lib/python3.10/site-packages/pip/_internal/operations) by extensions ['colcon_meta']
[0.203s] Level 1:colcon.colcon_core.package_identification:_identify(dev_spade/lib/python3.10/site-packages/pip/_internal/operations) by extension 'colcon_meta'
[0.203s] Level 1:colcon.colcon_core.package_identification:_identify(dev_spade/lib/python3.10/site-packages/pip/_internal/operations) by extensions ['ros']
[0.203s] Level 1:colcon.colcon_core.package_identification:_identify(dev_spade/lib/python3.10/site-packages/pip/_internal/operations) by extension 'ros'
[0.203s] Level 1:colcon.colcon_core.package_identification:_identify(dev_spade/lib/python3.10/site-packages/pip/_internal/operations) by extensions ['cmake', 'python']
[0.203s] Level 1:colcon.colcon_core.package_identification:_identify(dev_spade/lib/python3.10/site-packages/pip/_internal/operations) by extension 'cmake'
[0.203s] Level 1:colcon.colcon_core.package_identification:_identify(dev_spade/lib/python3.10/site-packages/pip/_internal/operations) by extension 'python'
[0.203s] Level 1:colcon.colcon_core.package_identification:_identify(dev_spade/lib/python3.10/site-packages/pip/_internal/operations) by extensions ['python_setup_py']
[0.203s] Level 1:colcon.colcon_core.package_identification:_identify(dev_spade/lib/python3.10/site-packages/pip/_internal/operations) by extension 'python_setup_py'
[0.203s] Level 1:colcon.colcon_core.package_identification:_identify(dev_spade/lib/python3.10/site-packages/pip/_internal/operations/__pycache__) by extensions ['ignore', 'ignore_ament_install']
[0.203s] Level 1:colcon.colcon_core.package_identification:_identify(dev_spade/lib/python3.10/site-packages/pip/_internal/operations/__pycache__) by extension 'ignore'
[0.203s] Level 1:colcon.colcon_core.package_identification:_identify(dev_spade/lib/python3.10/site-packages/pip/_internal/operations/__pycache__) by extension 'ignore_ament_install'
[0.203s] Level 1:colcon.colcon_core.package_identification:_identify(dev_spade/lib/python3.10/site-packages/pip/_internal/operations/__pycache__) by extensions ['colcon_pkg']
[0.203s] Level 1:colcon.colcon_core.package_identification:_identify(dev_spade/lib/python3.10/site-packages/pip/_internal/operations/__pycache__) by extension 'colcon_pkg'
[0.203s] Level 1:colcon.colcon_core.package_identification:_identify(dev_spade/lib/python3.10/site-packages/pip/_internal/operations/__pycache__) by extensions ['colcon_meta']
[0.203s] Level 1:colcon.colcon_core.package_identification:_identify(dev_spade/lib/python3.10/site-packages/pip/_internal/operations/__pycache__) by extension 'colcon_meta'
[0.203s] Level 1:colcon.colcon_core.package_identification:_identify(dev_spade/lib/python3.10/site-packages/pip/_internal/operations/__pycache__) by extensions ['ros']
[0.203s] Level 1:colcon.colcon_core.package_identification:_identify(dev_spade/lib/python3.10/site-packages/pip/_internal/operations/__pycache__) by extension 'ros'
[0.204s] Level 1:colcon.colcon_core.package_identification:_identify(dev_spade/lib/python3.10/site-packages/pip/_internal/operations/__pycache__) by extensions ['cmake', 'python']
[0.204s] Level 1:colcon.colcon_core.package_identification:_identify(dev_spade/lib/python3.10/site-packages/pip/_internal/operations/__pycache__) by extension 'cmake'
[0.204s] Level 1:colcon.colcon_core.package_identification:_identify(dev_spade/lib/python3.10/site-packages/pip/_internal/operations/__pycache__) by extension 'python'
[0.204s] Level 1:colcon.colcon_core.package_identification:_identify(dev_spade/lib/python3.10/site-packages/pip/_internal/operations/__pycache__) by extensions ['python_setup_py']
[0.204s] Level 1:colcon.colcon_core.package_identification:_identify(dev_spade/lib/python3.10/site-packages/pip/_internal/operations/__pycache__) by extension 'python_setup_py'
[0.204s] Level 1:colcon.colcon_core.package_identification:_identify(dev_spade/lib/python3.10/site-packages/pip/_internal/operations/build) by extensions ['ignore', 'ignore_ament_install']
[0.204s] Level 1:colcon.colcon_core.package_identification:_identify(dev_spade/lib/python3.10/site-packages/pip/_internal/operations/build) by extension 'ignore'
[0.204s] Level 1:colcon.colcon_core.package_identification:_identify(dev_spade/lib/python3.10/site-packages/pip/_internal/operations/build) by extension 'ignore_ament_install'
[0.204s] Level 1:colcon.colcon_core.package_identification:_identify(dev_spade/lib/python3.10/site-packages/pip/_internal/operations/build) by extensions ['colcon_pkg']
[0.204s] Level 1:colcon.colcon_core.package_identification:_identify(dev_spade/lib/python3.10/site-packages/pip/_internal/operations/build) by extension 'colcon_pkg'
[0.204s] Level 1:colcon.colcon_core.package_identification:_identify(dev_spade/lib/python3.10/site-packages/pip/_internal/operations/build) by extensions ['colcon_meta']
[0.204s] Level 1:colcon.colcon_core.package_identification:_identify(dev_spade/lib/python3.10/site-packages/pip/_internal/operations/build) by extension 'colcon_meta'
[0.204s] Level 1:colcon.colcon_core.package_identification:_identify(dev_spade/lib/python3.10/site-packages/pip/_internal/operations/build) by extensions ['ros']
[0.204s] Level 1:colcon.colcon_core.package_identification:_identify(dev_spade/lib/python3.10/site-packages/pip/_internal/operations/build) by extension 'ros'
[0.204s] Level 1:colcon.colcon_core.package_identification:_identify(dev_spade/lib/python3.10/site-packages/pip/_internal/operations/build) by extensions ['cmake', 'python']
[0.204s] Level 1:colcon.colcon_core.package_identification:_identify(dev_spade/lib/python3.10/site-packages/pip/_internal/operations/build) by extension 'cmake'
[0.204s] Level 1:colcon.colcon_core.package_identification:_identify(dev_spade/lib/python3.10/site-packages/pip/_internal/operations/build) by extension 'python'
[0.204s] Level 1:colcon.colcon_core.package_identification:_identify(dev_spade/lib/python3.10/site-packages/pip/_internal/operations/build) by extensions ['python_setup_py']
[0.204s] Level 1:colcon.colcon_core.package_identification:_identify(dev_spade/lib/python3.10/site-packages/pip/_internal/operations/build) by extension 'python_setup_py'
[0.204s] Level 1:colcon.colcon_core.package_identification:_identify(dev_spade/lib/python3.10/site-packages/pip/_internal/operations/build/__pycache__) by extensions ['ignore', 'ignore_ament_install']
[0.204s] Level 1:colcon.colcon_core.package_identification:_identify(dev_spade/lib/python3.10/site-packages/pip/_internal/operations/build/__pycache__) by extension 'ignore'
[0.204s] Level 1:colcon.colcon_core.package_identification:_identify(dev_spade/lib/python3.10/site-packages/pip/_internal/operations/build/__pycache__) by extension 'ignore_ament_install'
[0.204s] Level 1:colcon.colcon_core.package_identification:_identify(dev_spade/lib/python3.10/site-packages/pip/_internal/operations/build/__pycache__) by extensions ['colcon_pkg']
[0.204s] Level 1:colcon.colcon_core.package_identification:_identify(dev_spade/lib/python3.10/site-packages/pip/_internal/operations/build/__pycache__) by extension 'colcon_pkg'
[0.204s] Level 1:colcon.colcon_core.package_identification:_identify(dev_spade/lib/python3.10/site-packages/pip/_internal/operations/build/__pycache__) by extensions ['colcon_meta']
[0.204s] Level 1:colcon.colcon_core.package_identification:_identify(dev_spade/lib/python3.10/site-packages/pip/_internal/operations/build/__pycache__) by extension 'colcon_meta'
[0.204s] Level 1:colcon.colcon_core.package_identification:_identify(dev_spade/lib/python3.10/site-packages/pip/_internal/operations/build/__pycache__) by extensions ['ros']
[0.205s] Level 1:colcon.colcon_core.package_identification:_identify(dev_spade/lib/python3.10/site-packages/pip/_internal/operations/build/__pycache__) by extension 'ros'
[0.205s] Level 1:colcon.colcon_core.package_identification:_identify(dev_spade/lib/python3.10/site-packages/pip/_internal/operations/build/__pycache__) by extensions ['cmake', 'python']
[0.205s] Level 1:colcon.colcon_core.package_identification:_identify(dev_spade/lib/python3.10/site-packages/pip/_internal/operations/build/__pycache__) by extension 'cmake'
[0.205s] Level 1:colcon.colcon_core.package_identification:_identify(dev_spade/lib/python3.10/site-packages/pip/_internal/operations/build/__pycache__) by extension 'python'
[0.205s] Level 1:colcon.colcon_core.package_identification:_identify(dev_spade/lib/python3.10/site-packages/pip/_internal/operations/build/__pycache__) by extensions ['python_setup_py']
[0.205s] Level 1:colcon.colcon_core.package_identification:_identify(dev_spade/lib/python3.10/site-packages/pip/_internal/operations/build/__pycache__) by extension 'python_setup_py'
[0.205s] Level 1:colcon.colcon_core.package_identification:_identify(dev_spade/lib/python3.10/site-packages/pip/_internal/operations/install) by extensions ['ignore', 'ignore_ament_install']
[0.205s] Level 1:colcon.colcon_core.package_identification:_identify(dev_spade/lib/python3.10/site-packages/pip/_internal/operations/install) by extension 'ignore'
[0.205s] Level 1:colcon.colcon_core.package_identification:_identify(dev_spade/lib/python3.10/site-packages/pip/_internal/operations/install) by extension 'ignore_ament_install'
[0.205s] Level 1:colcon.colcon_core.package_identification:_identify(dev_spade/lib/python3.10/site-packages/pip/_internal/operations/install) by extensions ['colcon_pkg']
[0.205s] Level 1:colcon.colcon_core.package_identification:_identify(dev_spade/lib/python3.10/site-packages/pip/_internal/operations/install) by extension 'colcon_pkg'
[0.205s] Level 1:colcon.colcon_core.package_identification:_identify(dev_spade/lib/python3.10/site-packages/pip/_internal/operations/install) by extensions ['colcon_meta']
[0.205s] Level 1:colcon.colcon_core.package_identification:_identify(dev_spade/lib/python3.10/site-packages/pip/_internal/operations/install) by extension 'colcon_meta'
[0.205s] Level 1:colcon.colcon_core.package_identification:_identify(dev_spade/lib/python3.10/site-packages/pip/_internal/operations/install) by extensions ['ros']
[0.205s] Level 1:colcon.colcon_core.package_identification:_identify(dev_spade/lib/python3.10/site-packages/pip/_internal/operations/install) by extension 'ros'
[0.205s] Level 1:colcon.colcon_core.package_identification:_identify(dev_spade/lib/python3.10/site-packages/pip/_internal/operations/install) by extensions ['cmake', 'python']
[0.205s] Level 1:colcon.colcon_core.package_identification:_identify(dev_spade/lib/python3.10/site-packages/pip/_internal/operations/install) by extension 'cmake'
[0.205s] Level 1:colcon.colcon_core.package_identification:_identify(dev_spade/lib/python3.10/site-packages/pip/_internal/operations/install) by extension 'python'
[0.205s] Level 1:colcon.colcon_core.package_identification:_identify(dev_spade/lib/python3.10/site-packages/pip/_internal/operations/install) by extensions ['python_setup_py']
[0.205s] Level 1:colcon.colcon_core.package_identification:_identify(dev_spade/lib/python3.10/site-packages/pip/_internal/operations/install) by extension 'python_setup_py'
[0.205s] Level 1:colcon.colcon_core.package_identification:_identify(dev_spade/lib/python3.10/site-packages/pip/_internal/operations/install/__pycache__) by extensions ['ignore', 'ignore_ament_install']
[0.205s] Level 1:colcon.colcon_core.package_identification:_identify(dev_spade/lib/python3.10/site-packages/pip/_internal/operations/install/__pycache__) by extension 'ignore'
[0.205s] Level 1:colcon.colcon_core.package_identification:_identify(dev_spade/lib/python3.10/site-packages/pip/_internal/operations/install/__pycache__) by extension 'ignore_ament_install'
[0.205s] Level 1:colcon.colcon_core.package_identification:_identify(dev_spade/lib/python3.10/site-packages/pip/_internal/operations/install/__pycache__) by extensions ['colcon_pkg']
[0.205s] Level 1:colcon.colcon_core.package_identification:_identify(dev_spade/lib/python3.10/site-packages/pip/_internal/operations/install/__pycache__) by extension 'colcon_pkg'
[0.205s] Level 1:colcon.colcon_core.package_identification:_identify(dev_spade/lib/python3.10/site-packages/pip/_internal/operations/install/__pycache__) by extensions ['colcon_meta']
[0.205s] Level 1:colcon.colcon_core.package_identification:_identify(dev_spade/lib/python3.10/site-packages/pip/_internal/operations/install/__pycache__) by extension 'colcon_meta'
[0.205s] Level 1:colcon.colcon_core.package_identification:_identify(dev_spade/lib/python3.10/site-packages/pip/_internal/operations/install/__pycache__) by extensions ['ros']
[0.205s] Level 1:colcon.colcon_core.package_identification:_identify(dev_spade/lib/python3.10/site-packages/pip/_internal/operations/install/__pycache__) by extension 'ros'
[0.205s] Level 1:colcon.colcon_core.package_identification:_identify(dev_spade/lib/python3.10/site-packages/pip/_internal/operations/install/__pycache__) by extensions ['cmake', 'python']
[0.205s] Level 1:colcon.colcon_core.package_identification:_identify(dev_spade/lib/python3.10/site-packages/pip/_internal/operations/install/__pycache__) by extension 'cmake'
[0.205s] Level 1:colcon.colcon_core.package_identification:_identify(dev_spade/lib/python3.10/site-packages/pip/_internal/operations/install/__pycache__) by extension 'python'
[0.205s] Level 1:colcon.colcon_core.package_identification:_identify(dev_spade/lib/python3.10/site-packages/pip/_internal/operations/install/__pycache__) by extensions ['python_setup_py']
[0.205s] Level 1:colcon.colcon_core.package_identification:_identify(dev_spade/lib/python3.10/site-packages/pip/_internal/operations/install/__pycache__) by extension 'python_setup_py'
[0.206s] Level 1:colcon.colcon_core.package_identification:_identify(dev_spade/lib/python3.10/site-packages/pip/_internal/req) by extensions ['ignore', 'ignore_ament_install']
[0.206s] Level 1:colcon.colcon_core.package_identification:_identify(dev_spade/lib/python3.10/site-packages/pip/_internal/req) by extension 'ignore'
[0.206s] Level 1:colcon.colcon_core.package_identification:_identify(dev_spade/lib/python3.10/site-packages/pip/_internal/req) by extension 'ignore_ament_install'
[0.206s] Level 1:colcon.colcon_core.package_identification:_identify(dev_spade/lib/python3.10/site-packages/pip/_internal/req) by extensions ['colcon_pkg']
[0.206s] Level 1:colcon.colcon_core.package_identification:_identify(dev_spade/lib/python3.10/site-packages/pip/_internal/req) by extension 'colcon_pkg'
[0.206s] Level 1:colcon.colcon_core.package_identification:_identify(dev_spade/lib/python3.10/site-packages/pip/_internal/req) by extensions ['colcon_meta']
[0.206s] Level 1:colcon.colcon_core.package_identification:_identify(dev_spade/lib/python3.10/site-packages/pip/_internal/req) by extension 'colcon_meta'
[0.206s] Level 1:colcon.colcon_core.package_identification:_identify(dev_spade/lib/python3.10/site-packages/pip/_internal/req) by extensions ['ros']
[0.206s] Level 1:colcon.colcon_core.package_identification:_identify(dev_spade/lib/python3.10/site-packages/pip/_internal/req) by extension 'ros'
[0.206s] Level 1:colcon.colcon_core.package_identification:_identify(dev_spade/lib/python3.10/site-packages/pip/_internal/req) by extensions ['cmake', 'python']
[0.206s] Level 1:colcon.colcon_core.package_identification:_identify(dev_spade/lib/python3.10/site-packages/pip/_internal/req) by extension 'cmake'
[0.206s] Level 1:colcon.colcon_core.package_identification:_identify(dev_spade/lib/python3.10/site-packages/pip/_internal/req) by extension 'python'
[0.206s] Level 1:colcon.colcon_core.package_identification:_identify(dev_spade/lib/python3.10/site-packages/pip/_internal/req) by extensions ['python_setup_py']
[0.206s] Level 1:colcon.colcon_core.package_identification:_identify(dev_spade/lib/python3.10/site-packages/pip/_internal/req) by extension 'python_setup_py'
[0.206s] Level 1:colcon.colcon_core.package_identification:_identify(dev_spade/lib/python3.10/site-packages/pip/_internal/req/__pycache__) by extensions ['ignore', 'ignore_ament_install']
[0.206s] Level 1:colcon.colcon_core.package_identification:_identify(dev_spade/lib/python3.10/site-packages/pip/_internal/req/__pycache__) by extension 'ignore'
[0.206s] Level 1:colcon.colcon_core.package_identification:_identify(dev_spade/lib/python3.10/site-packages/pip/_internal/req/__pycache__) by extension 'ignore_ament_install'
[0.206s] Level 1:colcon.colcon_core.package_identification:_identify(dev_spade/lib/python3.10/site-packages/pip/_internal/req/__pycache__) by extensions ['colcon_pkg']
[0.206s] Level 1:colcon.colcon_core.package_identification:_identify(dev_spade/lib/python3.10/site-packages/pip/_internal/req/__pycache__) by extension 'colcon_pkg'
[0.206s] Level 1:colcon.colcon_core.package_identification:_identify(dev_spade/lib/python3.10/site-packages/pip/_internal/req/__pycache__) by extensions ['colcon_meta']
[0.206s] Level 1:colcon.colcon_core.package_identification:_identify(dev_spade/lib/python3.10/site-packages/pip/_internal/req/__pycache__) by extension 'colcon_meta'
[0.206s] Level 1:colcon.colcon_core.package_identification:_identify(dev_spade/lib/python3.10/site-packages/pip/_internal/req/__pycache__) by extensions ['ros']
[0.206s] Level 1:colcon.colcon_core.package_identification:_identify(dev_spade/lib/python3.10/site-packages/pip/_internal/req/__pycache__) by extension 'ros'
[0.206s] Level 1:colcon.colcon_core.package_identification:_identify(dev_spade/lib/python3.10/site-packages/pip/_internal/req/__pycache__) by extensions ['cmake', 'python']
[0.206s] Level 1:colcon.colcon_core.package_identification:_identify(dev_spade/lib/python3.10/site-packages/pip/_internal/req/__pycache__) by extension 'cmake'
[0.206s] Level 1:colcon.colcon_core.package_identification:_identify(dev_spade/lib/python3.10/site-packages/pip/_internal/req/__pycache__) by extension 'python'
[0.206s] Level 1:colcon.colcon_core.package_identification:_identify(dev_spade/lib/python3.10/site-packages/pip/_internal/req/__pycache__) by extensions ['python_setup_py']
[0.206s] Level 1:colcon.colcon_core.package_identification:_identify(dev_spade/lib/python3.10/site-packages/pip/_internal/req/__pycache__) by extension 'python_setup_py'
[0.206s] Level 1:colcon.colcon_core.package_identification:_identify(dev_spade/lib/python3.10/site-packages/pip/_internal/resolution) by extensions ['ignore', 'ignore_ament_install']
[0.206s] Level 1:colcon.colcon_core.package_identification:_identify(dev_spade/lib/python3.10/site-packages/pip/_internal/resolution) by extension 'ignore'
[0.206s] Level 1:colcon.colcon_core.package_identification:_identify(dev_spade/lib/python3.10/site-packages/pip/_internal/resolution) by extension 'ignore_ament_install'
[0.207s] Level 1:colcon.colcon_core.package_identification:_identify(dev_spade/lib/python3.10/site-packages/pip/_internal/resolution) by extensions ['colcon_pkg']
[0.207s] Level 1:colcon.colcon_core.package_identification:_identify(dev_spade/lib/python3.10/site-packages/pip/_internal/resolution) by extension 'colcon_pkg'
[0.207s] Level 1:colcon.colcon_core.package_identification:_identify(dev_spade/lib/python3.10/site-packages/pip/_internal/resolution) by extensions ['colcon_meta']
[0.207s] Level 1:colcon.colcon_core.package_identification:_identify(dev_spade/lib/python3.10/site-packages/pip/_internal/resolution) by extension 'colcon_meta'
[0.207s] Level 1:colcon.colcon_core.package_identification:_identify(dev_spade/lib/python3.10/site-packages/pip/_internal/resolution) by extensions ['ros']
[0.207s] Level 1:colcon.colcon_core.package_identification:_identify(dev_spade/lib/python3.10/site-packages/pip/_internal/resolution) by extension 'ros'
[0.207s] Level 1:colcon.colcon_core.package_identification:_identify(dev_spade/lib/python3.10/site-packages/pip/_internal/resolution) by extensions ['cmake', 'python']
[0.207s] Level 1:colcon.colcon_core.package_identification:_identify(dev_spade/lib/python3.10/site-packages/pip/_internal/resolution) by extension 'cmake'
[0.207s] Level 1:colcon.colcon_core.package_identification:_identify(dev_spade/lib/python3.10/site-packages/pip/_internal/resolution) by extension 'python'
[0.207s] Level 1:colcon.colcon_core.package_identification:_identify(dev_spade/lib/python3.10/site-packages/pip/_internal/resolution) by extensions ['python_setup_py']
[0.207s] Level 1:colcon.colcon_core.package_identification:_identify(dev_spade/lib/python3.10/site-packages/pip/_internal/resolution) by extension 'python_setup_py'
[0.207s] Level 1:colcon.colcon_core.package_identification:_identify(dev_spade/lib/python3.10/site-packages/pip/_internal/resolution/__pycache__) by extensions ['ignore', 'ignore_ament_install']
[0.207s] Level 1:colcon.colcon_core.package_identification:_identify(dev_spade/lib/python3.10/site-packages/pip/_internal/resolution/__pycache__) by extension 'ignore'
[0.207s] Level 1:colcon.colcon_core.package_identification:_identify(dev_spade/lib/python3.10/site-packages/pip/_internal/resolution/__pycache__) by extension 'ignore_ament_install'
[0.207s] Level 1:colcon.colcon_core.package_identification:_identify(dev_spade/lib/python3.10/site-packages/pip/_internal/resolution/__pycache__) by extensions ['colcon_pkg']
[0.207s] Level 1:colcon.colcon_core.package_identification:_identify(dev_spade/lib/python3.10/site-packages/pip/_internal/resolution/__pycache__) by extension 'colcon_pkg'
[0.207s] Level 1:colcon.colcon_core.package_identification:_identify(dev_spade/lib/python3.10/site-packages/pip/_internal/resolution/__pycache__) by extensions ['colcon_meta']
[0.207s] Level 1:colcon.colcon_core.package_identification:_identify(dev_spade/lib/python3.10/site-packages/pip/_internal/resolution/__pycache__) by extension 'colcon_meta'
[0.207s] Level 1:colcon.colcon_core.package_identification:_identify(dev_spade/lib/python3.10/site-packages/pip/_internal/resolution/__pycache__) by extensions ['ros']
[0.207s] Level 1:colcon.colcon_core.package_identification:_identify(dev_spade/lib/python3.10/site-packages/pip/_internal/resolution/__pycache__) by extension 'ros'
[0.207s] Level 1:colcon.colcon_core.package_identification:_identify(dev_spade/lib/python3.10/site-packages/pip/_internal/resolution/__pycache__) by extensions ['cmake', 'python']
[0.207s] Level 1:colcon.colcon_core.package_identification:_identify(dev_spade/lib/python3.10/site-packages/pip/_internal/resolution/__pycache__) by extension 'cmake'
[0.207s] Level 1:colcon.colcon_core.package_identification:_identify(dev_spade/lib/python3.10/site-packages/pip/_internal/resolution/__pycache__) by extension 'python'
[0.207s] Level 1:colcon.colcon_core.package_identification:_identify(dev_spade/lib/python3.10/site-packages/pip/_internal/resolution/__pycache__) by extensions ['python_setup_py']
[0.207s] Level 1:colcon.colcon_core.package_identification:_identify(dev_spade/lib/python3.10/site-packages/pip/_internal/resolution/__pycache__) by extension 'python_setup_py'
[0.207s] Level 1:colcon.colcon_core.package_identification:_identify(dev_spade/lib/python3.10/site-packages/pip/_internal/resolution/legacy) by extensions ['ignore', 'ignore_ament_install']
[0.207s] Level 1:colcon.colcon_core.package_identification:_identify(dev_spade/lib/python3.10/site-packages/pip/_internal/resolution/legacy) by extension 'ignore'
[0.207s] Level 1:colcon.colcon_core.package_identification:_identify(dev_spade/lib/python3.10/site-packages/pip/_internal/resolution/legacy) by extension 'ignore_ament_install'
[0.207s] Level 1:colcon.colcon_core.package_identification:_identify(dev_spade/lib/python3.10/site-packages/pip/_internal/resolution/legacy) by extensions ['colcon_pkg']
[0.207s] Level 1:colcon.colcon_core.package_identification:_identify(dev_spade/lib/python3.10/site-packages/pip/_internal/resolution/legacy) by extension 'colcon_pkg'
[0.207s] Level 1:colcon.colcon_core.package_identification:_identify(dev_spade/lib/python3.10/site-packages/pip/_internal/resolution/legacy) by extensions ['colcon_meta']
[0.207s] Level 1:colcon.colcon_core.package_identification:_identify(dev_spade/lib/python3.10/site-packages/pip/_internal/resolution/legacy) by extension 'colcon_meta'
[0.207s] Level 1:colcon.colcon_core.package_identification:_identify(dev_spade/lib/python3.10/site-packages/pip/_internal/resolution/legacy) by extensions ['ros']
[0.207s] Level 1:colcon.colcon_core.package_identification:_identify(dev_spade/lib/python3.10/site-packages/pip/_internal/resolution/legacy) by extension 'ros'
[0.207s] Level 1:colcon.colcon_core.package_identification:_identify(dev_spade/lib/python3.10/site-packages/pip/_internal/resolution/legacy) by extensions ['cmake', 'python']
[0.208s] Level 1:colcon.colcon_core.package_identification:_identify(dev_spade/lib/python3.10/site-packages/pip/_internal/resolution/legacy) by extension 'cmake'
[0.208s] Level 1:colcon.colcon_core.package_identification:_identify(dev_spade/lib/python3.10/site-packages/pip/_internal/resolution/legacy) by extension 'python'
[0.208s] Level 1:colcon.colcon_core.package_identification:_identify(dev_spade/lib/python3.10/site-packages/pip/_internal/resolution/legacy) by extensions ['python_setup_py']
[0.208s] Level 1:colcon.colcon_core.package_identification:_identify(dev_spade/lib/python3.10/site-packages/pip/_internal/resolution/legacy) by extension 'python_setup_py'
[0.208s] Level 1:colcon.colcon_core.package_identification:_identify(dev_spade/lib/python3.10/site-packages/pip/_internal/resolution/legacy/__pycache__) by extensions ['ignore', 'ignore_ament_install']
[0.208s] Level 1:colcon.colcon_core.package_identification:_identify(dev_spade/lib/python3.10/site-packages/pip/_internal/resolution/legacy/__pycache__) by extension 'ignore'
[0.208s] Level 1:colcon.colcon_core.package_identification:_identify(dev_spade/lib/python3.10/site-packages/pip/_internal/resolution/legacy/__pycache__) by extension 'ignore_ament_install'
[0.208s] Level 1:colcon.colcon_core.package_identification:_identify(dev_spade/lib/python3.10/site-packages/pip/_internal/resolution/legacy/__pycache__) by extensions ['colcon_pkg']
[0.208s] Level 1:colcon.colcon_core.package_identification:_identify(dev_spade/lib/python3.10/site-packages/pip/_internal/resolution/legacy/__pycache__) by extension 'colcon_pkg'
[0.208s] Level 1:colcon.colcon_core.package_identification:_identify(dev_spade/lib/python3.10/site-packages/pip/_internal/resolution/legacy/__pycache__) by extensions ['colcon_meta']
[0.208s] Level 1:colcon.colcon_core.package_identification:_identify(dev_spade/lib/python3.10/site-packages/pip/_internal/resolution/legacy/__pycache__) by extension 'colcon_meta'
[0.208s] Level 1:colcon.colcon_core.package_identification:_identify(dev_spade/lib/python3.10/site-packages/pip/_internal/resolution/legacy/__pycache__) by extensions ['ros']
[0.208s] Level 1:colcon.colcon_core.package_identification:_identify(dev_spade/lib/python3.10/site-packages/pip/_internal/resolution/legacy/__pycache__) by extension 'ros'
[0.208s] Level 1:colcon.colcon_core.package_identification:_identify(dev_spade/lib/python3.10/site-packages/pip/_internal/resolution/legacy/__pycache__) by extensions ['cmake', 'python']
[0.208s] Level 1:colcon.colcon_core.package_identification:_identify(dev_spade/lib/python3.10/site-packages/pip/_internal/resolution/legacy/__pycache__) by extension 'cmake'
[0.208s] Level 1:colcon.colcon_core.package_identification:_identify(dev_spade/lib/python3.10/site-packages/pip/_internal/resolution/legacy/__pycache__) by extension 'python'
[0.208s] Level 1:colcon.colcon_core.package_identification:_identify(dev_spade/lib/python3.10/site-packages/pip/_internal/resolution/legacy/__pycache__) by extensions ['python_setup_py']
[0.208s] Level 1:colcon.colcon_core.package_identification:_identify(dev_spade/lib/python3.10/site-packages/pip/_internal/resolution/legacy/__pycache__) by extension 'python_setup_py'
[0.208s] Level 1:colcon.colcon_core.package_identification:_identify(dev_spade/lib/python3.10/site-packages/pip/_internal/resolution/resolvelib) by extensions ['ignore', 'ignore_ament_install']
[0.208s] Level 1:colcon.colcon_core.package_identification:_identify(dev_spade/lib/python3.10/site-packages/pip/_internal/resolution/resolvelib) by extension 'ignore'
[0.208s] Level 1:colcon.colcon_core.package_identification:_identify(dev_spade/lib/python3.10/site-packages/pip/_internal/resolution/resolvelib) by extension 'ignore_ament_install'
[0.208s] Level 1:colcon.colcon_core.package_identification:_identify(dev_spade/lib/python3.10/site-packages/pip/_internal/resolution/resolvelib) by extensions ['colcon_pkg']
[0.208s] Level 1:colcon.colcon_core.package_identification:_identify(dev_spade/lib/python3.10/site-packages/pip/_internal/resolution/resolvelib) by extension 'colcon_pkg'
[0.208s] Level 1:colcon.colcon_core.package_identification:_identify(dev_spade/lib/python3.10/site-packages/pip/_internal/resolution/resolvelib) by extensions ['colcon_meta']
[0.208s] Level 1:colcon.colcon_core.package_identification:_identify(dev_spade/lib/python3.10/site-packages/pip/_internal/resolution/resolvelib) by extension 'colcon_meta'
[0.208s] Level 1:colcon.colcon_core.package_identification:_identify(dev_spade/lib/python3.10/site-packages/pip/_internal/resolution/resolvelib) by extensions ['ros']
[0.208s] Level 1:colcon.colcon_core.package_identification:_identify(dev_spade/lib/python3.10/site-packages/pip/_internal/resolution/resolvelib) by extension 'ros'
[0.208s] Level 1:colcon.colcon_core.package_identification:_identify(dev_spade/lib/python3.10/site-packages/pip/_internal/resolution/resolvelib) by extensions ['cmake', 'python']
[0.208s] Level 1:colcon.colcon_core.package_identification:_identify(dev_spade/lib/python3.10/site-packages/pip/_internal/resolution/resolvelib) by extension 'cmake'
[0.208s] Level 1:colcon.colcon_core.package_identification:_identify(dev_spade/lib/python3.10/site-packages/pip/_internal/resolution/resolvelib) by extension 'python'
[0.208s] Level 1:colcon.colcon_core.package_identification:_identify(dev_spade/lib/python3.10/site-packages/pip/_internal/resolution/resolvelib) by extensions ['python_setup_py']
[0.208s] Level 1:colcon.colcon_core.package_identification:_identify(dev_spade/lib/python3.10/site-packages/pip/_internal/resolution/resolvelib) by extension 'python_setup_py'
[0.209s] Level 1:colcon.colcon_core.package_identification:_identify(dev_spade/lib/python3.10/site-packages/pip/_internal/resolution/resolvelib/__pycache__) by extensions ['ignore', 'ignore_ament_install']
[0.209s] Level 1:colcon.colcon_core.package_identification:_identify(dev_spade/lib/python3.10/site-packages/pip/_internal/resolution/resolvelib/__pycache__) by extension 'ignore'
[0.209s] Level 1:colcon.colcon_core.package_identification:_identify(dev_spade/lib/python3.10/site-packages/pip/_internal/resolution/resolvelib/__pycache__) by extension 'ignore_ament_install'
[0.209s] Level 1:colcon.colcon_core.package_identification:_identify(dev_spade/lib/python3.10/site-packages/pip/_internal/resolution/resolvelib/__pycache__) by extensions ['colcon_pkg']
[0.209s] Level 1:colcon.colcon_core.package_identification:_identify(dev_spade/lib/python3.10/site-packages/pip/_internal/resolution/resolvelib/__pycache__) by extension 'colcon_pkg'
[0.209s] Level 1:colcon.colcon_core.package_identification:_identify(dev_spade/lib/python3.10/site-packages/pip/_internal/resolution/resolvelib/__pycache__) by extensions ['colcon_meta']
[0.209s] Level 1:colcon.colcon_core.package_identification:_identify(dev_spade/lib/python3.10/site-packages/pip/_internal/resolution/resolvelib/__pycache__) by extension 'colcon_meta'
[0.209s] Level 1:colcon.colcon_core.package_identification:_identify(dev_spade/lib/python3.10/site-packages/pip/_internal/resolution/resolvelib/__pycache__) by extensions ['ros']
[0.209s] Level 1:colcon.colcon_core.package_identification:_identify(dev_spade/lib/python3.10/site-packages/pip/_internal/resolution/resolvelib/__pycache__) by extension 'ros'
[0.209s] Level 1:colcon.colcon_core.package_identification:_identify(dev_spade/lib/python3.10/site-packages/pip/_internal/resolution/resolvelib/__pycache__) by extensions ['cmake', 'python']
[0.209s] Level 1:colcon.colcon_core.package_identification:_identify(dev_spade/lib/python3.10/site-packages/pip/_internal/resolution/resolvelib/__pycache__) by extension 'cmake'
[0.209s] Level 1:colcon.colcon_core.package_identification:_identify(dev_spade/lib/python3.10/site-packages/pip/_internal/resolution/resolvelib/__pycache__) by extension 'python'
[0.209s] Level 1:colcon.colcon_core.package_identification:_identify(dev_spade/lib/python3.10/site-packages/pip/_internal/resolution/resolvelib/__pycache__) by extensions ['python_setup_py']
[0.209s] Level 1:colcon.colcon_core.package_identification:_identify(dev_spade/lib/python3.10/site-packages/pip/_internal/resolution/resolvelib/__pycache__) by extension 'python_setup_py'
[0.209s] Level 1:colcon.colcon_core.package_identification:_identify(dev_spade/lib/python3.10/site-packages/pip/_internal/utils) by extensions ['ignore', 'ignore_ament_install']
[0.209s] Level 1:colcon.colcon_core.package_identification:_identify(dev_spade/lib/python3.10/site-packages/pip/_internal/utils) by extension 'ignore'
[0.209s] Level 1:colcon.colcon_core.package_identification:_identify(dev_spade/lib/python3.10/site-packages/pip/_internal/utils) by extension 'ignore_ament_install'
[0.209s] Level 1:colcon.colcon_core.package_identification:_identify(dev_spade/lib/python3.10/site-packages/pip/_internal/utils) by extensions ['colcon_pkg']
[0.209s] Level 1:colcon.colcon_core.package_identification:_identify(dev_spade/lib/python3.10/site-packages/pip/_internal/utils) by extension 'colcon_pkg'
[0.209s] Level 1:colcon.colcon_core.package_identification:_identify(dev_spade/lib/python3.10/site-packages/pip/_internal/utils) by extensions ['colcon_meta']
[0.209s] Level 1:colcon.colcon_core.package_identification:_identify(dev_spade/lib/python3.10/site-packages/pip/_internal/utils) by extension 'colcon_meta'
[0.209s] Level 1:colcon.colcon_core.package_identification:_identify(dev_spade/lib/python3.10/site-packages/pip/_internal/utils) by extensions ['ros']
[0.209s] Level 1:colcon.colcon_core.package_identification:_identify(dev_spade/lib/python3.10/site-packages/pip/_internal/utils) by extension 'ros'
[0.209s] Level 1:colcon.colcon_core.package_identification:_identify(dev_spade/lib/python3.10/site-packages/pip/_internal/utils) by extensions ['cmake', 'python']
[0.209s] Level 1:colcon.colcon_core.package_identification:_identify(dev_spade/lib/python3.10/site-packages/pip/_internal/utils) by extension 'cmake'
[0.209s] Level 1:colcon.colcon_core.package_identification:_identify(dev_spade/lib/python3.10/site-packages/pip/_internal/utils) by extension 'python'
[0.209s] Level 1:colcon.colcon_core.package_identification:_identify(dev_spade/lib/python3.10/site-packages/pip/_internal/utils) by extensions ['python_setup_py']
[0.209s] Level 1:colcon.colcon_core.package_identification:_identify(dev_spade/lib/python3.10/site-packages/pip/_internal/utils) by extension 'python_setup_py'
[0.209s] Level 1:colcon.colcon_core.package_identification:_identify(dev_spade/lib/python3.10/site-packages/pip/_internal/utils/__pycache__) by extensions ['ignore', 'ignore_ament_install']
[0.210s] Level 1:colcon.colcon_core.package_identification:_identify(dev_spade/lib/python3.10/site-packages/pip/_internal/utils/__pycache__) by extension 'ignore'
[0.210s] Level 1:colcon.colcon_core.package_identification:_identify(dev_spade/lib/python3.10/site-packages/pip/_internal/utils/__pycache__) by extension 'ignore_ament_install'
[0.210s] Level 1:colcon.colcon_core.package_identification:_identify(dev_spade/lib/python3.10/site-packages/pip/_internal/utils/__pycache__) by extensions ['colcon_pkg']
[0.210s] Level 1:colcon.colcon_core.package_identification:_identify(dev_spade/lib/python3.10/site-packages/pip/_internal/utils/__pycache__) by extension 'colcon_pkg'
[0.210s] Level 1:colcon.colcon_core.package_identification:_identify(dev_spade/lib/python3.10/site-packages/pip/_internal/utils/__pycache__) by extensions ['colcon_meta']
[0.210s] Level 1:colcon.colcon_core.package_identification:_identify(dev_spade/lib/python3.10/site-packages/pip/_internal/utils/__pycache__) by extension 'colcon_meta'
[0.210s] Level 1:colcon.colcon_core.package_identification:_identify(dev_spade/lib/python3.10/site-packages/pip/_internal/utils/__pycache__) by extensions ['ros']
[0.210s] Level 1:colcon.colcon_core.package_identification:_identify(dev_spade/lib/python3.10/site-packages/pip/_internal/utils/__pycache__) by extension 'ros'
[0.210s] Level 1:colcon.colcon_core.package_identification:_identify(dev_spade/lib/python3.10/site-packages/pip/_internal/utils/__pycache__) by extensions ['cmake', 'python']
[0.210s] Level 1:colcon.colcon_core.package_identification:_identify(dev_spade/lib/python3.10/site-packages/pip/_internal/utils/__pycache__) by extension 'cmake'
[0.210s] Level 1:colcon.colcon_core.package_identification:_identify(dev_spade/lib/python3.10/site-packages/pip/_internal/utils/__pycache__) by extension 'python'
[0.210s] Level 1:colcon.colcon_core.package_identification:_identify(dev_spade/lib/python3.10/site-packages/pip/_internal/utils/__pycache__) by extensions ['python_setup_py']
[0.210s] Level 1:colcon.colcon_core.package_identification:_identify(dev_spade/lib/python3.10/site-packages/pip/_internal/utils/__pycache__) by extension 'python_setup_py'
[0.210s] Level 1:colcon.colcon_core.package_identification:_identify(dev_spade/lib/python3.10/site-packages/pip/_internal/vcs) by extensions ['ignore', 'ignore_ament_install']
[0.210s] Level 1:colcon.colcon_core.package_identification:_identify(dev_spade/lib/python3.10/site-packages/pip/_internal/vcs) by extension 'ignore'
[0.210s] Level 1:colcon.colcon_core.package_identification:_identify(dev_spade/lib/python3.10/site-packages/pip/_internal/vcs) by extension 'ignore_ament_install'
[0.210s] Level 1:colcon.colcon_core.package_identification:_identify(dev_spade/lib/python3.10/site-packages/pip/_internal/vcs) by extensions ['colcon_pkg']
[0.210s] Level 1:colcon.colcon_core.package_identification:_identify(dev_spade/lib/python3.10/site-packages/pip/_internal/vcs) by extension 'colcon_pkg'
[0.210s] Level 1:colcon.colcon_core.package_identification:_identify(dev_spade/lib/python3.10/site-packages/pip/_internal/vcs) by extensions ['colcon_meta']
[0.210s] Level 1:colcon.colcon_core.package_identification:_identify(dev_spade/lib/python3.10/site-packages/pip/_internal/vcs) by extension 'colcon_meta'
[0.210s] Level 1:colcon.colcon_core.package_identification:_identify(dev_spade/lib/python3.10/site-packages/pip/_internal/vcs) by extensions ['ros']
[0.210s] Level 1:colcon.colcon_core.package_identification:_identify(dev_spade/lib/python3.10/site-packages/pip/_internal/vcs) by extension 'ros'
[0.210s] Level 1:colcon.colcon_core.package_identification:_identify(dev_spade/lib/python3.10/site-packages/pip/_internal/vcs) by extensions ['cmake', 'python']
[0.210s] Level 1:colcon.colcon_core.package_identification:_identify(dev_spade/lib/python3.10/site-packages/pip/_internal/vcs) by extension 'cmake'
[0.210s] Level 1:colcon.colcon_core.package_identification:_identify(dev_spade/lib/python3.10/site-packages/pip/_internal/vcs) by extension 'python'
[0.210s] Level 1:colcon.colcon_core.package_identification:_identify(dev_spade/lib/python3.10/site-packages/pip/_internal/vcs) by extensions ['python_setup_py']
[0.210s] Level 1:colcon.colcon_core.package_identification:_identify(dev_spade/lib/python3.10/site-packages/pip/_internal/vcs) by extension 'python_setup_py'
[0.210s] Level 1:colcon.colcon_core.package_identification:_identify(dev_spade/lib/python3.10/site-packages/pip/_internal/vcs/__pycache__) by extensions ['ignore', 'ignore_ament_install']
[0.210s] Level 1:colcon.colcon_core.package_identification:_identify(dev_spade/lib/python3.10/site-packages/pip/_internal/vcs/__pycache__) by extension 'ignore'
[0.210s] Level 1:colcon.colcon_core.package_identification:_identify(dev_spade/lib/python3.10/site-packages/pip/_internal/vcs/__pycache__) by extension 'ignore_ament_install'
[0.211s] Level 1:colcon.colcon_core.package_identification:_identify(dev_spade/lib/python3.10/site-packages/pip/_internal/vcs/__pycache__) by extensions ['colcon_pkg']
[0.211s] Level 1:colcon.colcon_core.package_identification:_identify(dev_spade/lib/python3.10/site-packages/pip/_internal/vcs/__pycache__) by extension 'colcon_pkg'
[0.211s] Level 1:colcon.colcon_core.package_identification:_identify(dev_spade/lib/python3.10/site-packages/pip/_internal/vcs/__pycache__) by extensions ['colcon_meta']
[0.211s] Level 1:colcon.colcon_core.package_identification:_identify(dev_spade/lib/python3.10/site-packages/pip/_internal/vcs/__pycache__) by extension 'colcon_meta'
[0.211s] Level 1:colcon.colcon_core.package_identification:_identify(dev_spade/lib/python3.10/site-packages/pip/_internal/vcs/__pycache__) by extensions ['ros']
[0.211s] Level 1:colcon.colcon_core.package_identification:_identify(dev_spade/lib/python3.10/site-packages/pip/_internal/vcs/__pycache__) by extension 'ros'
[0.211s] Level 1:colcon.colcon_core.package_identification:_identify(dev_spade/lib/python3.10/site-packages/pip/_internal/vcs/__pycache__) by extensions ['cmake', 'python']
[0.211s] Level 1:colcon.colcon_core.package_identification:_identify(dev_spade/lib/python3.10/site-packages/pip/_internal/vcs/__pycache__) by extension 'cmake'
[0.211s] Level 1:colcon.colcon_core.package_identification:_identify(dev_spade/lib/python3.10/site-packages/pip/_internal/vcs/__pycache__) by extension 'python'
[0.211s] Level 1:colcon.colcon_core.package_identification:_identify(dev_spade/lib/python3.10/site-packages/pip/_internal/vcs/__pycache__) by extensions ['python_setup_py']
[0.211s] Level 1:colcon.colcon_core.package_identification:_identify(dev_spade/lib/python3.10/site-packages/pip/_internal/vcs/__pycache__) by extension 'python_setup_py'
[0.211s] Level 1:colcon.colcon_core.package_identification:_identify(dev_spade/lib/python3.10/site-packages/pip/_vendor) by extensions ['ignore', 'ignore_ament_install']
[0.211s] Level 1:colcon.colcon_core.package_identification:_identify(dev_spade/lib/python3.10/site-packages/pip/_vendor) by extension 'ignore'
[0.211s] Level 1:colcon.colcon_core.package_identification:_identify(dev_spade/lib/python3.10/site-packages/pip/_vendor) by extension 'ignore_ament_install'
[0.211s] Level 1:colcon.colcon_core.package_identification:_identify(dev_spade/lib/python3.10/site-packages/pip/_vendor) by extensions ['colcon_pkg']
[0.211s] Level 1:colcon.colcon_core.package_identification:_identify(dev_spade/lib/python3.10/site-packages/pip/_vendor) by extension 'colcon_pkg'
[0.211s] Level 1:colcon.colcon_core.package_identification:_identify(dev_spade/lib/python3.10/site-packages/pip/_vendor) by extensions ['colcon_meta']
[0.211s] Level 1:colcon.colcon_core.package_identification:_identify(dev_spade/lib/python3.10/site-packages/pip/_vendor) by extension 'colcon_meta'
[0.211s] Level 1:colcon.colcon_core.package_identification:_identify(dev_spade/lib/python3.10/site-packages/pip/_vendor) by extensions ['ros']
[0.211s] Level 1:colcon.colcon_core.package_identification:_identify(dev_spade/lib/python3.10/site-packages/pip/_vendor) by extension 'ros'
[0.211s] Level 1:colcon.colcon_core.package_identification:_identify(dev_spade/lib/python3.10/site-packages/pip/_vendor) by extensions ['cmake', 'python']
[0.211s] Level 1:colcon.colcon_core.package_identification:_identify(dev_spade/lib/python3.10/site-packages/pip/_vendor) by extension 'cmake'
[0.211s] Level 1:colcon.colcon_core.package_identification:_identify(dev_spade/lib/python3.10/site-packages/pip/_vendor) by extension 'python'
[0.211s] Level 1:colcon.colcon_core.package_identification:_identify(dev_spade/lib/python3.10/site-packages/pip/_vendor) by extensions ['python_setup_py']
[0.211s] Level 1:colcon.colcon_core.package_identification:_identify(dev_spade/lib/python3.10/site-packages/pip/_vendor) by extension 'python_setup_py'
[0.211s] Level 1:colcon.colcon_core.package_identification:_identify(dev_spade/lib/python3.10/site-packages/pip/_vendor/__pycache__) by extensions ['ignore', 'ignore_ament_install']
[0.211s] Level 1:colcon.colcon_core.package_identification:_identify(dev_spade/lib/python3.10/site-packages/pip/_vendor/__pycache__) by extension 'ignore'
[0.211s] Level 1:colcon.colcon_core.package_identification:_identify(dev_spade/lib/python3.10/site-packages/pip/_vendor/__pycache__) by extension 'ignore_ament_install'
[0.211s] Level 1:colcon.colcon_core.package_identification:_identify(dev_spade/lib/python3.10/site-packages/pip/_vendor/__pycache__) by extensions ['colcon_pkg']
[0.211s] Level 1:colcon.colcon_core.package_identification:_identify(dev_spade/lib/python3.10/site-packages/pip/_vendor/__pycache__) by extension 'colcon_pkg'
[0.211s] Level 1:colcon.colcon_core.package_identification:_identify(dev_spade/lib/python3.10/site-packages/pip/_vendor/__pycache__) by extensions ['colcon_meta']
[0.211s] Level 1:colcon.colcon_core.package_identification:_identify(dev_spade/lib/python3.10/site-packages/pip/_vendor/__pycache__) by extension 'colcon_meta'
[0.212s] Level 1:colcon.colcon_core.package_identification:_identify(dev_spade/lib/python3.10/site-packages/pip/_vendor/__pycache__) by extensions ['ros']
[0.212s] Level 1:colcon.colcon_core.package_identification:_identify(dev_spade/lib/python3.10/site-packages/pip/_vendor/__pycache__) by extension 'ros'
[0.212s] Level 1:colcon.colcon_core.package_identification:_identify(dev_spade/lib/python3.10/site-packages/pip/_vendor/__pycache__) by extensions ['cmake', 'python']
[0.212s] Level 1:colcon.colcon_core.package_identification:_identify(dev_spade/lib/python3.10/site-packages/pip/_vendor/__pycache__) by extension 'cmake'
[0.212s] Level 1:colcon.colcon_core.package_identification:_identify(dev_spade/lib/python3.10/site-packages/pip/_vendor/__pycache__) by extension 'python'
[0.212s] Level 1:colcon.colcon_core.package_identification:_identify(dev_spade/lib/python3.10/site-packages/pip/_vendor/__pycache__) by extensions ['python_setup_py']
[0.212s] Level 1:colcon.colcon_core.package_identification:_identify(dev_spade/lib/python3.10/site-packages/pip/_vendor/__pycache__) by extension 'python_setup_py'
[0.212s] Level 1:colcon.colcon_core.package_identification:_identify(dev_spade/lib/python3.10/site-packages/pip/_vendor/cachecontrol) by extensions ['ignore', 'ignore_ament_install']
[0.212s] Level 1:colcon.colcon_core.package_identification:_identify(dev_spade/lib/python3.10/site-packages/pip/_vendor/cachecontrol) by extension 'ignore'
[0.212s] Level 1:colcon.colcon_core.package_identification:_identify(dev_spade/lib/python3.10/site-packages/pip/_vendor/cachecontrol) by extension 'ignore_ament_install'
[0.212s] Level 1:colcon.colcon_core.package_identification:_identify(dev_spade/lib/python3.10/site-packages/pip/_vendor/cachecontrol) by extensions ['colcon_pkg']
[0.212s] Level 1:colcon.colcon_core.package_identification:_identify(dev_spade/lib/python3.10/site-packages/pip/_vendor/cachecontrol) by extension 'colcon_pkg'
[0.212s] Level 1:colcon.colcon_core.package_identification:_identify(dev_spade/lib/python3.10/site-packages/pip/_vendor/cachecontrol) by extensions ['colcon_meta']
[0.212s] Level 1:colcon.colcon_core.package_identification:_identify(dev_spade/lib/python3.10/site-packages/pip/_vendor/cachecontrol) by extension 'colcon_meta'
[0.212s] Level 1:colcon.colcon_core.package_identification:_identify(dev_spade/lib/python3.10/site-packages/pip/_vendor/cachecontrol) by extensions ['ros']
[0.212s] Level 1:colcon.colcon_core.package_identification:_identify(dev_spade/lib/python3.10/site-packages/pip/_vendor/cachecontrol) by extension 'ros'
[0.212s] Level 1:colcon.colcon_core.package_identification:_identify(dev_spade/lib/python3.10/site-packages/pip/_vendor/cachecontrol) by extensions ['cmake', 'python']
[0.212s] Level 1:colcon.colcon_core.package_identification:_identify(dev_spade/lib/python3.10/site-packages/pip/_vendor/cachecontrol) by extension 'cmake'
[0.212s] Level 1:colcon.colcon_core.package_identification:_identify(dev_spade/lib/python3.10/site-packages/pip/_vendor/cachecontrol) by extension 'python'
[0.212s] Level 1:colcon.colcon_core.package_identification:_identify(dev_spade/lib/python3.10/site-packages/pip/_vendor/cachecontrol) by extensions ['python_setup_py']
[0.212s] Level 1:colcon.colcon_core.package_identification:_identify(dev_spade/lib/python3.10/site-packages/pip/_vendor/cachecontrol) by extension 'python_setup_py'
[0.212s] Level 1:colcon.colcon_core.package_identification:_identify(dev_spade/lib/python3.10/site-packages/pip/_vendor/cachecontrol/__pycache__) by extensions ['ignore', 'ignore_ament_install']
[0.212s] Level 1:colcon.colcon_core.package_identification:_identify(dev_spade/lib/python3.10/site-packages/pip/_vendor/cachecontrol/__pycache__) by extension 'ignore'
[0.212s] Level 1:colcon.colcon_core.package_identification:_identify(dev_spade/lib/python3.10/site-packages/pip/_vendor/cachecontrol/__pycache__) by extension 'ignore_ament_install'
[0.212s] Level 1:colcon.colcon_core.package_identification:_identify(dev_spade/lib/python3.10/site-packages/pip/_vendor/cachecontrol/__pycache__) by extensions ['colcon_pkg']
[0.212s] Level 1:colcon.colcon_core.package_identification:_identify(dev_spade/lib/python3.10/site-packages/pip/_vendor/cachecontrol/__pycache__) by extension 'colcon_pkg'
[0.212s] Level 1:colcon.colcon_core.package_identification:_identify(dev_spade/lib/python3.10/site-packages/pip/_vendor/cachecontrol/__pycache__) by extensions ['colcon_meta']
[0.212s] Level 1:colcon.colcon_core.package_identification:_identify(dev_spade/lib/python3.10/site-packages/pip/_vendor/cachecontrol/__pycache__) by extension 'colcon_meta'
[0.212s] Level 1:colcon.colcon_core.package_identification:_identify(dev_spade/lib/python3.10/site-packages/pip/_vendor/cachecontrol/__pycache__) by extensions ['ros']
[0.212s] Level 1:colcon.colcon_core.package_identification:_identify(dev_spade/lib/python3.10/site-packages/pip/_vendor/cachecontrol/__pycache__) by extension 'ros'
[0.213s] Level 1:colcon.colcon_core.package_identification:_identify(dev_spade/lib/python3.10/site-packages/pip/_vendor/cachecontrol/__pycache__) by extensions ['cmake', 'python']
[0.213s] Level 1:colcon.colcon_core.package_identification:_identify(dev_spade/lib/python3.10/site-packages/pip/_vendor/cachecontrol/__pycache__) by extension 'cmake'
[0.213s] Level 1:colcon.colcon_core.package_identification:_identify(dev_spade/lib/python3.10/site-packages/pip/_vendor/cachecontrol/__pycache__) by extension 'python'
[0.213s] Level 1:colcon.colcon_core.package_identification:_identify(dev_spade/lib/python3.10/site-packages/pip/_vendor/cachecontrol/__pycache__) by extensions ['python_setup_py']
[0.213s] Level 1:colcon.colcon_core.package_identification:_identify(dev_spade/lib/python3.10/site-packages/pip/_vendor/cachecontrol/__pycache__) by extension 'python_setup_py'
[0.213s] Level 1:colcon.colcon_core.package_identification:_identify(dev_spade/lib/python3.10/site-packages/pip/_vendor/cachecontrol/caches) by extensions ['ignore', 'ignore_ament_install']
[0.213s] Level 1:colcon.colcon_core.package_identification:_identify(dev_spade/lib/python3.10/site-packages/pip/_vendor/cachecontrol/caches) by extension 'ignore'
[0.213s] Level 1:colcon.colcon_core.package_identification:_identify(dev_spade/lib/python3.10/site-packages/pip/_vendor/cachecontrol/caches) by extension 'ignore_ament_install'
[0.213s] Level 1:colcon.colcon_core.package_identification:_identify(dev_spade/lib/python3.10/site-packages/pip/_vendor/cachecontrol/caches) by extensions ['colcon_pkg']
[0.213s] Level 1:colcon.colcon_core.package_identification:_identify(dev_spade/lib/python3.10/site-packages/pip/_vendor/cachecontrol/caches) by extension 'colcon_pkg'
[0.213s] Level 1:colcon.colcon_core.package_identification:_identify(dev_spade/lib/python3.10/site-packages/pip/_vendor/cachecontrol/caches) by extensions ['colcon_meta']
[0.213s] Level 1:colcon.colcon_core.package_identification:_identify(dev_spade/lib/python3.10/site-packages/pip/_vendor/cachecontrol/caches) by extension 'colcon_meta'
[0.213s] Level 1:colcon.colcon_core.package_identification:_identify(dev_spade/lib/python3.10/site-packages/pip/_vendor/cachecontrol/caches) by extensions ['ros']
[0.213s] Level 1:colcon.colcon_core.package_identification:_identify(dev_spade/lib/python3.10/site-packages/pip/_vendor/cachecontrol/caches) by extension 'ros'
[0.213s] Level 1:colcon.colcon_core.package_identification:_identify(dev_spade/lib/python3.10/site-packages/pip/_vendor/cachecontrol/caches) by extensions ['cmake', 'python']
[0.213s] Level 1:colcon.colcon_core.package_identification:_identify(dev_spade/lib/python3.10/site-packages/pip/_vendor/cachecontrol/caches) by extension 'cmake'
[0.213s] Level 1:colcon.colcon_core.package_identification:_identify(dev_spade/lib/python3.10/site-packages/pip/_vendor/cachecontrol/caches) by extension 'python'
[0.213s] Level 1:colcon.colcon_core.package_identification:_identify(dev_spade/lib/python3.10/site-packages/pip/_vendor/cachecontrol/caches) by extensions ['python_setup_py']
[0.213s] Level 1:colcon.colcon_core.package_identification:_identify(dev_spade/lib/python3.10/site-packages/pip/_vendor/cachecontrol/caches) by extension 'python_setup_py'
[0.213s] Level 1:colcon.colcon_core.package_identification:_identify(dev_spade/lib/python3.10/site-packages/pip/_vendor/cachecontrol/caches/__pycache__) by extensions ['ignore', 'ignore_ament_install']
[0.213s] Level 1:colcon.colcon_core.package_identification:_identify(dev_spade/lib/python3.10/site-packages/pip/_vendor/cachecontrol/caches/__pycache__) by extension 'ignore'
[0.213s] Level 1:colcon.colcon_core.package_identification:_identify(dev_spade/lib/python3.10/site-packages/pip/_vendor/cachecontrol/caches/__pycache__) by extension 'ignore_ament_install'
[0.213s] Level 1:colcon.colcon_core.package_identification:_identify(dev_spade/lib/python3.10/site-packages/pip/_vendor/cachecontrol/caches/__pycache__) by extensions ['colcon_pkg']
[0.213s] Level 1:colcon.colcon_core.package_identification:_identify(dev_spade/lib/python3.10/site-packages/pip/_vendor/cachecontrol/caches/__pycache__) by extension 'colcon_pkg'
[0.213s] Level 1:colcon.colcon_core.package_identification:_identify(dev_spade/lib/python3.10/site-packages/pip/_vendor/cachecontrol/caches/__pycache__) by extensions ['colcon_meta']
[0.213s] Level 1:colcon.colcon_core.package_identification:_identify(dev_spade/lib/python3.10/site-packages/pip/_vendor/cachecontrol/caches/__pycache__) by extension 'colcon_meta'
[0.213s] Level 1:colcon.colcon_core.package_identification:_identify(dev_spade/lib/python3.10/site-packages/pip/_vendor/cachecontrol/caches/__pycache__) by extensions ['ros']
[0.213s] Level 1:colcon.colcon_core.package_identification:_identify(dev_spade/lib/python3.10/site-packages/pip/_vendor/cachecontrol/caches/__pycache__) by extension 'ros'
[0.213s] Level 1:colcon.colcon_core.package_identification:_identify(dev_spade/lib/python3.10/site-packages/pip/_vendor/cachecontrol/caches/__pycache__) by extensions ['cmake', 'python']
[0.213s] Level 1:colcon.colcon_core.package_identification:_identify(dev_spade/lib/python3.10/site-packages/pip/_vendor/cachecontrol/caches/__pycache__) by extension 'cmake'
[0.213s] Level 1:colcon.colcon_core.package_identification:_identify(dev_spade/lib/python3.10/site-packages/pip/_vendor/cachecontrol/caches/__pycache__) by extension 'python'
[0.213s] Level 1:colcon.colcon_core.package_identification:_identify(dev_spade/lib/python3.10/site-packages/pip/_vendor/cachecontrol/caches/__pycache__) by extensions ['python_setup_py']
[0.213s] Level 1:colcon.colcon_core.package_identification:_identify(dev_spade/lib/python3.10/site-packages/pip/_vendor/cachecontrol/caches/__pycache__) by extension 'python_setup_py'
[0.214s] Level 1:colcon.colcon_core.package_identification:_identify(dev_spade/lib/python3.10/site-packages/pip/_vendor/certifi) by extensions ['ignore', 'ignore_ament_install']
[0.214s] Level 1:colcon.colcon_core.package_identification:_identify(dev_spade/lib/python3.10/site-packages/pip/_vendor/certifi) by extension 'ignore'
[0.214s] Level 1:colcon.colcon_core.package_identification:_identify(dev_spade/lib/python3.10/site-packages/pip/_vendor/certifi) by extension 'ignore_ament_install'
[0.214s] Level 1:colcon.colcon_core.package_identification:_identify(dev_spade/lib/python3.10/site-packages/pip/_vendor/certifi) by extensions ['colcon_pkg']
[0.214s] Level 1:colcon.colcon_core.package_identification:_identify(dev_spade/lib/python3.10/site-packages/pip/_vendor/certifi) by extension 'colcon_pkg'
[0.214s] Level 1:colcon.colcon_core.package_identification:_identify(dev_spade/lib/python3.10/site-packages/pip/_vendor/certifi) by extensions ['colcon_meta']
[0.214s] Level 1:colcon.colcon_core.package_identification:_identify(dev_spade/lib/python3.10/site-packages/pip/_vendor/certifi) by extension 'colcon_meta'
[0.214s] Level 1:colcon.colcon_core.package_identification:_identify(dev_spade/lib/python3.10/site-packages/pip/_vendor/certifi) by extensions ['ros']
[0.214s] Level 1:colcon.colcon_core.package_identification:_identify(dev_spade/lib/python3.10/site-packages/pip/_vendor/certifi) by extension 'ros'
[0.214s] Level 1:colcon.colcon_core.package_identification:_identify(dev_spade/lib/python3.10/site-packages/pip/_vendor/certifi) by extensions ['cmake', 'python']
[0.214s] Level 1:colcon.colcon_core.package_identification:_identify(dev_spade/lib/python3.10/site-packages/pip/_vendor/certifi) by extension 'cmake'
[0.214s] Level 1:colcon.colcon_core.package_identification:_identify(dev_spade/lib/python3.10/site-packages/pip/_vendor/certifi) by extension 'python'
[0.214s] Level 1:colcon.colcon_core.package_identification:_identify(dev_spade/lib/python3.10/site-packages/pip/_vendor/certifi) by extensions ['python_setup_py']
[0.214s] Level 1:colcon.colcon_core.package_identification:_identify(dev_spade/lib/python3.10/site-packages/pip/_vendor/certifi) by extension 'python_setup_py'
[0.214s] Level 1:colcon.colcon_core.package_identification:_identify(dev_spade/lib/python3.10/site-packages/pip/_vendor/certifi/__pycache__) by extensions ['ignore', 'ignore_ament_install']
[0.214s] Level 1:colcon.colcon_core.package_identification:_identify(dev_spade/lib/python3.10/site-packages/pip/_vendor/certifi/__pycache__) by extension 'ignore'
[0.214s] Level 1:colcon.colcon_core.package_identification:_identify(dev_spade/lib/python3.10/site-packages/pip/_vendor/certifi/__pycache__) by extension 'ignore_ament_install'
[0.214s] Level 1:colcon.colcon_core.package_identification:_identify(dev_spade/lib/python3.10/site-packages/pip/_vendor/certifi/__pycache__) by extensions ['colcon_pkg']
[0.214s] Level 1:colcon.colcon_core.package_identification:_identify(dev_spade/lib/python3.10/site-packages/pip/_vendor/certifi/__pycache__) by extension 'colcon_pkg'
[0.214s] Level 1:colcon.colcon_core.package_identification:_identify(dev_spade/lib/python3.10/site-packages/pip/_vendor/certifi/__pycache__) by extensions ['colcon_meta']
[0.214s] Level 1:colcon.colcon_core.package_identification:_identify(dev_spade/lib/python3.10/site-packages/pip/_vendor/certifi/__pycache__) by extension 'colcon_meta'
[0.214s] Level 1:colcon.colcon_core.package_identification:_identify(dev_spade/lib/python3.10/site-packages/pip/_vendor/certifi/__pycache__) by extensions ['ros']
[0.214s] Level 1:colcon.colcon_core.package_identification:_identify(dev_spade/lib/python3.10/site-packages/pip/_vendor/certifi/__pycache__) by extension 'ros'
[0.214s] Level 1:colcon.colcon_core.package_identification:_identify(dev_spade/lib/python3.10/site-packages/pip/_vendor/certifi/__pycache__) by extensions ['cmake', 'python']
[0.214s] Level 1:colcon.colcon_core.package_identification:_identify(dev_spade/lib/python3.10/site-packages/pip/_vendor/certifi/__pycache__) by extension 'cmake'
[0.214s] Level 1:colcon.colcon_core.package_identification:_identify(dev_spade/lib/python3.10/site-packages/pip/_vendor/certifi/__pycache__) by extension 'python'
[0.214s] Level 1:colcon.colcon_core.package_identification:_identify(dev_spade/lib/python3.10/site-packages/pip/_vendor/certifi/__pycache__) by extensions ['python_setup_py']
[0.214s] Level 1:colcon.colcon_core.package_identification:_identify(dev_spade/lib/python3.10/site-packages/pip/_vendor/certifi/__pycache__) by extension 'python_setup_py'
[0.214s] Level 1:colcon.colcon_core.package_identification:_identify(dev_spade/lib/python3.10/site-packages/pip/_vendor/chardet) by extensions ['ignore', 'ignore_ament_install']
[0.214s] Level 1:colcon.colcon_core.package_identification:_identify(dev_spade/lib/python3.10/site-packages/pip/_vendor/chardet) by extension 'ignore'
[0.214s] Level 1:colcon.colcon_core.package_identification:_identify(dev_spade/lib/python3.10/site-packages/pip/_vendor/chardet) by extension 'ignore_ament_install'
[0.214s] Level 1:colcon.colcon_core.package_identification:_identify(dev_spade/lib/python3.10/site-packages/pip/_vendor/chardet) by extensions ['colcon_pkg']
[0.214s] Level 1:colcon.colcon_core.package_identification:_identify(dev_spade/lib/python3.10/site-packages/pip/_vendor/chardet) by extension 'colcon_pkg'
[0.215s] Level 1:colcon.colcon_core.package_identification:_identify(dev_spade/lib/python3.10/site-packages/pip/_vendor/chardet) by extensions ['colcon_meta']
[0.215s] Level 1:colcon.colcon_core.package_identification:_identify(dev_spade/lib/python3.10/site-packages/pip/_vendor/chardet) by extension 'colcon_meta'
[0.215s] Level 1:colcon.colcon_core.package_identification:_identify(dev_spade/lib/python3.10/site-packages/pip/_vendor/chardet) by extensions ['ros']
[0.215s] Level 1:colcon.colcon_core.package_identification:_identify(dev_spade/lib/python3.10/site-packages/pip/_vendor/chardet) by extension 'ros'
[0.215s] Level 1:colcon.colcon_core.package_identification:_identify(dev_spade/lib/python3.10/site-packages/pip/_vendor/chardet) by extensions ['cmake', 'python']
[0.215s] Level 1:colcon.colcon_core.package_identification:_identify(dev_spade/lib/python3.10/site-packages/pip/_vendor/chardet) by extension 'cmake'
[0.215s] Level 1:colcon.colcon_core.package_identification:_identify(dev_spade/lib/python3.10/site-packages/pip/_vendor/chardet) by extension 'python'
[0.215s] Level 1:colcon.colcon_core.package_identification:_identify(dev_spade/lib/python3.10/site-packages/pip/_vendor/chardet) by extensions ['python_setup_py']
[0.215s] Level 1:colcon.colcon_core.package_identification:_identify(dev_spade/lib/python3.10/site-packages/pip/_vendor/chardet) by extension 'python_setup_py'
[0.215s] Level 1:colcon.colcon_core.package_identification:_identify(dev_spade/lib/python3.10/site-packages/pip/_vendor/chardet/__pycache__) by extensions ['ignore', 'ignore_ament_install']
[0.215s] Level 1:colcon.colcon_core.package_identification:_identify(dev_spade/lib/python3.10/site-packages/pip/_vendor/chardet/__pycache__) by extension 'ignore'
[0.215s] Level 1:colcon.colcon_core.package_identification:_identify(dev_spade/lib/python3.10/site-packages/pip/_vendor/chardet/__pycache__) by extension 'ignore_ament_install'
[0.215s] Level 1:colcon.colcon_core.package_identification:_identify(dev_spade/lib/python3.10/site-packages/pip/_vendor/chardet/__pycache__) by extensions ['colcon_pkg']
[0.215s] Level 1:colcon.colcon_core.package_identification:_identify(dev_spade/lib/python3.10/site-packages/pip/_vendor/chardet/__pycache__) by extension 'colcon_pkg'
[0.215s] Level 1:colcon.colcon_core.package_identification:_identify(dev_spade/lib/python3.10/site-packages/pip/_vendor/chardet/__pycache__) by extensions ['colcon_meta']
[0.215s] Level 1:colcon.colcon_core.package_identification:_identify(dev_spade/lib/python3.10/site-packages/pip/_vendor/chardet/__pycache__) by extension 'colcon_meta'
[0.215s] Level 1:colcon.colcon_core.package_identification:_identify(dev_spade/lib/python3.10/site-packages/pip/_vendor/chardet/__pycache__) by extensions ['ros']
[0.215s] Level 1:colcon.colcon_core.package_identification:_identify(dev_spade/lib/python3.10/site-packages/pip/_vendor/chardet/__pycache__) by extension 'ros'
[0.215s] Level 1:colcon.colcon_core.package_identification:_identify(dev_spade/lib/python3.10/site-packages/pip/_vendor/chardet/__pycache__) by extensions ['cmake', 'python']
[0.215s] Level 1:colcon.colcon_core.package_identification:_identify(dev_spade/lib/python3.10/site-packages/pip/_vendor/chardet/__pycache__) by extension 'cmake'
[0.215s] Level 1:colcon.colcon_core.package_identification:_identify(dev_spade/lib/python3.10/site-packages/pip/_vendor/chardet/__pycache__) by extension 'python'
[0.215s] Level 1:colcon.colcon_core.package_identification:_identify(dev_spade/lib/python3.10/site-packages/pip/_vendor/chardet/__pycache__) by extensions ['python_setup_py']
[0.215s] Level 1:colcon.colcon_core.package_identification:_identify(dev_spade/lib/python3.10/site-packages/pip/_vendor/chardet/__pycache__) by extension 'python_setup_py'
[0.215s] Level 1:colcon.colcon_core.package_identification:_identify(dev_spade/lib/python3.10/site-packages/pip/_vendor/chardet/cli) by extensions ['ignore', 'ignore_ament_install']
[0.215s] Level 1:colcon.colcon_core.package_identification:_identify(dev_spade/lib/python3.10/site-packages/pip/_vendor/chardet/cli) by extension 'ignore'
[0.215s] Level 1:colcon.colcon_core.package_identification:_identify(dev_spade/lib/python3.10/site-packages/pip/_vendor/chardet/cli) by extension 'ignore_ament_install'
[0.215s] Level 1:colcon.colcon_core.package_identification:_identify(dev_spade/lib/python3.10/site-packages/pip/_vendor/chardet/cli) by extensions ['colcon_pkg']
[0.215s] Level 1:colcon.colcon_core.package_identification:_identify(dev_spade/lib/python3.10/site-packages/pip/_vendor/chardet/cli) by extension 'colcon_pkg'
[0.216s] Level 1:colcon.colcon_core.package_identification:_identify(dev_spade/lib/python3.10/site-packages/pip/_vendor/chardet/cli) by extensions ['colcon_meta']
[0.216s] Level 1:colcon.colcon_core.package_identification:_identify(dev_spade/lib/python3.10/site-packages/pip/_vendor/chardet/cli) by extension 'colcon_meta'
[0.216s] Level 1:colcon.colcon_core.package_identification:_identify(dev_spade/lib/python3.10/site-packages/pip/_vendor/chardet/cli) by extensions ['ros']
[0.216s] Level 1:colcon.colcon_core.package_identification:_identify(dev_spade/lib/python3.10/site-packages/pip/_vendor/chardet/cli) by extension 'ros'
[0.216s] Level 1:colcon.colcon_core.package_identification:_identify(dev_spade/lib/python3.10/site-packages/pip/_vendor/chardet/cli) by extensions ['cmake', 'python']
[0.216s] Level 1:colcon.colcon_core.package_identification:_identify(dev_spade/lib/python3.10/site-packages/pip/_vendor/chardet/cli) by extension 'cmake'
[0.216s] Level 1:colcon.colcon_core.package_identification:_identify(dev_spade/lib/python3.10/site-packages/pip/_vendor/chardet/cli) by extension 'python'
[0.216s] Level 1:colcon.colcon_core.package_identification:_identify(dev_spade/lib/python3.10/site-packages/pip/_vendor/chardet/cli) by extensions ['python_setup_py']
[0.216s] Level 1:colcon.colcon_core.package_identification:_identify(dev_spade/lib/python3.10/site-packages/pip/_vendor/chardet/cli) by extension 'python_setup_py'
[0.216s] Level 1:colcon.colcon_core.package_identification:_identify(dev_spade/lib/python3.10/site-packages/pip/_vendor/chardet/cli/__pycache__) by extensions ['ignore', 'ignore_ament_install']
[0.216s] Level 1:colcon.colcon_core.package_identification:_identify(dev_spade/lib/python3.10/site-packages/pip/_vendor/chardet/cli/__pycache__) by extension 'ignore'
[0.216s] Level 1:colcon.colcon_core.package_identification:_identify(dev_spade/lib/python3.10/site-packages/pip/_vendor/chardet/cli/__pycache__) by extension 'ignore_ament_install'
[0.216s] Level 1:colcon.colcon_core.package_identification:_identify(dev_spade/lib/python3.10/site-packages/pip/_vendor/chardet/cli/__pycache__) by extensions ['colcon_pkg']
[0.216s] Level 1:colcon.colcon_core.package_identification:_identify(dev_spade/lib/python3.10/site-packages/pip/_vendor/chardet/cli/__pycache__) by extension 'colcon_pkg'
[0.216s] Level 1:colcon.colcon_core.package_identification:_identify(dev_spade/lib/python3.10/site-packages/pip/_vendor/chardet/cli/__pycache__) by extensions ['colcon_meta']
[0.216s] Level 1:colcon.colcon_core.package_identification:_identify(dev_spade/lib/python3.10/site-packages/pip/_vendor/chardet/cli/__pycache__) by extension 'colcon_meta'
[0.216s] Level 1:colcon.colcon_core.package_identification:_identify(dev_spade/lib/python3.10/site-packages/pip/_vendor/chardet/cli/__pycache__) by extensions ['ros']
[0.216s] Level 1:colcon.colcon_core.package_identification:_identify(dev_spade/lib/python3.10/site-packages/pip/_vendor/chardet/cli/__pycache__) by extension 'ros'
[0.216s] Level 1:colcon.colcon_core.package_identification:_identify(dev_spade/lib/python3.10/site-packages/pip/_vendor/chardet/cli/__pycache__) by extensions ['cmake', 'python']
[0.216s] Level 1:colcon.colcon_core.package_identification:_identify(dev_spade/lib/python3.10/site-packages/pip/_vendor/chardet/cli/__pycache__) by extension 'cmake'
[0.216s] Level 1:colcon.colcon_core.package_identification:_identify(dev_spade/lib/python3.10/site-packages/pip/_vendor/chardet/cli/__pycache__) by extension 'python'
[0.216s] Level 1:colcon.colcon_core.package_identification:_identify(dev_spade/lib/python3.10/site-packages/pip/_vendor/chardet/cli/__pycache__) by extensions ['python_setup_py']
[0.216s] Level 1:colcon.colcon_core.package_identification:_identify(dev_spade/lib/python3.10/site-packages/pip/_vendor/chardet/cli/__pycache__) by extension 'python_setup_py'
[0.216s] Level 1:colcon.colcon_core.package_identification:_identify(dev_spade/lib/python3.10/site-packages/pip/_vendor/chardet/metadata) by extensions ['ignore', 'ignore_ament_install']
[0.216s] Level 1:colcon.colcon_core.package_identification:_identify(dev_spade/lib/python3.10/site-packages/pip/_vendor/chardet/metadata) by extension 'ignore'
[0.216s] Level 1:colcon.colcon_core.package_identification:_identify(dev_spade/lib/python3.10/site-packages/pip/_vendor/chardet/metadata) by extension 'ignore_ament_install'
[0.216s] Level 1:colcon.colcon_core.package_identification:_identify(dev_spade/lib/python3.10/site-packages/pip/_vendor/chardet/metadata) by extensions ['colcon_pkg']
[0.216s] Level 1:colcon.colcon_core.package_identification:_identify(dev_spade/lib/python3.10/site-packages/pip/_vendor/chardet/metadata) by extension 'colcon_pkg'
[0.216s] Level 1:colcon.colcon_core.package_identification:_identify(dev_spade/lib/python3.10/site-packages/pip/_vendor/chardet/metadata) by extensions ['colcon_meta']
[0.216s] Level 1:colcon.colcon_core.package_identification:_identify(dev_spade/lib/python3.10/site-packages/pip/_vendor/chardet/metadata) by extension 'colcon_meta'
[0.217s] Level 1:colcon.colcon_core.package_identification:_identify(dev_spade/lib/python3.10/site-packages/pip/_vendor/chardet/metadata) by extensions ['ros']
[0.217s] Level 1:colcon.colcon_core.package_identification:_identify(dev_spade/lib/python3.10/site-packages/pip/_vendor/chardet/metadata) by extension 'ros'
[0.217s] Level 1:colcon.colcon_core.package_identification:_identify(dev_spade/lib/python3.10/site-packages/pip/_vendor/chardet/metadata) by extensions ['cmake', 'python']
[0.217s] Level 1:colcon.colcon_core.package_identification:_identify(dev_spade/lib/python3.10/site-packages/pip/_vendor/chardet/metadata) by extension 'cmake'
[0.217s] Level 1:colcon.colcon_core.package_identification:_identify(dev_spade/lib/python3.10/site-packages/pip/_vendor/chardet/metadata) by extension 'python'
[0.217s] Level 1:colcon.colcon_core.package_identification:_identify(dev_spade/lib/python3.10/site-packages/pip/_vendor/chardet/metadata) by extensions ['python_setup_py']
[0.217s] Level 1:colcon.colcon_core.package_identification:_identify(dev_spade/lib/python3.10/site-packages/pip/_vendor/chardet/metadata) by extension 'python_setup_py'
[0.217s] Level 1:colcon.colcon_core.package_identification:_identify(dev_spade/lib/python3.10/site-packages/pip/_vendor/chardet/metadata/__pycache__) by extensions ['ignore', 'ignore_ament_install']
[0.217s] Level 1:colcon.colcon_core.package_identification:_identify(dev_spade/lib/python3.10/site-packages/pip/_vendor/chardet/metadata/__pycache__) by extension 'ignore'
[0.217s] Level 1:colcon.colcon_core.package_identification:_identify(dev_spade/lib/python3.10/site-packages/pip/_vendor/chardet/metadata/__pycache__) by extension 'ignore_ament_install'
[0.217s] Level 1:colcon.colcon_core.package_identification:_identify(dev_spade/lib/python3.10/site-packages/pip/_vendor/chardet/metadata/__pycache__) by extensions ['colcon_pkg']
[0.217s] Level 1:colcon.colcon_core.package_identification:_identify(dev_spade/lib/python3.10/site-packages/pip/_vendor/chardet/metadata/__pycache__) by extension 'colcon_pkg'
[0.217s] Level 1:colcon.colcon_core.package_identification:_identify(dev_spade/lib/python3.10/site-packages/pip/_vendor/chardet/metadata/__pycache__) by extensions ['colcon_meta']
[0.217s] Level 1:colcon.colcon_core.package_identification:_identify(dev_spade/lib/python3.10/site-packages/pip/_vendor/chardet/metadata/__pycache__) by extension 'colcon_meta'
[0.217s] Level 1:colcon.colcon_core.package_identification:_identify(dev_spade/lib/python3.10/site-packages/pip/_vendor/chardet/metadata/__pycache__) by extensions ['ros']
[0.217s] Level 1:colcon.colcon_core.package_identification:_identify(dev_spade/lib/python3.10/site-packages/pip/_vendor/chardet/metadata/__pycache__) by extension 'ros'
[0.217s] Level 1:colcon.colcon_core.package_identification:_identify(dev_spade/lib/python3.10/site-packages/pip/_vendor/chardet/metadata/__pycache__) by extensions ['cmake', 'python']
[0.217s] Level 1:colcon.colcon_core.package_identification:_identify(dev_spade/lib/python3.10/site-packages/pip/_vendor/chardet/metadata/__pycache__) by extension 'cmake'
[0.217s] Level 1:colcon.colcon_core.package_identification:_identify(dev_spade/lib/python3.10/site-packages/pip/_vendor/chardet/metadata/__pycache__) by extension 'python'
[0.217s] Level 1:colcon.colcon_core.package_identification:_identify(dev_spade/lib/python3.10/site-packages/pip/_vendor/chardet/metadata/__pycache__) by extensions ['python_setup_py']
[0.217s] Level 1:colcon.colcon_core.package_identification:_identify(dev_spade/lib/python3.10/site-packages/pip/_vendor/chardet/metadata/__pycache__) by extension 'python_setup_py'
[0.217s] Level 1:colcon.colcon_core.package_identification:_identify(dev_spade/lib/python3.10/site-packages/pip/_vendor/colorama) by extensions ['ignore', 'ignore_ament_install']
[0.217s] Level 1:colcon.colcon_core.package_identification:_identify(dev_spade/lib/python3.10/site-packages/pip/_vendor/colorama) by extension 'ignore'
[0.217s] Level 1:colcon.colcon_core.package_identification:_identify(dev_spade/lib/python3.10/site-packages/pip/_vendor/colorama) by extension 'ignore_ament_install'
[0.217s] Level 1:colcon.colcon_core.package_identification:_identify(dev_spade/lib/python3.10/site-packages/pip/_vendor/colorama) by extensions ['colcon_pkg']
[0.217s] Level 1:colcon.colcon_core.package_identification:_identify(dev_spade/lib/python3.10/site-packages/pip/_vendor/colorama) by extension 'colcon_pkg'
[0.217s] Level 1:colcon.colcon_core.package_identification:_identify(dev_spade/lib/python3.10/site-packages/pip/_vendor/colorama) by extensions ['colcon_meta']
[0.217s] Level 1:colcon.colcon_core.package_identification:_identify(dev_spade/lib/python3.10/site-packages/pip/_vendor/colorama) by extension 'colcon_meta'
[0.217s] Level 1:colcon.colcon_core.package_identification:_identify(dev_spade/lib/python3.10/site-packages/pip/_vendor/colorama) by extensions ['ros']
[0.217s] Level 1:colcon.colcon_core.package_identification:_identify(dev_spade/lib/python3.10/site-packages/pip/_vendor/colorama) by extension 'ros'
[0.217s] Level 1:colcon.colcon_core.package_identification:_identify(dev_spade/lib/python3.10/site-packages/pip/_vendor/colorama) by extensions ['cmake', 'python']
[0.217s] Level 1:colcon.colcon_core.package_identification:_identify(dev_spade/lib/python3.10/site-packages/pip/_vendor/colorama) by extension 'cmake'
[0.218s] Level 1:colcon.colcon_core.package_identification:_identify(dev_spade/lib/python3.10/site-packages/pip/_vendor/colorama) by extension 'python'
[0.218s] Level 1:colcon.colcon_core.package_identification:_identify(dev_spade/lib/python3.10/site-packages/pip/_vendor/colorama) by extensions ['python_setup_py']
[0.218s] Level 1:colcon.colcon_core.package_identification:_identify(dev_spade/lib/python3.10/site-packages/pip/_vendor/colorama) by extension 'python_setup_py'
[0.218s] Level 1:colcon.colcon_core.package_identification:_identify(dev_spade/lib/python3.10/site-packages/pip/_vendor/colorama/__pycache__) by extensions ['ignore', 'ignore_ament_install']
[0.218s] Level 1:colcon.colcon_core.package_identification:_identify(dev_spade/lib/python3.10/site-packages/pip/_vendor/colorama/__pycache__) by extension 'ignore'
[0.218s] Level 1:colcon.colcon_core.package_identification:_identify(dev_spade/lib/python3.10/site-packages/pip/_vendor/colorama/__pycache__) by extension 'ignore_ament_install'
[0.218s] Level 1:colcon.colcon_core.package_identification:_identify(dev_spade/lib/python3.10/site-packages/pip/_vendor/colorama/__pycache__) by extensions ['colcon_pkg']
[0.218s] Level 1:colcon.colcon_core.package_identification:_identify(dev_spade/lib/python3.10/site-packages/pip/_vendor/colorama/__pycache__) by extension 'colcon_pkg'
[0.218s] Level 1:colcon.colcon_core.package_identification:_identify(dev_spade/lib/python3.10/site-packages/pip/_vendor/colorama/__pycache__) by extensions ['colcon_meta']
[0.218s] Level 1:colcon.colcon_core.package_identification:_identify(dev_spade/lib/python3.10/site-packages/pip/_vendor/colorama/__pycache__) by extension 'colcon_meta'
[0.218s] Level 1:colcon.colcon_core.package_identification:_identify(dev_spade/lib/python3.10/site-packages/pip/_vendor/colorama/__pycache__) by extensions ['ros']
[0.218s] Level 1:colcon.colcon_core.package_identification:_identify(dev_spade/lib/python3.10/site-packages/pip/_vendor/colorama/__pycache__) by extension 'ros'
[0.218s] Level 1:colcon.colcon_core.package_identification:_identify(dev_spade/lib/python3.10/site-packages/pip/_vendor/colorama/__pycache__) by extensions ['cmake', 'python']
[0.218s] Level 1:colcon.colcon_core.package_identification:_identify(dev_spade/lib/python3.10/site-packages/pip/_vendor/colorama/__pycache__) by extension 'cmake'
[0.218s] Level 1:colcon.colcon_core.package_identification:_identify(dev_spade/lib/python3.10/site-packages/pip/_vendor/colorama/__pycache__) by extension 'python'
[0.218s] Level 1:colcon.colcon_core.package_identification:_identify(dev_spade/lib/python3.10/site-packages/pip/_vendor/colorama/__pycache__) by extensions ['python_setup_py']
[0.218s] Level 1:colcon.colcon_core.package_identification:_identify(dev_spade/lib/python3.10/site-packages/pip/_vendor/colorama/__pycache__) by extension 'python_setup_py'
[0.218s] Level 1:colcon.colcon_core.package_identification:_identify(dev_spade/lib/python3.10/site-packages/pip/_vendor/distlib) by extensions ['ignore', 'ignore_ament_install']
[0.218s] Level 1:colcon.colcon_core.package_identification:_identify(dev_spade/lib/python3.10/site-packages/pip/_vendor/distlib) by extension 'ignore'
[0.218s] Level 1:colcon.colcon_core.package_identification:_identify(dev_spade/lib/python3.10/site-packages/pip/_vendor/distlib) by extension 'ignore_ament_install'
[0.218s] Level 1:colcon.colcon_core.package_identification:_identify(dev_spade/lib/python3.10/site-packages/pip/_vendor/distlib) by extensions ['colcon_pkg']
[0.218s] Level 1:colcon.colcon_core.package_identification:_identify(dev_spade/lib/python3.10/site-packages/pip/_vendor/distlib) by extension 'colcon_pkg'
[0.218s] Level 1:colcon.colcon_core.package_identification:_identify(dev_spade/lib/python3.10/site-packages/pip/_vendor/distlib) by extensions ['colcon_meta']
[0.218s] Level 1:colcon.colcon_core.package_identification:_identify(dev_spade/lib/python3.10/site-packages/pip/_vendor/distlib) by extension 'colcon_meta'
[0.218s] Level 1:colcon.colcon_core.package_identification:_identify(dev_spade/lib/python3.10/site-packages/pip/_vendor/distlib) by extensions ['ros']
[0.218s] Level 1:colcon.colcon_core.package_identification:_identify(dev_spade/lib/python3.10/site-packages/pip/_vendor/distlib) by extension 'ros'
[0.218s] Level 1:colcon.colcon_core.package_identification:_identify(dev_spade/lib/python3.10/site-packages/pip/_vendor/distlib) by extensions ['cmake', 'python']
[0.218s] Level 1:colcon.colcon_core.package_identification:_identify(dev_spade/lib/python3.10/site-packages/pip/_vendor/distlib) by extension 'cmake'
[0.218s] Level 1:colcon.colcon_core.package_identification:_identify(dev_spade/lib/python3.10/site-packages/pip/_vendor/distlib) by extension 'python'
[0.218s] Level 1:colcon.colcon_core.package_identification:_identify(dev_spade/lib/python3.10/site-packages/pip/_vendor/distlib) by extensions ['python_setup_py']
[0.218s] Level 1:colcon.colcon_core.package_identification:_identify(dev_spade/lib/python3.10/site-packages/pip/_vendor/distlib) by extension 'python_setup_py'
[0.219s] Level 1:colcon.colcon_core.package_identification:_identify(dev_spade/lib/python3.10/site-packages/pip/_vendor/distlib/__pycache__) by extensions ['ignore', 'ignore_ament_install']
[0.219s] Level 1:colcon.colcon_core.package_identification:_identify(dev_spade/lib/python3.10/site-packages/pip/_vendor/distlib/__pycache__) by extension 'ignore'
[0.219s] Level 1:colcon.colcon_core.package_identification:_identify(dev_spade/lib/python3.10/site-packages/pip/_vendor/distlib/__pycache__) by extension 'ignore_ament_install'
[0.219s] Level 1:colcon.colcon_core.package_identification:_identify(dev_spade/lib/python3.10/site-packages/pip/_vendor/distlib/__pycache__) by extensions ['colcon_pkg']
[0.219s] Level 1:colcon.colcon_core.package_identification:_identify(dev_spade/lib/python3.10/site-packages/pip/_vendor/distlib/__pycache__) by extension 'colcon_pkg'
[0.219s] Level 1:colcon.colcon_core.package_identification:_identify(dev_spade/lib/python3.10/site-packages/pip/_vendor/distlib/__pycache__) by extensions ['colcon_meta']
[0.219s] Level 1:colcon.colcon_core.package_identification:_identify(dev_spade/lib/python3.10/site-packages/pip/_vendor/distlib/__pycache__) by extension 'colcon_meta'
[0.219s] Level 1:colcon.colcon_core.package_identification:_identify(dev_spade/lib/python3.10/site-packages/pip/_vendor/distlib/__pycache__) by extensions ['ros']
[0.219s] Level 1:colcon.colcon_core.package_identification:_identify(dev_spade/lib/python3.10/site-packages/pip/_vendor/distlib/__pycache__) by extension 'ros'
[0.219s] Level 1:colcon.colcon_core.package_identification:_identify(dev_spade/lib/python3.10/site-packages/pip/_vendor/distlib/__pycache__) by extensions ['cmake', 'python']
[0.219s] Level 1:colcon.colcon_core.package_identification:_identify(dev_spade/lib/python3.10/site-packages/pip/_vendor/distlib/__pycache__) by extension 'cmake'
[0.219s] Level 1:colcon.colcon_core.package_identification:_identify(dev_spade/lib/python3.10/site-packages/pip/_vendor/distlib/__pycache__) by extension 'python'
[0.219s] Level 1:colcon.colcon_core.package_identification:_identify(dev_spade/lib/python3.10/site-packages/pip/_vendor/distlib/__pycache__) by extensions ['python_setup_py']
[0.219s] Level 1:colcon.colcon_core.package_identification:_identify(dev_spade/lib/python3.10/site-packages/pip/_vendor/distlib/__pycache__) by extension 'python_setup_py'
[0.219s] Level 1:colcon.colcon_core.package_identification:_identify(dev_spade/lib/python3.10/site-packages/pip/_vendor/html5lib) by extensions ['ignore', 'ignore_ament_install']
[0.219s] Level 1:colcon.colcon_core.package_identification:_identify(dev_spade/lib/python3.10/site-packages/pip/_vendor/html5lib) by extension 'ignore'
[0.219s] Level 1:colcon.colcon_core.package_identification:_identify(dev_spade/lib/python3.10/site-packages/pip/_vendor/html5lib) by extension 'ignore_ament_install'
[0.219s] Level 1:colcon.colcon_core.package_identification:_identify(dev_spade/lib/python3.10/site-packages/pip/_vendor/html5lib) by extensions ['colcon_pkg']
[0.219s] Level 1:colcon.colcon_core.package_identification:_identify(dev_spade/lib/python3.10/site-packages/pip/_vendor/html5lib) by extension 'colcon_pkg'
[0.219s] Level 1:colcon.colcon_core.package_identification:_identify(dev_spade/lib/python3.10/site-packages/pip/_vendor/html5lib) by extensions ['colcon_meta']
[0.219s] Level 1:colcon.colcon_core.package_identification:_identify(dev_spade/lib/python3.10/site-packages/pip/_vendor/html5lib) by extension 'colcon_meta'
[0.219s] Level 1:colcon.colcon_core.package_identification:_identify(dev_spade/lib/python3.10/site-packages/pip/_vendor/html5lib) by extensions ['ros']
[0.219s] Level 1:colcon.colcon_core.package_identification:_identify(dev_spade/lib/python3.10/site-packages/pip/_vendor/html5lib) by extension 'ros'
[0.219s] Level 1:colcon.colcon_core.package_identification:_identify(dev_spade/lib/python3.10/site-packages/pip/_vendor/html5lib) by extensions ['cmake', 'python']
[0.219s] Level 1:colcon.colcon_core.package_identification:_identify(dev_spade/lib/python3.10/site-packages/pip/_vendor/html5lib) by extension 'cmake'
[0.219s] Level 1:colcon.colcon_core.package_identification:_identify(dev_spade/lib/python3.10/site-packages/pip/_vendor/html5lib) by extension 'python'
[0.219s] Level 1:colcon.colcon_core.package_identification:_identify(dev_spade/lib/python3.10/site-packages/pip/_vendor/html5lib) by extensions ['python_setup_py']
[0.219s] Level 1:colcon.colcon_core.package_identification:_identify(dev_spade/lib/python3.10/site-packages/pip/_vendor/html5lib) by extension 'python_setup_py'
[0.219s] Level 1:colcon.colcon_core.package_identification:_identify(dev_spade/lib/python3.10/site-packages/pip/_vendor/html5lib/__pycache__) by extensions ['ignore', 'ignore_ament_install']
[0.219s] Level 1:colcon.colcon_core.package_identification:_identify(dev_spade/lib/python3.10/site-packages/pip/_vendor/html5lib/__pycache__) by extension 'ignore'
[0.220s] Level 1:colcon.colcon_core.package_identification:_identify(dev_spade/lib/python3.10/site-packages/pip/_vendor/html5lib/__pycache__) by extension 'ignore_ament_install'
[0.220s] Level 1:colcon.colcon_core.package_identification:_identify(dev_spade/lib/python3.10/site-packages/pip/_vendor/html5lib/__pycache__) by extensions ['colcon_pkg']
[0.220s] Level 1:colcon.colcon_core.package_identification:_identify(dev_spade/lib/python3.10/site-packages/pip/_vendor/html5lib/__pycache__) by extension 'colcon_pkg'
[0.220s] Level 1:colcon.colcon_core.package_identification:_identify(dev_spade/lib/python3.10/site-packages/pip/_vendor/html5lib/__pycache__) by extensions ['colcon_meta']
[0.220s] Level 1:colcon.colcon_core.package_identification:_identify(dev_spade/lib/python3.10/site-packages/pip/_vendor/html5lib/__pycache__) by extension 'colcon_meta'
[0.220s] Level 1:colcon.colcon_core.package_identification:_identify(dev_spade/lib/python3.10/site-packages/pip/_vendor/html5lib/__pycache__) by extensions ['ros']
[0.220s] Level 1:colcon.colcon_core.package_identification:_identify(dev_spade/lib/python3.10/site-packages/pip/_vendor/html5lib/__pycache__) by extension 'ros'
[0.220s] Level 1:colcon.colcon_core.package_identification:_identify(dev_spade/lib/python3.10/site-packages/pip/_vendor/html5lib/__pycache__) by extensions ['cmake', 'python']
[0.220s] Level 1:colcon.colcon_core.package_identification:_identify(dev_spade/lib/python3.10/site-packages/pip/_vendor/html5lib/__pycache__) by extension 'cmake'
[0.220s] Level 1:colcon.colcon_core.package_identification:_identify(dev_spade/lib/python3.10/site-packages/pip/_vendor/html5lib/__pycache__) by extension 'python'
[0.220s] Level 1:colcon.colcon_core.package_identification:_identify(dev_spade/lib/python3.10/site-packages/pip/_vendor/html5lib/__pycache__) by extensions ['python_setup_py']
[0.220s] Level 1:colcon.colcon_core.package_identification:_identify(dev_spade/lib/python3.10/site-packages/pip/_vendor/html5lib/__pycache__) by extension 'python_setup_py'
[0.220s] Level 1:colcon.colcon_core.package_identification:_identify(dev_spade/lib/python3.10/site-packages/pip/_vendor/html5lib/_trie) by extensions ['ignore', 'ignore_ament_install']
[0.220s] Level 1:colcon.colcon_core.package_identification:_identify(dev_spade/lib/python3.10/site-packages/pip/_vendor/html5lib/_trie) by extension 'ignore'
[0.220s] Level 1:colcon.colcon_core.package_identification:_identify(dev_spade/lib/python3.10/site-packages/pip/_vendor/html5lib/_trie) by extension 'ignore_ament_install'
[0.220s] Level 1:colcon.colcon_core.package_identification:_identify(dev_spade/lib/python3.10/site-packages/pip/_vendor/html5lib/_trie) by extensions ['colcon_pkg']
[0.220s] Level 1:colcon.colcon_core.package_identification:_identify(dev_spade/lib/python3.10/site-packages/pip/_vendor/html5lib/_trie) by extension 'colcon_pkg'
[0.220s] Level 1:colcon.colcon_core.package_identification:_identify(dev_spade/lib/python3.10/site-packages/pip/_vendor/html5lib/_trie) by extensions ['colcon_meta']
[0.220s] Level 1:colcon.colcon_core.package_identification:_identify(dev_spade/lib/python3.10/site-packages/pip/_vendor/html5lib/_trie) by extension 'colcon_meta'
[0.220s] Level 1:colcon.colcon_core.package_identification:_identify(dev_spade/lib/python3.10/site-packages/pip/_vendor/html5lib/_trie) by extensions ['ros']
[0.220s] Level 1:colcon.colcon_core.package_identification:_identify(dev_spade/lib/python3.10/site-packages/pip/_vendor/html5lib/_trie) by extension 'ros'
[0.220s] Level 1:colcon.colcon_core.package_identification:_identify(dev_spade/lib/python3.10/site-packages/pip/_vendor/html5lib/_trie) by extensions ['cmake', 'python']
[0.220s] Level 1:colcon.colcon_core.package_identification:_identify(dev_spade/lib/python3.10/site-packages/pip/_vendor/html5lib/_trie) by extension 'cmake'
[0.220s] Level 1:colcon.colcon_core.package_identification:_identify(dev_spade/lib/python3.10/site-packages/pip/_vendor/html5lib/_trie) by extension 'python'
[0.220s] Level 1:colcon.colcon_core.package_identification:_identify(dev_spade/lib/python3.10/site-packages/pip/_vendor/html5lib/_trie) by extensions ['python_setup_py']
[0.220s] Level 1:colcon.colcon_core.package_identification:_identify(dev_spade/lib/python3.10/site-packages/pip/_vendor/html5lib/_trie) by extension 'python_setup_py'
[0.220s] Level 1:colcon.colcon_core.package_identification:_identify(dev_spade/lib/python3.10/site-packages/pip/_vendor/html5lib/_trie/__pycache__) by extensions ['ignore', 'ignore_ament_install']
[0.220s] Level 1:colcon.colcon_core.package_identification:_identify(dev_spade/lib/python3.10/site-packages/pip/_vendor/html5lib/_trie/__pycache__) by extension 'ignore'
[0.220s] Level 1:colcon.colcon_core.package_identification:_identify(dev_spade/lib/python3.10/site-packages/pip/_vendor/html5lib/_trie/__pycache__) by extension 'ignore_ament_install'
[0.220s] Level 1:colcon.colcon_core.package_identification:_identify(dev_spade/lib/python3.10/site-packages/pip/_vendor/html5lib/_trie/__pycache__) by extensions ['colcon_pkg']
[0.220s] Level 1:colcon.colcon_core.package_identification:_identify(dev_spade/lib/python3.10/site-packages/pip/_vendor/html5lib/_trie/__pycache__) by extension 'colcon_pkg'
[0.221s] Level 1:colcon.colcon_core.package_identification:_identify(dev_spade/lib/python3.10/site-packages/pip/_vendor/html5lib/_trie/__pycache__) by extensions ['colcon_meta']
[0.221s] Level 1:colcon.colcon_core.package_identification:_identify(dev_spade/lib/python3.10/site-packages/pip/_vendor/html5lib/_trie/__pycache__) by extension 'colcon_meta'
[0.221s] Level 1:colcon.colcon_core.package_identification:_identify(dev_spade/lib/python3.10/site-packages/pip/_vendor/html5lib/_trie/__pycache__) by extensions ['ros']
[0.221s] Level 1:colcon.colcon_core.package_identification:_identify(dev_spade/lib/python3.10/site-packages/pip/_vendor/html5lib/_trie/__pycache__) by extension 'ros'
[0.221s] Level 1:colcon.colcon_core.package_identification:_identify(dev_spade/lib/python3.10/site-packages/pip/_vendor/html5lib/_trie/__pycache__) by extensions ['cmake', 'python']
[0.221s] Level 1:colcon.colcon_core.package_identification:_identify(dev_spade/lib/python3.10/site-packages/pip/_vendor/html5lib/_trie/__pycache__) by extension 'cmake'
[0.221s] Level 1:colcon.colcon_core.package_identification:_identify(dev_spade/lib/python3.10/site-packages/pip/_vendor/html5lib/_trie/__pycache__) by extension 'python'
[0.221s] Level 1:colcon.colcon_core.package_identification:_identify(dev_spade/lib/python3.10/site-packages/pip/_vendor/html5lib/_trie/__pycache__) by extensions ['python_setup_py']
[0.221s] Level 1:colcon.colcon_core.package_identification:_identify(dev_spade/lib/python3.10/site-packages/pip/_vendor/html5lib/_trie/__pycache__) by extension 'python_setup_py'
[0.221s] Level 1:colcon.colcon_core.package_identification:_identify(dev_spade/lib/python3.10/site-packages/pip/_vendor/html5lib/filters) by extensions ['ignore', 'ignore_ament_install']
[0.221s] Level 1:colcon.colcon_core.package_identification:_identify(dev_spade/lib/python3.10/site-packages/pip/_vendor/html5lib/filters) by extension 'ignore'
[0.221s] Level 1:colcon.colcon_core.package_identification:_identify(dev_spade/lib/python3.10/site-packages/pip/_vendor/html5lib/filters) by extension 'ignore_ament_install'
[0.221s] Level 1:colcon.colcon_core.package_identification:_identify(dev_spade/lib/python3.10/site-packages/pip/_vendor/html5lib/filters) by extensions ['colcon_pkg']
[0.221s] Level 1:colcon.colcon_core.package_identification:_identify(dev_spade/lib/python3.10/site-packages/pip/_vendor/html5lib/filters) by extension 'colcon_pkg'
[0.221s] Level 1:colcon.colcon_core.package_identification:_identify(dev_spade/lib/python3.10/site-packages/pip/_vendor/html5lib/filters) by extensions ['colcon_meta']
[0.221s] Level 1:colcon.colcon_core.package_identification:_identify(dev_spade/lib/python3.10/site-packages/pip/_vendor/html5lib/filters) by extension 'colcon_meta'
[0.221s] Level 1:colcon.colcon_core.package_identification:_identify(dev_spade/lib/python3.10/site-packages/pip/_vendor/html5lib/filters) by extensions ['ros']
[0.221s] Level 1:colcon.colcon_core.package_identification:_identify(dev_spade/lib/python3.10/site-packages/pip/_vendor/html5lib/filters) by extension 'ros'
[0.221s] Level 1:colcon.colcon_core.package_identification:_identify(dev_spade/lib/python3.10/site-packages/pip/_vendor/html5lib/filters) by extensions ['cmake', 'python']
[0.221s] Level 1:colcon.colcon_core.package_identification:_identify(dev_spade/lib/python3.10/site-packages/pip/_vendor/html5lib/filters) by extension 'cmake'
[0.221s] Level 1:colcon.colcon_core.package_identification:_identify(dev_spade/lib/python3.10/site-packages/pip/_vendor/html5lib/filters) by extension 'python'
[0.221s] Level 1:colcon.colcon_core.package_identification:_identify(dev_spade/lib/python3.10/site-packages/pip/_vendor/html5lib/filters) by extensions ['python_setup_py']
[0.221s] Level 1:colcon.colcon_core.package_identification:_identify(dev_spade/lib/python3.10/site-packages/pip/_vendor/html5lib/filters) by extension 'python_setup_py'
[0.221s] Level 1:colcon.colcon_core.package_identification:_identify(dev_spade/lib/python3.10/site-packages/pip/_vendor/html5lib/filters/__pycache__) by extensions ['ignore', 'ignore_ament_install']
[0.221s] Level 1:colcon.colcon_core.package_identification:_identify(dev_spade/lib/python3.10/site-packages/pip/_vendor/html5lib/filters/__pycache__) by extension 'ignore'
[0.221s] Level 1:colcon.colcon_core.package_identification:_identify(dev_spade/lib/python3.10/site-packages/pip/_vendor/html5lib/filters/__pycache__) by extension 'ignore_ament_install'
[0.221s] Level 1:colcon.colcon_core.package_identification:_identify(dev_spade/lib/python3.10/site-packages/pip/_vendor/html5lib/filters/__pycache__) by extensions ['colcon_pkg']
[0.221s] Level 1:colcon.colcon_core.package_identification:_identify(dev_spade/lib/python3.10/site-packages/pip/_vendor/html5lib/filters/__pycache__) by extension 'colcon_pkg'
[0.221s] Level 1:colcon.colcon_core.package_identification:_identify(dev_spade/lib/python3.10/site-packages/pip/_vendor/html5lib/filters/__pycache__) by extensions ['colcon_meta']
[0.221s] Level 1:colcon.colcon_core.package_identification:_identify(dev_spade/lib/python3.10/site-packages/pip/_vendor/html5lib/filters/__pycache__) by extension 'colcon_meta'
[0.221s] Level 1:colcon.colcon_core.package_identification:_identify(dev_spade/lib/python3.10/site-packages/pip/_vendor/html5lib/filters/__pycache__) by extensions ['ros']
[0.222s] Level 1:colcon.colcon_core.package_identification:_identify(dev_spade/lib/python3.10/site-packages/pip/_vendor/html5lib/filters/__pycache__) by extension 'ros'
[0.222s] Level 1:colcon.colcon_core.package_identification:_identify(dev_spade/lib/python3.10/site-packages/pip/_vendor/html5lib/filters/__pycache__) by extensions ['cmake', 'python']
[0.222s] Level 1:colcon.colcon_core.package_identification:_identify(dev_spade/lib/python3.10/site-packages/pip/_vendor/html5lib/filters/__pycache__) by extension 'cmake'
[0.222s] Level 1:colcon.colcon_core.package_identification:_identify(dev_spade/lib/python3.10/site-packages/pip/_vendor/html5lib/filters/__pycache__) by extension 'python'
[0.222s] Level 1:colcon.colcon_core.package_identification:_identify(dev_spade/lib/python3.10/site-packages/pip/_vendor/html5lib/filters/__pycache__) by extensions ['python_setup_py']
[0.222s] Level 1:colcon.colcon_core.package_identification:_identify(dev_spade/lib/python3.10/site-packages/pip/_vendor/html5lib/filters/__pycache__) by extension 'python_setup_py'
[0.222s] Level 1:colcon.colcon_core.package_identification:_identify(dev_spade/lib/python3.10/site-packages/pip/_vendor/html5lib/treeadapters) by extensions ['ignore', 'ignore_ament_install']
[0.222s] Level 1:colcon.colcon_core.package_identification:_identify(dev_spade/lib/python3.10/site-packages/pip/_vendor/html5lib/treeadapters) by extension 'ignore'
[0.222s] Level 1:colcon.colcon_core.package_identification:_identify(dev_spade/lib/python3.10/site-packages/pip/_vendor/html5lib/treeadapters) by extension 'ignore_ament_install'
[0.222s] Level 1:colcon.colcon_core.package_identification:_identify(dev_spade/lib/python3.10/site-packages/pip/_vendor/html5lib/treeadapters) by extensions ['colcon_pkg']
[0.222s] Level 1:colcon.colcon_core.package_identification:_identify(dev_spade/lib/python3.10/site-packages/pip/_vendor/html5lib/treeadapters) by extension 'colcon_pkg'
[0.222s] Level 1:colcon.colcon_core.package_identification:_identify(dev_spade/lib/python3.10/site-packages/pip/_vendor/html5lib/treeadapters) by extensions ['colcon_meta']
[0.222s] Level 1:colcon.colcon_core.package_identification:_identify(dev_spade/lib/python3.10/site-packages/pip/_vendor/html5lib/treeadapters) by extension 'colcon_meta'
[0.222s] Level 1:colcon.colcon_core.package_identification:_identify(dev_spade/lib/python3.10/site-packages/pip/_vendor/html5lib/treeadapters) by extensions ['ros']
[0.222s] Level 1:colcon.colcon_core.package_identification:_identify(dev_spade/lib/python3.10/site-packages/pip/_vendor/html5lib/treeadapters) by extension 'ros'
[0.222s] Level 1:colcon.colcon_core.package_identification:_identify(dev_spade/lib/python3.10/site-packages/pip/_vendor/html5lib/treeadapters) by extensions ['cmake', 'python']
[0.222s] Level 1:colcon.colcon_core.package_identification:_identify(dev_spade/lib/python3.10/site-packages/pip/_vendor/html5lib/treeadapters) by extension 'cmake'
[0.222s] Level 1:colcon.colcon_core.package_identification:_identify(dev_spade/lib/python3.10/site-packages/pip/_vendor/html5lib/treeadapters) by extension 'python'
[0.222s] Level 1:colcon.colcon_core.package_identification:_identify(dev_spade/lib/python3.10/site-packages/pip/_vendor/html5lib/treeadapters) by extensions ['python_setup_py']
[0.222s] Level 1:colcon.colcon_core.package_identification:_identify(dev_spade/lib/python3.10/site-packages/pip/_vendor/html5lib/treeadapters) by extension 'python_setup_py'
[0.222s] Level 1:colcon.colcon_core.package_identification:_identify(dev_spade/lib/python3.10/site-packages/pip/_vendor/html5lib/treeadapters/__pycache__) by extensions ['ignore', 'ignore_ament_install']
[0.222s] Level 1:colcon.colcon_core.package_identification:_identify(dev_spade/lib/python3.10/site-packages/pip/_vendor/html5lib/treeadapters/__pycache__) by extension 'ignore'
[0.222s] Level 1:colcon.colcon_core.package_identification:_identify(dev_spade/lib/python3.10/site-packages/pip/_vendor/html5lib/treeadapters/__pycache__) by extension 'ignore_ament_install'
[0.222s] Level 1:colcon.colcon_core.package_identification:_identify(dev_spade/lib/python3.10/site-packages/pip/_vendor/html5lib/treeadapters/__pycache__) by extensions ['colcon_pkg']
[0.222s] Level 1:colcon.colcon_core.package_identification:_identify(dev_spade/lib/python3.10/site-packages/pip/_vendor/html5lib/treeadapters/__pycache__) by extension 'colcon_pkg'
[0.222s] Level 1:colcon.colcon_core.package_identification:_identify(dev_spade/lib/python3.10/site-packages/pip/_vendor/html5lib/treeadapters/__pycache__) by extensions ['colcon_meta']
[0.222s] Level 1:colcon.colcon_core.package_identification:_identify(dev_spade/lib/python3.10/site-packages/pip/_vendor/html5lib/treeadapters/__pycache__) by extension 'colcon_meta'
[0.222s] Level 1:colcon.colcon_core.package_identification:_identify(dev_spade/lib/python3.10/site-packages/pip/_vendor/html5lib/treeadapters/__pycache__) by extensions ['ros']
[0.222s] Level 1:colcon.colcon_core.package_identification:_identify(dev_spade/lib/python3.10/site-packages/pip/_vendor/html5lib/treeadapters/__pycache__) by extension 'ros'
[0.222s] Level 1:colcon.colcon_core.package_identification:_identify(dev_spade/lib/python3.10/site-packages/pip/_vendor/html5lib/treeadapters/__pycache__) by extensions ['cmake', 'python']
[0.222s] Level 1:colcon.colcon_core.package_identification:_identify(dev_spade/lib/python3.10/site-packages/pip/_vendor/html5lib/treeadapters/__pycache__) by extension 'cmake'
[0.223s] Level 1:colcon.colcon_core.package_identification:_identify(dev_spade/lib/python3.10/site-packages/pip/_vendor/html5lib/treeadapters/__pycache__) by extension 'python'
[0.223s] Level 1:colcon.colcon_core.package_identification:_identify(dev_spade/lib/python3.10/site-packages/pip/_vendor/html5lib/treeadapters/__pycache__) by extensions ['python_setup_py']
[0.223s] Level 1:colcon.colcon_core.package_identification:_identify(dev_spade/lib/python3.10/site-packages/pip/_vendor/html5lib/treeadapters/__pycache__) by extension 'python_setup_py'
[0.223s] Level 1:colcon.colcon_core.package_identification:_identify(dev_spade/lib/python3.10/site-packages/pip/_vendor/html5lib/treebuilders) by extensions ['ignore', 'ignore_ament_install']
[0.223s] Level 1:colcon.colcon_core.package_identification:_identify(dev_spade/lib/python3.10/site-packages/pip/_vendor/html5lib/treebuilders) by extension 'ignore'
[0.223s] Level 1:colcon.colcon_core.package_identification:_identify(dev_spade/lib/python3.10/site-packages/pip/_vendor/html5lib/treebuilders) by extension 'ignore_ament_install'
[0.223s] Level 1:colcon.colcon_core.package_identification:_identify(dev_spade/lib/python3.10/site-packages/pip/_vendor/html5lib/treebuilders) by extensions ['colcon_pkg']
[0.223s] Level 1:colcon.colcon_core.package_identification:_identify(dev_spade/lib/python3.10/site-packages/pip/_vendor/html5lib/treebuilders) by extension 'colcon_pkg'
[0.223s] Level 1:colcon.colcon_core.package_identification:_identify(dev_spade/lib/python3.10/site-packages/pip/_vendor/html5lib/treebuilders) by extensions ['colcon_meta']
[0.223s] Level 1:colcon.colcon_core.package_identification:_identify(dev_spade/lib/python3.10/site-packages/pip/_vendor/html5lib/treebuilders) by extension 'colcon_meta'
[0.223s] Level 1:colcon.colcon_core.package_identification:_identify(dev_spade/lib/python3.10/site-packages/pip/_vendor/html5lib/treebuilders) by extensions ['ros']
[0.223s] Level 1:colcon.colcon_core.package_identification:_identify(dev_spade/lib/python3.10/site-packages/pip/_vendor/html5lib/treebuilders) by extension 'ros'
[0.223s] Level 1:colcon.colcon_core.package_identification:_identify(dev_spade/lib/python3.10/site-packages/pip/_vendor/html5lib/treebuilders) by extensions ['cmake', 'python']
[0.223s] Level 1:colcon.colcon_core.package_identification:_identify(dev_spade/lib/python3.10/site-packages/pip/_vendor/html5lib/treebuilders) by extension 'cmake'
[0.223s] Level 1:colcon.colcon_core.package_identification:_identify(dev_spade/lib/python3.10/site-packages/pip/_vendor/html5lib/treebuilders) by extension 'python'
[0.223s] Level 1:colcon.colcon_core.package_identification:_identify(dev_spade/lib/python3.10/site-packages/pip/_vendor/html5lib/treebuilders) by extensions ['python_setup_py']
[0.223s] Level 1:colcon.colcon_core.package_identification:_identify(dev_spade/lib/python3.10/site-packages/pip/_vendor/html5lib/treebuilders) by extension 'python_setup_py'
[0.223s] Level 1:colcon.colcon_core.package_identification:_identify(dev_spade/lib/python3.10/site-packages/pip/_vendor/html5lib/treebuilders/__pycache__) by extensions ['ignore', 'ignore_ament_install']
[0.223s] Level 1:colcon.colcon_core.package_identification:_identify(dev_spade/lib/python3.10/site-packages/pip/_vendor/html5lib/treebuilders/__pycache__) by extension 'ignore'
[0.223s] Level 1:colcon.colcon_core.package_identification:_identify(dev_spade/lib/python3.10/site-packages/pip/_vendor/html5lib/treebuilders/__pycache__) by extension 'ignore_ament_install'
[0.223s] Level 1:colcon.colcon_core.package_identification:_identify(dev_spade/lib/python3.10/site-packages/pip/_vendor/html5lib/treebuilders/__pycache__) by extensions ['colcon_pkg']
[0.223s] Level 1:colcon.colcon_core.package_identification:_identify(dev_spade/lib/python3.10/site-packages/pip/_vendor/html5lib/treebuilders/__pycache__) by extension 'colcon_pkg'
[0.223s] Level 1:colcon.colcon_core.package_identification:_identify(dev_spade/lib/python3.10/site-packages/pip/_vendor/html5lib/treebuilders/__pycache__) by extensions ['colcon_meta']
[0.223s] Level 1:colcon.colcon_core.package_identification:_identify(dev_spade/lib/python3.10/site-packages/pip/_vendor/html5lib/treebuilders/__pycache__) by extension 'colcon_meta'
[0.223s] Level 1:colcon.colcon_core.package_identification:_identify(dev_spade/lib/python3.10/site-packages/pip/_vendor/html5lib/treebuilders/__pycache__) by extensions ['ros']
[0.223s] Level 1:colcon.colcon_core.package_identification:_identify(dev_spade/lib/python3.10/site-packages/pip/_vendor/html5lib/treebuilders/__pycache__) by extension 'ros'
[0.223s] Level 1:colcon.colcon_core.package_identification:_identify(dev_spade/lib/python3.10/site-packages/pip/_vendor/html5lib/treebuilders/__pycache__) by extensions ['cmake', 'python']
[0.223s] Level 1:colcon.colcon_core.package_identification:_identify(dev_spade/lib/python3.10/site-packages/pip/_vendor/html5lib/treebuilders/__pycache__) by extension 'cmake'
[0.223s] Level 1:colcon.colcon_core.package_identification:_identify(dev_spade/lib/python3.10/site-packages/pip/_vendor/html5lib/treebuilders/__pycache__) by extension 'python'
[0.223s] Level 1:colcon.colcon_core.package_identification:_identify(dev_spade/lib/python3.10/site-packages/pip/_vendor/html5lib/treebuilders/__pycache__) by extensions ['python_setup_py']
[0.223s] Level 1:colcon.colcon_core.package_identification:_identify(dev_spade/lib/python3.10/site-packages/pip/_vendor/html5lib/treebuilders/__pycache__) by extension 'python_setup_py'
[0.224s] Level 1:colcon.colcon_core.package_identification:_identify(dev_spade/lib/python3.10/site-packages/pip/_vendor/html5lib/treewalkers) by extensions ['ignore', 'ignore_ament_install']
[0.224s] Level 1:colcon.colcon_core.package_identification:_identify(dev_spade/lib/python3.10/site-packages/pip/_vendor/html5lib/treewalkers) by extension 'ignore'
[0.224s] Level 1:colcon.colcon_core.package_identification:_identify(dev_spade/lib/python3.10/site-packages/pip/_vendor/html5lib/treewalkers) by extension 'ignore_ament_install'
[0.224s] Level 1:colcon.colcon_core.package_identification:_identify(dev_spade/lib/python3.10/site-packages/pip/_vendor/html5lib/treewalkers) by extensions ['colcon_pkg']
[0.224s] Level 1:colcon.colcon_core.package_identification:_identify(dev_spade/lib/python3.10/site-packages/pip/_vendor/html5lib/treewalkers) by extension 'colcon_pkg'
[0.224s] Level 1:colcon.colcon_core.package_identification:_identify(dev_spade/lib/python3.10/site-packages/pip/_vendor/html5lib/treewalkers) by extensions ['colcon_meta']
[0.224s] Level 1:colcon.colcon_core.package_identification:_identify(dev_spade/lib/python3.10/site-packages/pip/_vendor/html5lib/treewalkers) by extension 'colcon_meta'
[0.224s] Level 1:colcon.colcon_core.package_identification:_identify(dev_spade/lib/python3.10/site-packages/pip/_vendor/html5lib/treewalkers) by extensions ['ros']
[0.224s] Level 1:colcon.colcon_core.package_identification:_identify(dev_spade/lib/python3.10/site-packages/pip/_vendor/html5lib/treewalkers) by extension 'ros'
[0.224s] Level 1:colcon.colcon_core.package_identification:_identify(dev_spade/lib/python3.10/site-packages/pip/_vendor/html5lib/treewalkers) by extensions ['cmake', 'python']
[0.224s] Level 1:colcon.colcon_core.package_identification:_identify(dev_spade/lib/python3.10/site-packages/pip/_vendor/html5lib/treewalkers) by extension 'cmake'
[0.224s] Level 1:colcon.colcon_core.package_identification:_identify(dev_spade/lib/python3.10/site-packages/pip/_vendor/html5lib/treewalkers) by extension 'python'
[0.224s] Level 1:colcon.colcon_core.package_identification:_identify(dev_spade/lib/python3.10/site-packages/pip/_vendor/html5lib/treewalkers) by extensions ['python_setup_py']
[0.224s] Level 1:colcon.colcon_core.package_identification:_identify(dev_spade/lib/python3.10/site-packages/pip/_vendor/html5lib/treewalkers) by extension 'python_setup_py'
[0.224s] Level 1:colcon.colcon_core.package_identification:_identify(dev_spade/lib/python3.10/site-packages/pip/_vendor/html5lib/treewalkers/__pycache__) by extensions ['ignore', 'ignore_ament_install']
[0.224s] Level 1:colcon.colcon_core.package_identification:_identify(dev_spade/lib/python3.10/site-packages/pip/_vendor/html5lib/treewalkers/__pycache__) by extension 'ignore'
[0.224s] Level 1:colcon.colcon_core.package_identification:_identify(dev_spade/lib/python3.10/site-packages/pip/_vendor/html5lib/treewalkers/__pycache__) by extension 'ignore_ament_install'
[0.224s] Level 1:colcon.colcon_core.package_identification:_identify(dev_spade/lib/python3.10/site-packages/pip/_vendor/html5lib/treewalkers/__pycache__) by extensions ['colcon_pkg']
[0.224s] Level 1:colcon.colcon_core.package_identification:_identify(dev_spade/lib/python3.10/site-packages/pip/_vendor/html5lib/treewalkers/__pycache__) by extension 'colcon_pkg'
[0.224s] Level 1:colcon.colcon_core.package_identification:_identify(dev_spade/lib/python3.10/site-packages/pip/_vendor/html5lib/treewalkers/__pycache__) by extensions ['colcon_meta']
[0.224s] Level 1:colcon.colcon_core.package_identification:_identify(dev_spade/lib/python3.10/site-packages/pip/_vendor/html5lib/treewalkers/__pycache__) by extension 'colcon_meta'
[0.224s] Level 1:colcon.colcon_core.package_identification:_identify(dev_spade/lib/python3.10/site-packages/pip/_vendor/html5lib/treewalkers/__pycache__) by extensions ['ros']
[0.224s] Level 1:colcon.colcon_core.package_identification:_identify(dev_spade/lib/python3.10/site-packages/pip/_vendor/html5lib/treewalkers/__pycache__) by extension 'ros'
[0.224s] Level 1:colcon.colcon_core.package_identification:_identify(dev_spade/lib/python3.10/site-packages/pip/_vendor/html5lib/treewalkers/__pycache__) by extensions ['cmake', 'python']
[0.224s] Level 1:colcon.colcon_core.package_identification:_identify(dev_spade/lib/python3.10/site-packages/pip/_vendor/html5lib/treewalkers/__pycache__) by extension 'cmake'
[0.224s] Level 1:colcon.colcon_core.package_identification:_identify(dev_spade/lib/python3.10/site-packages/pip/_vendor/html5lib/treewalkers/__pycache__) by extension 'python'
[0.224s] Level 1:colcon.colcon_core.package_identification:_identify(dev_spade/lib/python3.10/site-packages/pip/_vendor/html5lib/treewalkers/__pycache__) by extensions ['python_setup_py']
[0.224s] Level 1:colcon.colcon_core.package_identification:_identify(dev_spade/lib/python3.10/site-packages/pip/_vendor/html5lib/treewalkers/__pycache__) by extension 'python_setup_py'
[0.224s] Level 1:colcon.colcon_core.package_identification:_identify(dev_spade/lib/python3.10/site-packages/pip/_vendor/idna) by extensions ['ignore', 'ignore_ament_install']
[0.225s] Level 1:colcon.colcon_core.package_identification:_identify(dev_spade/lib/python3.10/site-packages/pip/_vendor/idna) by extension 'ignore'
[0.225s] Level 1:colcon.colcon_core.package_identification:_identify(dev_spade/lib/python3.10/site-packages/pip/_vendor/idna) by extension 'ignore_ament_install'
[0.225s] Level 1:colcon.colcon_core.package_identification:_identify(dev_spade/lib/python3.10/site-packages/pip/_vendor/idna) by extensions ['colcon_pkg']
[0.225s] Level 1:colcon.colcon_core.package_identification:_identify(dev_spade/lib/python3.10/site-packages/pip/_vendor/idna) by extension 'colcon_pkg'
[0.225s] Level 1:colcon.colcon_core.package_identification:_identify(dev_spade/lib/python3.10/site-packages/pip/_vendor/idna) by extensions ['colcon_meta']
[0.225s] Level 1:colcon.colcon_core.package_identification:_identify(dev_spade/lib/python3.10/site-packages/pip/_vendor/idna) by extension 'colcon_meta'
[0.225s] Level 1:colcon.colcon_core.package_identification:_identify(dev_spade/lib/python3.10/site-packages/pip/_vendor/idna) by extensions ['ros']
[0.225s] Level 1:colcon.colcon_core.package_identification:_identify(dev_spade/lib/python3.10/site-packages/pip/_vendor/idna) by extension 'ros'
[0.225s] Level 1:colcon.colcon_core.package_identification:_identify(dev_spade/lib/python3.10/site-packages/pip/_vendor/idna) by extensions ['cmake', 'python']
[0.225s] Level 1:colcon.colcon_core.package_identification:_identify(dev_spade/lib/python3.10/site-packages/pip/_vendor/idna) by extension 'cmake'
[0.225s] Level 1:colcon.colcon_core.package_identification:_identify(dev_spade/lib/python3.10/site-packages/pip/_vendor/idna) by extension 'python'
[0.225s] Level 1:colcon.colcon_core.package_identification:_identify(dev_spade/lib/python3.10/site-packages/pip/_vendor/idna) by extensions ['python_setup_py']
[0.225s] Level 1:colcon.colcon_core.package_identification:_identify(dev_spade/lib/python3.10/site-packages/pip/_vendor/idna) by extension 'python_setup_py'
[0.225s] Level 1:colcon.colcon_core.package_identification:_identify(dev_spade/lib/python3.10/site-packages/pip/_vendor/idna/__pycache__) by extensions ['ignore', 'ignore_ament_install']
[0.225s] Level 1:colcon.colcon_core.package_identification:_identify(dev_spade/lib/python3.10/site-packages/pip/_vendor/idna/__pycache__) by extension 'ignore'
[0.225s] Level 1:colcon.colcon_core.package_identification:_identify(dev_spade/lib/python3.10/site-packages/pip/_vendor/idna/__pycache__) by extension 'ignore_ament_install'
[0.225s] Level 1:colcon.colcon_core.package_identification:_identify(dev_spade/lib/python3.10/site-packages/pip/_vendor/idna/__pycache__) by extensions ['colcon_pkg']
[0.225s] Level 1:colcon.colcon_core.package_identification:_identify(dev_spade/lib/python3.10/site-packages/pip/_vendor/idna/__pycache__) by extension 'colcon_pkg'
[0.225s] Level 1:colcon.colcon_core.package_identification:_identify(dev_spade/lib/python3.10/site-packages/pip/_vendor/idna/__pycache__) by extensions ['colcon_meta']
[0.225s] Level 1:colcon.colcon_core.package_identification:_identify(dev_spade/lib/python3.10/site-packages/pip/_vendor/idna/__pycache__) by extension 'colcon_meta'
[0.225s] Level 1:colcon.colcon_core.package_identification:_identify(dev_spade/lib/python3.10/site-packages/pip/_vendor/idna/__pycache__) by extensions ['ros']
[0.225s] Level 1:colcon.colcon_core.package_identification:_identify(dev_spade/lib/python3.10/site-packages/pip/_vendor/idna/__pycache__) by extension 'ros'
[0.225s] Level 1:colcon.colcon_core.package_identification:_identify(dev_spade/lib/python3.10/site-packages/pip/_vendor/idna/__pycache__) by extensions ['cmake', 'python']
[0.225s] Level 1:colcon.colcon_core.package_identification:_identify(dev_spade/lib/python3.10/site-packages/pip/_vendor/idna/__pycache__) by extension 'cmake'
[0.225s] Level 1:colcon.colcon_core.package_identification:_identify(dev_spade/lib/python3.10/site-packages/pip/_vendor/idna/__pycache__) by extension 'python'
[0.225s] Level 1:colcon.colcon_core.package_identification:_identify(dev_spade/lib/python3.10/site-packages/pip/_vendor/idna/__pycache__) by extensions ['python_setup_py']
[0.225s] Level 1:colcon.colcon_core.package_identification:_identify(dev_spade/lib/python3.10/site-packages/pip/_vendor/idna/__pycache__) by extension 'python_setup_py'
[0.225s] Level 1:colcon.colcon_core.package_identification:_identify(dev_spade/lib/python3.10/site-packages/pip/_vendor/msgpack) by extensions ['ignore', 'ignore_ament_install']
[0.225s] Level 1:colcon.colcon_core.package_identification:_identify(dev_spade/lib/python3.10/site-packages/pip/_vendor/msgpack) by extension 'ignore'
[0.225s] Level 1:colcon.colcon_core.package_identification:_identify(dev_spade/lib/python3.10/site-packages/pip/_vendor/msgpack) by extension 'ignore_ament_install'
[0.226s] Level 1:colcon.colcon_core.package_identification:_identify(dev_spade/lib/python3.10/site-packages/pip/_vendor/msgpack) by extensions ['colcon_pkg']
[0.226s] Level 1:colcon.colcon_core.package_identification:_identify(dev_spade/lib/python3.10/site-packages/pip/_vendor/msgpack) by extension 'colcon_pkg'
[0.226s] Level 1:colcon.colcon_core.package_identification:_identify(dev_spade/lib/python3.10/site-packages/pip/_vendor/msgpack) by extensions ['colcon_meta']
[0.226s] Level 1:colcon.colcon_core.package_identification:_identify(dev_spade/lib/python3.10/site-packages/pip/_vendor/msgpack) by extension 'colcon_meta'
[0.226s] Level 1:colcon.colcon_core.package_identification:_identify(dev_spade/lib/python3.10/site-packages/pip/_vendor/msgpack) by extensions ['ros']
[0.226s] Level 1:colcon.colcon_core.package_identification:_identify(dev_spade/lib/python3.10/site-packages/pip/_vendor/msgpack) by extension 'ros'
[0.226s] Level 1:colcon.colcon_core.package_identification:_identify(dev_spade/lib/python3.10/site-packages/pip/_vendor/msgpack) by extensions ['cmake', 'python']
[0.226s] Level 1:colcon.colcon_core.package_identification:_identify(dev_spade/lib/python3.10/site-packages/pip/_vendor/msgpack) by extension 'cmake'
[0.226s] Level 1:colcon.colcon_core.package_identification:_identify(dev_spade/lib/python3.10/site-packages/pip/_vendor/msgpack) by extension 'python'
[0.226s] Level 1:colcon.colcon_core.package_identification:_identify(dev_spade/lib/python3.10/site-packages/pip/_vendor/msgpack) by extensions ['python_setup_py']
[0.226s] Level 1:colcon.colcon_core.package_identification:_identify(dev_spade/lib/python3.10/site-packages/pip/_vendor/msgpack) by extension 'python_setup_py'
[0.226s] Level 1:colcon.colcon_core.package_identification:_identify(dev_spade/lib/python3.10/site-packages/pip/_vendor/msgpack/__pycache__) by extensions ['ignore', 'ignore_ament_install']
[0.226s] Level 1:colcon.colcon_core.package_identification:_identify(dev_spade/lib/python3.10/site-packages/pip/_vendor/msgpack/__pycache__) by extension 'ignore'
[0.226s] Level 1:colcon.colcon_core.package_identification:_identify(dev_spade/lib/python3.10/site-packages/pip/_vendor/msgpack/__pycache__) by extension 'ignore_ament_install'
[0.226s] Level 1:colcon.colcon_core.package_identification:_identify(dev_spade/lib/python3.10/site-packages/pip/_vendor/msgpack/__pycache__) by extensions ['colcon_pkg']
[0.226s] Level 1:colcon.colcon_core.package_identification:_identify(dev_spade/lib/python3.10/site-packages/pip/_vendor/msgpack/__pycache__) by extension 'colcon_pkg'
[0.226s] Level 1:colcon.colcon_core.package_identification:_identify(dev_spade/lib/python3.10/site-packages/pip/_vendor/msgpack/__pycache__) by extensions ['colcon_meta']
[0.226s] Level 1:colcon.colcon_core.package_identification:_identify(dev_spade/lib/python3.10/site-packages/pip/_vendor/msgpack/__pycache__) by extension 'colcon_meta'
[0.226s] Level 1:colcon.colcon_core.package_identification:_identify(dev_spade/lib/python3.10/site-packages/pip/_vendor/msgpack/__pycache__) by extensions ['ros']
[0.226s] Level 1:colcon.colcon_core.package_identification:_identify(dev_spade/lib/python3.10/site-packages/pip/_vendor/msgpack/__pycache__) by extension 'ros'
[0.226s] Level 1:colcon.colcon_core.package_identification:_identify(dev_spade/lib/python3.10/site-packages/pip/_vendor/msgpack/__pycache__) by extensions ['cmake', 'python']
[0.226s] Level 1:colcon.colcon_core.package_identification:_identify(dev_spade/lib/python3.10/site-packages/pip/_vendor/msgpack/__pycache__) by extension 'cmake'
[0.226s] Level 1:colcon.colcon_core.package_identification:_identify(dev_spade/lib/python3.10/site-packages/pip/_vendor/msgpack/__pycache__) by extension 'python'
[0.226s] Level 1:colcon.colcon_core.package_identification:_identify(dev_spade/lib/python3.10/site-packages/pip/_vendor/msgpack/__pycache__) by extensions ['python_setup_py']
[0.226s] Level 1:colcon.colcon_core.package_identification:_identify(dev_spade/lib/python3.10/site-packages/pip/_vendor/msgpack/__pycache__) by extension 'python_setup_py'
[0.226s] Level 1:colcon.colcon_core.package_identification:_identify(dev_spade/lib/python3.10/site-packages/pip/_vendor/packaging) by extensions ['ignore', 'ignore_ament_install']
[0.226s] Level 1:colcon.colcon_core.package_identification:_identify(dev_spade/lib/python3.10/site-packages/pip/_vendor/packaging) by extension 'ignore'
[0.226s] Level 1:colcon.colcon_core.package_identification:_identify(dev_spade/lib/python3.10/site-packages/pip/_vendor/packaging) by extension 'ignore_ament_install'
[0.226s] Level 1:colcon.colcon_core.package_identification:_identify(dev_spade/lib/python3.10/site-packages/pip/_vendor/packaging) by extensions ['colcon_pkg']
[0.226s] Level 1:colcon.colcon_core.package_identification:_identify(dev_spade/lib/python3.10/site-packages/pip/_vendor/packaging) by extension 'colcon_pkg'
[0.226s] Level 1:colcon.colcon_core.package_identification:_identify(dev_spade/lib/python3.10/site-packages/pip/_vendor/packaging) by extensions ['colcon_meta']
[0.226s] Level 1:colcon.colcon_core.package_identification:_identify(dev_spade/lib/python3.10/site-packages/pip/_vendor/packaging) by extension 'colcon_meta'
[0.227s] Level 1:colcon.colcon_core.package_identification:_identify(dev_spade/lib/python3.10/site-packages/pip/_vendor/packaging) by extensions ['ros']
[0.227s] Level 1:colcon.colcon_core.package_identification:_identify(dev_spade/lib/python3.10/site-packages/pip/_vendor/packaging) by extension 'ros'
[0.227s] Level 1:colcon.colcon_core.package_identification:_identify(dev_spade/lib/python3.10/site-packages/pip/_vendor/packaging) by extensions ['cmake', 'python']
[0.227s] Level 1:colcon.colcon_core.package_identification:_identify(dev_spade/lib/python3.10/site-packages/pip/_vendor/packaging) by extension 'cmake'
[0.227s] Level 1:colcon.colcon_core.package_identification:_identify(dev_spade/lib/python3.10/site-packages/pip/_vendor/packaging) by extension 'python'
[0.227s] Level 1:colcon.colcon_core.package_identification:_identify(dev_spade/lib/python3.10/site-packages/pip/_vendor/packaging) by extensions ['python_setup_py']
[0.227s] Level 1:colcon.colcon_core.package_identification:_identify(dev_spade/lib/python3.10/site-packages/pip/_vendor/packaging) by extension 'python_setup_py'
[0.227s] Level 1:colcon.colcon_core.package_identification:_identify(dev_spade/lib/python3.10/site-packages/pip/_vendor/packaging/__pycache__) by extensions ['ignore', 'ignore_ament_install']
[0.227s] Level 1:colcon.colcon_core.package_identification:_identify(dev_spade/lib/python3.10/site-packages/pip/_vendor/packaging/__pycache__) by extension 'ignore'
[0.227s] Level 1:colcon.colcon_core.package_identification:_identify(dev_spade/lib/python3.10/site-packages/pip/_vendor/packaging/__pycache__) by extension 'ignore_ament_install'
[0.227s] Level 1:colcon.colcon_core.package_identification:_identify(dev_spade/lib/python3.10/site-packages/pip/_vendor/packaging/__pycache__) by extensions ['colcon_pkg']
[0.227s] Level 1:colcon.colcon_core.package_identification:_identify(dev_spade/lib/python3.10/site-packages/pip/_vendor/packaging/__pycache__) by extension 'colcon_pkg'
[0.227s] Level 1:colcon.colcon_core.package_identification:_identify(dev_spade/lib/python3.10/site-packages/pip/_vendor/packaging/__pycache__) by extensions ['colcon_meta']
[0.227s] Level 1:colcon.colcon_core.package_identification:_identify(dev_spade/lib/python3.10/site-packages/pip/_vendor/packaging/__pycache__) by extension 'colcon_meta'
[0.227s] Level 1:colcon.colcon_core.package_identification:_identify(dev_spade/lib/python3.10/site-packages/pip/_vendor/packaging/__pycache__) by extensions ['ros']
[0.227s] Level 1:colcon.colcon_core.package_identification:_identify(dev_spade/lib/python3.10/site-packages/pip/_vendor/packaging/__pycache__) by extension 'ros'
[0.227s] Level 1:colcon.colcon_core.package_identification:_identify(dev_spade/lib/python3.10/site-packages/pip/_vendor/packaging/__pycache__) by extensions ['cmake', 'python']
[0.227s] Level 1:colcon.colcon_core.package_identification:_identify(dev_spade/lib/python3.10/site-packages/pip/_vendor/packaging/__pycache__) by extension 'cmake'
[0.227s] Level 1:colcon.colcon_core.package_identification:_identify(dev_spade/lib/python3.10/site-packages/pip/_vendor/packaging/__pycache__) by extension 'python'
[0.227s] Level 1:colcon.colcon_core.package_identification:_identify(dev_spade/lib/python3.10/site-packages/pip/_vendor/packaging/__pycache__) by extensions ['python_setup_py']
[0.227s] Level 1:colcon.colcon_core.package_identification:_identify(dev_spade/lib/python3.10/site-packages/pip/_vendor/packaging/__pycache__) by extension 'python_setup_py'
[0.227s] Level 1:colcon.colcon_core.package_identification:_identify(dev_spade/lib/python3.10/site-packages/pip/_vendor/pep517) by extensions ['ignore', 'ignore_ament_install']
[0.227s] Level 1:colcon.colcon_core.package_identification:_identify(dev_spade/lib/python3.10/site-packages/pip/_vendor/pep517) by extension 'ignore'
[0.227s] Level 1:colcon.colcon_core.package_identification:_identify(dev_spade/lib/python3.10/site-packages/pip/_vendor/pep517) by extension 'ignore_ament_install'
[0.227s] Level 1:colcon.colcon_core.package_identification:_identify(dev_spade/lib/python3.10/site-packages/pip/_vendor/pep517) by extensions ['colcon_pkg']
[0.227s] Level 1:colcon.colcon_core.package_identification:_identify(dev_spade/lib/python3.10/site-packages/pip/_vendor/pep517) by extension 'colcon_pkg'
[0.227s] Level 1:colcon.colcon_core.package_identification:_identify(dev_spade/lib/python3.10/site-packages/pip/_vendor/pep517) by extensions ['colcon_meta']
[0.227s] Level 1:colcon.colcon_core.package_identification:_identify(dev_spade/lib/python3.10/site-packages/pip/_vendor/pep517) by extension 'colcon_meta'
[0.227s] Level 1:colcon.colcon_core.package_identification:_identify(dev_spade/lib/python3.10/site-packages/pip/_vendor/pep517) by extensions ['ros']
[0.227s] Level 1:colcon.colcon_core.package_identification:_identify(dev_spade/lib/python3.10/site-packages/pip/_vendor/pep517) by extension 'ros'
[0.227s] Level 1:colcon.colcon_core.package_identification:_identify(dev_spade/lib/python3.10/site-packages/pip/_vendor/pep517) by extensions ['cmake', 'python']
[0.227s] Level 1:colcon.colcon_core.package_identification:_identify(dev_spade/lib/python3.10/site-packages/pip/_vendor/pep517) by extension 'cmake'
[0.227s] Level 1:colcon.colcon_core.package_identification:_identify(dev_spade/lib/python3.10/site-packages/pip/_vendor/pep517) by extension 'python'
[0.227s] Level 1:colcon.colcon_core.package_identification:_identify(dev_spade/lib/python3.10/site-packages/pip/_vendor/pep517) by extensions ['python_setup_py']
[0.228s] Level 1:colcon.colcon_core.package_identification:_identify(dev_spade/lib/python3.10/site-packages/pip/_vendor/pep517) by extension 'python_setup_py'
[0.228s] Level 1:colcon.colcon_core.package_identification:_identify(dev_spade/lib/python3.10/site-packages/pip/_vendor/pep517/__pycache__) by extensions ['ignore', 'ignore_ament_install']
[0.228s] Level 1:colcon.colcon_core.package_identification:_identify(dev_spade/lib/python3.10/site-packages/pip/_vendor/pep517/__pycache__) by extension 'ignore'
[0.228s] Level 1:colcon.colcon_core.package_identification:_identify(dev_spade/lib/python3.10/site-packages/pip/_vendor/pep517/__pycache__) by extension 'ignore_ament_install'
[0.228s] Level 1:colcon.colcon_core.package_identification:_identify(dev_spade/lib/python3.10/site-packages/pip/_vendor/pep517/__pycache__) by extensions ['colcon_pkg']
[0.228s] Level 1:colcon.colcon_core.package_identification:_identify(dev_spade/lib/python3.10/site-packages/pip/_vendor/pep517/__pycache__) by extension 'colcon_pkg'
[0.228s] Level 1:colcon.colcon_core.package_identification:_identify(dev_spade/lib/python3.10/site-packages/pip/_vendor/pep517/__pycache__) by extensions ['colcon_meta']
[0.228s] Level 1:colcon.colcon_core.package_identification:_identify(dev_spade/lib/python3.10/site-packages/pip/_vendor/pep517/__pycache__) by extension 'colcon_meta'
[0.228s] Level 1:colcon.colcon_core.package_identification:_identify(dev_spade/lib/python3.10/site-packages/pip/_vendor/pep517/__pycache__) by extensions ['ros']
[0.228s] Level 1:colcon.colcon_core.package_identification:_identify(dev_spade/lib/python3.10/site-packages/pip/_vendor/pep517/__pycache__) by extension 'ros'
[0.228s] Level 1:colcon.colcon_core.package_identification:_identify(dev_spade/lib/python3.10/site-packages/pip/_vendor/pep517/__pycache__) by extensions ['cmake', 'python']
[0.228s] Level 1:colcon.colcon_core.package_identification:_identify(dev_spade/lib/python3.10/site-packages/pip/_vendor/pep517/__pycache__) by extension 'cmake'
[0.228s] Level 1:colcon.colcon_core.package_identification:_identify(dev_spade/lib/python3.10/site-packages/pip/_vendor/pep517/__pycache__) by extension 'python'
[0.228s] Level 1:colcon.colcon_core.package_identification:_identify(dev_spade/lib/python3.10/site-packages/pip/_vendor/pep517/__pycache__) by extensions ['python_setup_py']
[0.228s] Level 1:colcon.colcon_core.package_identification:_identify(dev_spade/lib/python3.10/site-packages/pip/_vendor/pep517/__pycache__) by extension 'python_setup_py'
[0.228s] Level 1:colcon.colcon_core.package_identification:_identify(dev_spade/lib/python3.10/site-packages/pip/_vendor/pep517/in_process) by extensions ['ignore', 'ignore_ament_install']
[0.228s] Level 1:colcon.colcon_core.package_identification:_identify(dev_spade/lib/python3.10/site-packages/pip/_vendor/pep517/in_process) by extension 'ignore'
[0.228s] Level 1:colcon.colcon_core.package_identification:_identify(dev_spade/lib/python3.10/site-packages/pip/_vendor/pep517/in_process) by extension 'ignore_ament_install'
[0.228s] Level 1:colcon.colcon_core.package_identification:_identify(dev_spade/lib/python3.10/site-packages/pip/_vendor/pep517/in_process) by extensions ['colcon_pkg']
[0.228s] Level 1:colcon.colcon_core.package_identification:_identify(dev_spade/lib/python3.10/site-packages/pip/_vendor/pep517/in_process) by extension 'colcon_pkg'
[0.228s] Level 1:colcon.colcon_core.package_identification:_identify(dev_spade/lib/python3.10/site-packages/pip/_vendor/pep517/in_process) by extensions ['colcon_meta']
[0.228s] Level 1:colcon.colcon_core.package_identification:_identify(dev_spade/lib/python3.10/site-packages/pip/_vendor/pep517/in_process) by extension 'colcon_meta'
[0.228s] Level 1:colcon.colcon_core.package_identification:_identify(dev_spade/lib/python3.10/site-packages/pip/_vendor/pep517/in_process) by extensions ['ros']
[0.228s] Level 1:colcon.colcon_core.package_identification:_identify(dev_spade/lib/python3.10/site-packages/pip/_vendor/pep517/in_process) by extension 'ros'
[0.228s] Level 1:colcon.colcon_core.package_identification:_identify(dev_spade/lib/python3.10/site-packages/pip/_vendor/pep517/in_process) by extensions ['cmake', 'python']
[0.228s] Level 1:colcon.colcon_core.package_identification:_identify(dev_spade/lib/python3.10/site-packages/pip/_vendor/pep517/in_process) by extension 'cmake'
[0.228s] Level 1:colcon.colcon_core.package_identification:_identify(dev_spade/lib/python3.10/site-packages/pip/_vendor/pep517/in_process) by extension 'python'
[0.228s] Level 1:colcon.colcon_core.package_identification:_identify(dev_spade/lib/python3.10/site-packages/pip/_vendor/pep517/in_process) by extensions ['python_setup_py']
[0.228s] Level 1:colcon.colcon_core.package_identification:_identify(dev_spade/lib/python3.10/site-packages/pip/_vendor/pep517/in_process) by extension 'python_setup_py'
[0.228s] Level 1:colcon.colcon_core.package_identification:_identify(dev_spade/lib/python3.10/site-packages/pip/_vendor/pep517/in_process/__pycache__) by extensions ['ignore', 'ignore_ament_install']
[0.229s] Level 1:colcon.colcon_core.package_identification:_identify(dev_spade/lib/python3.10/site-packages/pip/_vendor/pep517/in_process/__pycache__) by extension 'ignore'
[0.229s] Level 1:colcon.colcon_core.package_identification:_identify(dev_spade/lib/python3.10/site-packages/pip/_vendor/pep517/in_process/__pycache__) by extension 'ignore_ament_install'
[0.229s] Level 1:colcon.colcon_core.package_identification:_identify(dev_spade/lib/python3.10/site-packages/pip/_vendor/pep517/in_process/__pycache__) by extensions ['colcon_pkg']
[0.229s] Level 1:colcon.colcon_core.package_identification:_identify(dev_spade/lib/python3.10/site-packages/pip/_vendor/pep517/in_process/__pycache__) by extension 'colcon_pkg'
[0.229s] Level 1:colcon.colcon_core.package_identification:_identify(dev_spade/lib/python3.10/site-packages/pip/_vendor/pep517/in_process/__pycache__) by extensions ['colcon_meta']
[0.229s] Level 1:colcon.colcon_core.package_identification:_identify(dev_spade/lib/python3.10/site-packages/pip/_vendor/pep517/in_process/__pycache__) by extension 'colcon_meta'
[0.229s] Level 1:colcon.colcon_core.package_identification:_identify(dev_spade/lib/python3.10/site-packages/pip/_vendor/pep517/in_process/__pycache__) by extensions ['ros']
[0.229s] Level 1:colcon.colcon_core.package_identification:_identify(dev_spade/lib/python3.10/site-packages/pip/_vendor/pep517/in_process/__pycache__) by extension 'ros'
[0.229s] Level 1:colcon.colcon_core.package_identification:_identify(dev_spade/lib/python3.10/site-packages/pip/_vendor/pep517/in_process/__pycache__) by extensions ['cmake', 'python']
[0.229s] Level 1:colcon.colcon_core.package_identification:_identify(dev_spade/lib/python3.10/site-packages/pip/_vendor/pep517/in_process/__pycache__) by extension 'cmake'
[0.229s] Level 1:colcon.colcon_core.package_identification:_identify(dev_spade/lib/python3.10/site-packages/pip/_vendor/pep517/in_process/__pycache__) by extension 'python'
[0.229s] Level 1:colcon.colcon_core.package_identification:_identify(dev_spade/lib/python3.10/site-packages/pip/_vendor/pep517/in_process/__pycache__) by extensions ['python_setup_py']
[0.229s] Level 1:colcon.colcon_core.package_identification:_identify(dev_spade/lib/python3.10/site-packages/pip/_vendor/pep517/in_process/__pycache__) by extension 'python_setup_py'
[0.229s] Level 1:colcon.colcon_core.package_identification:_identify(dev_spade/lib/python3.10/site-packages/pip/_vendor/pkg_resources) by extensions ['ignore', 'ignore_ament_install']
[0.229s] Level 1:colcon.colcon_core.package_identification:_identify(dev_spade/lib/python3.10/site-packages/pip/_vendor/pkg_resources) by extension 'ignore'
[0.229s] Level 1:colcon.colcon_core.package_identification:_identify(dev_spade/lib/python3.10/site-packages/pip/_vendor/pkg_resources) by extension 'ignore_ament_install'
[0.229s] Level 1:colcon.colcon_core.package_identification:_identify(dev_spade/lib/python3.10/site-packages/pip/_vendor/pkg_resources) by extensions ['colcon_pkg']
[0.229s] Level 1:colcon.colcon_core.package_identification:_identify(dev_spade/lib/python3.10/site-packages/pip/_vendor/pkg_resources) by extension 'colcon_pkg'
[0.229s] Level 1:colcon.colcon_core.package_identification:_identify(dev_spade/lib/python3.10/site-packages/pip/_vendor/pkg_resources) by extensions ['colcon_meta']
[0.229s] Level 1:colcon.colcon_core.package_identification:_identify(dev_spade/lib/python3.10/site-packages/pip/_vendor/pkg_resources) by extension 'colcon_meta'
[0.229s] Level 1:colcon.colcon_core.package_identification:_identify(dev_spade/lib/python3.10/site-packages/pip/_vendor/pkg_resources) by extensions ['ros']
[0.229s] Level 1:colcon.colcon_core.package_identification:_identify(dev_spade/lib/python3.10/site-packages/pip/_vendor/pkg_resources) by extension 'ros'
[0.229s] Level 1:colcon.colcon_core.package_identification:_identify(dev_spade/lib/python3.10/site-packages/pip/_vendor/pkg_resources) by extensions ['cmake', 'python']
[0.229s] Level 1:colcon.colcon_core.package_identification:_identify(dev_spade/lib/python3.10/site-packages/pip/_vendor/pkg_resources) by extension 'cmake'
[0.229s] Level 1:colcon.colcon_core.package_identification:_identify(dev_spade/lib/python3.10/site-packages/pip/_vendor/pkg_resources) by extension 'python'
[0.229s] Level 1:colcon.colcon_core.package_identification:_identify(dev_spade/lib/python3.10/site-packages/pip/_vendor/pkg_resources) by extensions ['python_setup_py']
[0.229s] Level 1:colcon.colcon_core.package_identification:_identify(dev_spade/lib/python3.10/site-packages/pip/_vendor/pkg_resources) by extension 'python_setup_py'
[0.229s] Level 1:colcon.colcon_core.package_identification:_identify(dev_spade/lib/python3.10/site-packages/pip/_vendor/pkg_resources/__pycache__) by extensions ['ignore', 'ignore_ament_install']
[0.229s] Level 1:colcon.colcon_core.package_identification:_identify(dev_spade/lib/python3.10/site-packages/pip/_vendor/pkg_resources/__pycache__) by extension 'ignore'
[0.230s] Level 1:colcon.colcon_core.package_identification:_identify(dev_spade/lib/python3.10/site-packages/pip/_vendor/pkg_resources/__pycache__) by extension 'ignore_ament_install'
[0.230s] Level 1:colcon.colcon_core.package_identification:_identify(dev_spade/lib/python3.10/site-packages/pip/_vendor/pkg_resources/__pycache__) by extensions ['colcon_pkg']
[0.230s] Level 1:colcon.colcon_core.package_identification:_identify(dev_spade/lib/python3.10/site-packages/pip/_vendor/pkg_resources/__pycache__) by extension 'colcon_pkg'
[0.230s] Level 1:colcon.colcon_core.package_identification:_identify(dev_spade/lib/python3.10/site-packages/pip/_vendor/pkg_resources/__pycache__) by extensions ['colcon_meta']
[0.230s] Level 1:colcon.colcon_core.package_identification:_identify(dev_spade/lib/python3.10/site-packages/pip/_vendor/pkg_resources/__pycache__) by extension 'colcon_meta'
[0.230s] Level 1:colcon.colcon_core.package_identification:_identify(dev_spade/lib/python3.10/site-packages/pip/_vendor/pkg_resources/__pycache__) by extensions ['ros']
[0.230s] Level 1:colcon.colcon_core.package_identification:_identify(dev_spade/lib/python3.10/site-packages/pip/_vendor/pkg_resources/__pycache__) by extension 'ros'
[0.230s] Level 1:colcon.colcon_core.package_identification:_identify(dev_spade/lib/python3.10/site-packages/pip/_vendor/pkg_resources/__pycache__) by extensions ['cmake', 'python']
[0.230s] Level 1:colcon.colcon_core.package_identification:_identify(dev_spade/lib/python3.10/site-packages/pip/_vendor/pkg_resources/__pycache__) by extension 'cmake'
[0.230s] Level 1:colcon.colcon_core.package_identification:_identify(dev_spade/lib/python3.10/site-packages/pip/_vendor/pkg_resources/__pycache__) by extension 'python'
[0.230s] Level 1:colcon.colcon_core.package_identification:_identify(dev_spade/lib/python3.10/site-packages/pip/_vendor/pkg_resources/__pycache__) by extensions ['python_setup_py']
[0.230s] Level 1:colcon.colcon_core.package_identification:_identify(dev_spade/lib/python3.10/site-packages/pip/_vendor/pkg_resources/__pycache__) by extension 'python_setup_py'
[0.230s] Level 1:colcon.colcon_core.package_identification:_identify(dev_spade/lib/python3.10/site-packages/pip/_vendor/platformdirs) by extensions ['ignore', 'ignore_ament_install']
[0.230s] Level 1:colcon.colcon_core.package_identification:_identify(dev_spade/lib/python3.10/site-packages/pip/_vendor/platformdirs) by extension 'ignore'
[0.230s] Level 1:colcon.colcon_core.package_identification:_identify(dev_spade/lib/python3.10/site-packages/pip/_vendor/platformdirs) by extension 'ignore_ament_install'
[0.230s] Level 1:colcon.colcon_core.package_identification:_identify(dev_spade/lib/python3.10/site-packages/pip/_vendor/platformdirs) by extensions ['colcon_pkg']
[0.230s] Level 1:colcon.colcon_core.package_identification:_identify(dev_spade/lib/python3.10/site-packages/pip/_vendor/platformdirs) by extension 'colcon_pkg'
[0.230s] Level 1:colcon.colcon_core.package_identification:_identify(dev_spade/lib/python3.10/site-packages/pip/_vendor/platformdirs) by extensions ['colcon_meta']
[0.230s] Level 1:colcon.colcon_core.package_identification:_identify(dev_spade/lib/python3.10/site-packages/pip/_vendor/platformdirs) by extension 'colcon_meta'
[0.230s] Level 1:colcon.colcon_core.package_identification:_identify(dev_spade/lib/python3.10/site-packages/pip/_vendor/platformdirs) by extensions ['ros']
[0.230s] Level 1:colcon.colcon_core.package_identification:_identify(dev_spade/lib/python3.10/site-packages/pip/_vendor/platformdirs) by extension 'ros'
[0.230s] Level 1:colcon.colcon_core.package_identification:_identify(dev_spade/lib/python3.10/site-packages/pip/_vendor/platformdirs) by extensions ['cmake', 'python']
[0.230s] Level 1:colcon.colcon_core.package_identification:_identify(dev_spade/lib/python3.10/site-packages/pip/_vendor/platformdirs) by extension 'cmake'
[0.230s] Level 1:colcon.colcon_core.package_identification:_identify(dev_spade/lib/python3.10/site-packages/pip/_vendor/platformdirs) by extension 'python'
[0.230s] Level 1:colcon.colcon_core.package_identification:_identify(dev_spade/lib/python3.10/site-packages/pip/_vendor/platformdirs) by extensions ['python_setup_py']
[0.230s] Level 1:colcon.colcon_core.package_identification:_identify(dev_spade/lib/python3.10/site-packages/pip/_vendor/platformdirs) by extension 'python_setup_py'
[0.230s] Level 1:colcon.colcon_core.package_identification:_identify(dev_spade/lib/python3.10/site-packages/pip/_vendor/platformdirs/__pycache__) by extensions ['ignore', 'ignore_ament_install']
[0.230s] Level 1:colcon.colcon_core.package_identification:_identify(dev_spade/lib/python3.10/site-packages/pip/_vendor/platformdirs/__pycache__) by extension 'ignore'
[0.231s] Level 1:colcon.colcon_core.package_identification:_identify(dev_spade/lib/python3.10/site-packages/pip/_vendor/platformdirs/__pycache__) by extension 'ignore_ament_install'
[0.231s] Level 1:colcon.colcon_core.package_identification:_identify(dev_spade/lib/python3.10/site-packages/pip/_vendor/platformdirs/__pycache__) by extensions ['colcon_pkg']
[0.231s] Level 1:colcon.colcon_core.package_identification:_identify(dev_spade/lib/python3.10/site-packages/pip/_vendor/platformdirs/__pycache__) by extension 'colcon_pkg'
[0.231s] Level 1:colcon.colcon_core.package_identification:_identify(dev_spade/lib/python3.10/site-packages/pip/_vendor/platformdirs/__pycache__) by extensions ['colcon_meta']
[0.231s] Level 1:colcon.colcon_core.package_identification:_identify(dev_spade/lib/python3.10/site-packages/pip/_vendor/platformdirs/__pycache__) by extension 'colcon_meta'
[0.231s] Level 1:colcon.colcon_core.package_identification:_identify(dev_spade/lib/python3.10/site-packages/pip/_vendor/platformdirs/__pycache__) by extensions ['ros']
[0.231s] Level 1:colcon.colcon_core.package_identification:_identify(dev_spade/lib/python3.10/site-packages/pip/_vendor/platformdirs/__pycache__) by extension 'ros'
[0.231s] Level 1:colcon.colcon_core.package_identification:_identify(dev_spade/lib/python3.10/site-packages/pip/_vendor/platformdirs/__pycache__) by extensions ['cmake', 'python']
[0.231s] Level 1:colcon.colcon_core.package_identification:_identify(dev_spade/lib/python3.10/site-packages/pip/_vendor/platformdirs/__pycache__) by extension 'cmake'
[0.231s] Level 1:colcon.colcon_core.package_identification:_identify(dev_spade/lib/python3.10/site-packages/pip/_vendor/platformdirs/__pycache__) by extension 'python'
[0.231s] Level 1:colcon.colcon_core.package_identification:_identify(dev_spade/lib/python3.10/site-packages/pip/_vendor/platformdirs/__pycache__) by extensions ['python_setup_py']
[0.231s] Level 1:colcon.colcon_core.package_identification:_identify(dev_spade/lib/python3.10/site-packages/pip/_vendor/platformdirs/__pycache__) by extension 'python_setup_py'
[0.231s] Level 1:colcon.colcon_core.package_identification:_identify(dev_spade/lib/python3.10/site-packages/pip/_vendor/progress) by extensions ['ignore', 'ignore_ament_install']
[0.231s] Level 1:colcon.colcon_core.package_identification:_identify(dev_spade/lib/python3.10/site-packages/pip/_vendor/progress) by extension 'ignore'
[0.231s] Level 1:colcon.colcon_core.package_identification:_identify(dev_spade/lib/python3.10/site-packages/pip/_vendor/progress) by extension 'ignore_ament_install'
[0.231s] Level 1:colcon.colcon_core.package_identification:_identify(dev_spade/lib/python3.10/site-packages/pip/_vendor/progress) by extensions ['colcon_pkg']
[0.231s] Level 1:colcon.colcon_core.package_identification:_identify(dev_spade/lib/python3.10/site-packages/pip/_vendor/progress) by extension 'colcon_pkg'
[0.231s] Level 1:colcon.colcon_core.package_identification:_identify(dev_spade/lib/python3.10/site-packages/pip/_vendor/progress) by extensions ['colcon_meta']
[0.231s] Level 1:colcon.colcon_core.package_identification:_identify(dev_spade/lib/python3.10/site-packages/pip/_vendor/progress) by extension 'colcon_meta'
[0.231s] Level 1:colcon.colcon_core.package_identification:_identify(dev_spade/lib/python3.10/site-packages/pip/_vendor/progress) by extensions ['ros']
[0.231s] Level 1:colcon.colcon_core.package_identification:_identify(dev_spade/lib/python3.10/site-packages/pip/_vendor/progress) by extension 'ros'
[0.231s] Level 1:colcon.colcon_core.package_identification:_identify(dev_spade/lib/python3.10/site-packages/pip/_vendor/progress) by extensions ['cmake', 'python']
[0.231s] Level 1:colcon.colcon_core.package_identification:_identify(dev_spade/lib/python3.10/site-packages/pip/_vendor/progress) by extension 'cmake'
[0.231s] Level 1:colcon.colcon_core.package_identification:_identify(dev_spade/lib/python3.10/site-packages/pip/_vendor/progress) by extension 'python'
[0.231s] Level 1:colcon.colcon_core.package_identification:_identify(dev_spade/lib/python3.10/site-packages/pip/_vendor/progress) by extensions ['python_setup_py']
[0.231s] Level 1:colcon.colcon_core.package_identification:_identify(dev_spade/lib/python3.10/site-packages/pip/_vendor/progress) by extension 'python_setup_py'
[0.231s] Level 1:colcon.colcon_core.package_identification:_identify(dev_spade/lib/python3.10/site-packages/pip/_vendor/progress/__pycache__) by extensions ['ignore', 'ignore_ament_install']
[0.231s] Level 1:colcon.colcon_core.package_identification:_identify(dev_spade/lib/python3.10/site-packages/pip/_vendor/progress/__pycache__) by extension 'ignore'
[0.231s] Level 1:colcon.colcon_core.package_identification:_identify(dev_spade/lib/python3.10/site-packages/pip/_vendor/progress/__pycache__) by extension 'ignore_ament_install'
[0.231s] Level 1:colcon.colcon_core.package_identification:_identify(dev_spade/lib/python3.10/site-packages/pip/_vendor/progress/__pycache__) by extensions ['colcon_pkg']
[0.231s] Level 1:colcon.colcon_core.package_identification:_identify(dev_spade/lib/python3.10/site-packages/pip/_vendor/progress/__pycache__) by extension 'colcon_pkg'
[0.231s] Level 1:colcon.colcon_core.package_identification:_identify(dev_spade/lib/python3.10/site-packages/pip/_vendor/progress/__pycache__) by extensions ['colcon_meta']
[0.231s] Level 1:colcon.colcon_core.package_identification:_identify(dev_spade/lib/python3.10/site-packages/pip/_vendor/progress/__pycache__) by extension 'colcon_meta'
[0.231s] Level 1:colcon.colcon_core.package_identification:_identify(dev_spade/lib/python3.10/site-packages/pip/_vendor/progress/__pycache__) by extensions ['ros']
[0.231s] Level 1:colcon.colcon_core.package_identification:_identify(dev_spade/lib/python3.10/site-packages/pip/_vendor/progress/__pycache__) by extension 'ros'
[0.231s] Level 1:colcon.colcon_core.package_identification:_identify(dev_spade/lib/python3.10/site-packages/pip/_vendor/progress/__pycache__) by extensions ['cmake', 'python']
[0.232s] Level 1:colcon.colcon_core.package_identification:_identify(dev_spade/lib/python3.10/site-packages/pip/_vendor/progress/__pycache__) by extension 'cmake'
[0.232s] Level 1:colcon.colcon_core.package_identification:_identify(dev_spade/lib/python3.10/site-packages/pip/_vendor/progress/__pycache__) by extension 'python'
[0.232s] Level 1:colcon.colcon_core.package_identification:_identify(dev_spade/lib/python3.10/site-packages/pip/_vendor/progress/__pycache__) by extensions ['python_setup_py']
[0.232s] Level 1:colcon.colcon_core.package_identification:_identify(dev_spade/lib/python3.10/site-packages/pip/_vendor/progress/__pycache__) by extension 'python_setup_py'
[0.232s] Level 1:colcon.colcon_core.package_identification:_identify(dev_spade/lib/python3.10/site-packages/pip/_vendor/pygments) by extensions ['ignore', 'ignore_ament_install']
[0.232s] Level 1:colcon.colcon_core.package_identification:_identify(dev_spade/lib/python3.10/site-packages/pip/_vendor/pygments) by extension 'ignore'
[0.232s] Level 1:colcon.colcon_core.package_identification:_identify(dev_spade/lib/python3.10/site-packages/pip/_vendor/pygments) by extension 'ignore_ament_install'
[0.232s] Level 1:colcon.colcon_core.package_identification:_identify(dev_spade/lib/python3.10/site-packages/pip/_vendor/pygments) by extensions ['colcon_pkg']
[0.232s] Level 1:colcon.colcon_core.package_identification:_identify(dev_spade/lib/python3.10/site-packages/pip/_vendor/pygments) by extension 'colcon_pkg'
[0.232s] Level 1:colcon.colcon_core.package_identification:_identify(dev_spade/lib/python3.10/site-packages/pip/_vendor/pygments) by extensions ['colcon_meta']
[0.232s] Level 1:colcon.colcon_core.package_identification:_identify(dev_spade/lib/python3.10/site-packages/pip/_vendor/pygments) by extension 'colcon_meta'
[0.232s] Level 1:colcon.colcon_core.package_identification:_identify(dev_spade/lib/python3.10/site-packages/pip/_vendor/pygments) by extensions ['ros']
[0.232s] Level 1:colcon.colcon_core.package_identification:_identify(dev_spade/lib/python3.10/site-packages/pip/_vendor/pygments) by extension 'ros'
[0.232s] Level 1:colcon.colcon_core.package_identification:_identify(dev_spade/lib/python3.10/site-packages/pip/_vendor/pygments) by extensions ['cmake', 'python']
[0.232s] Level 1:colcon.colcon_core.package_identification:_identify(dev_spade/lib/python3.10/site-packages/pip/_vendor/pygments) by extension 'cmake'
[0.232s] Level 1:colcon.colcon_core.package_identification:_identify(dev_spade/lib/python3.10/site-packages/pip/_vendor/pygments) by extension 'python'
[0.232s] Level 1:colcon.colcon_core.package_identification:_identify(dev_spade/lib/python3.10/site-packages/pip/_vendor/pygments) by extensions ['python_setup_py']
[0.232s] Level 1:colcon.colcon_core.package_identification:_identify(dev_spade/lib/python3.10/site-packages/pip/_vendor/pygments) by extension 'python_setup_py'
[0.232s] Level 1:colcon.colcon_core.package_identification:_identify(dev_spade/lib/python3.10/site-packages/pip/_vendor/pygments/__pycache__) by extensions ['ignore', 'ignore_ament_install']
[0.232s] Level 1:colcon.colcon_core.package_identification:_identify(dev_spade/lib/python3.10/site-packages/pip/_vendor/pygments/__pycache__) by extension 'ignore'
[0.232s] Level 1:colcon.colcon_core.package_identification:_identify(dev_spade/lib/python3.10/site-packages/pip/_vendor/pygments/__pycache__) by extension 'ignore_ament_install'
[0.232s] Level 1:colcon.colcon_core.package_identification:_identify(dev_spade/lib/python3.10/site-packages/pip/_vendor/pygments/__pycache__) by extensions ['colcon_pkg']
[0.232s] Level 1:colcon.colcon_core.package_identification:_identify(dev_spade/lib/python3.10/site-packages/pip/_vendor/pygments/__pycache__) by extension 'colcon_pkg'
[0.232s] Level 1:colcon.colcon_core.package_identification:_identify(dev_spade/lib/python3.10/site-packages/pip/_vendor/pygments/__pycache__) by extensions ['colcon_meta']
[0.232s] Level 1:colcon.colcon_core.package_identification:_identify(dev_spade/lib/python3.10/site-packages/pip/_vendor/pygments/__pycache__) by extension 'colcon_meta'
[0.232s] Level 1:colcon.colcon_core.package_identification:_identify(dev_spade/lib/python3.10/site-packages/pip/_vendor/pygments/__pycache__) by extensions ['ros']
[0.232s] Level 1:colcon.colcon_core.package_identification:_identify(dev_spade/lib/python3.10/site-packages/pip/_vendor/pygments/__pycache__) by extension 'ros'
[0.232s] Level 1:colcon.colcon_core.package_identification:_identify(dev_spade/lib/python3.10/site-packages/pip/_vendor/pygments/__pycache__) by extensions ['cmake', 'python']
[0.232s] Level 1:colcon.colcon_core.package_identification:_identify(dev_spade/lib/python3.10/site-packages/pip/_vendor/pygments/__pycache__) by extension 'cmake'
[0.232s] Level 1:colcon.colcon_core.package_identification:_identify(dev_spade/lib/python3.10/site-packages/pip/_vendor/pygments/__pycache__) by extension 'python'
[0.232s] Level 1:colcon.colcon_core.package_identification:_identify(dev_spade/lib/python3.10/site-packages/pip/_vendor/pygments/__pycache__) by extensions ['python_setup_py']
[0.232s] Level 1:colcon.colcon_core.package_identification:_identify(dev_spade/lib/python3.10/site-packages/pip/_vendor/pygments/__pycache__) by extension 'python_setup_py'
[0.233s] Level 1:colcon.colcon_core.package_identification:_identify(dev_spade/lib/python3.10/site-packages/pip/_vendor/pygments/filters) by extensions ['ignore', 'ignore_ament_install']
[0.233s] Level 1:colcon.colcon_core.package_identification:_identify(dev_spade/lib/python3.10/site-packages/pip/_vendor/pygments/filters) by extension 'ignore'
[0.233s] Level 1:colcon.colcon_core.package_identification:_identify(dev_spade/lib/python3.10/site-packages/pip/_vendor/pygments/filters) by extension 'ignore_ament_install'
[0.233s] Level 1:colcon.colcon_core.package_identification:_identify(dev_spade/lib/python3.10/site-packages/pip/_vendor/pygments/filters) by extensions ['colcon_pkg']
[0.233s] Level 1:colcon.colcon_core.package_identification:_identify(dev_spade/lib/python3.10/site-packages/pip/_vendor/pygments/filters) by extension 'colcon_pkg'
[0.233s] Level 1:colcon.colcon_core.package_identification:_identify(dev_spade/lib/python3.10/site-packages/pip/_vendor/pygments/filters) by extensions ['colcon_meta']
[0.233s] Level 1:colcon.colcon_core.package_identification:_identify(dev_spade/lib/python3.10/site-packages/pip/_vendor/pygments/filters) by extension 'colcon_meta'
[0.233s] Level 1:colcon.colcon_core.package_identification:_identify(dev_spade/lib/python3.10/site-packages/pip/_vendor/pygments/filters) by extensions ['ros']
[0.233s] Level 1:colcon.colcon_core.package_identification:_identify(dev_spade/lib/python3.10/site-packages/pip/_vendor/pygments/filters) by extension 'ros'
[0.233s] Level 1:colcon.colcon_core.package_identification:_identify(dev_spade/lib/python3.10/site-packages/pip/_vendor/pygments/filters) by extensions ['cmake', 'python']
[0.233s] Level 1:colcon.colcon_core.package_identification:_identify(dev_spade/lib/python3.10/site-packages/pip/_vendor/pygments/filters) by extension 'cmake'
[0.233s] Level 1:colcon.colcon_core.package_identification:_identify(dev_spade/lib/python3.10/site-packages/pip/_vendor/pygments/filters) by extension 'python'
[0.233s] Level 1:colcon.colcon_core.package_identification:_identify(dev_spade/lib/python3.10/site-packages/pip/_vendor/pygments/filters) by extensions ['python_setup_py']
[0.233s] Level 1:colcon.colcon_core.package_identification:_identify(dev_spade/lib/python3.10/site-packages/pip/_vendor/pygments/filters) by extension 'python_setup_py'
[0.233s] Level 1:colcon.colcon_core.package_identification:_identify(dev_spade/lib/python3.10/site-packages/pip/_vendor/pygments/filters/__pycache__) by extensions ['ignore', 'ignore_ament_install']
[0.233s] Level 1:colcon.colcon_core.package_identification:_identify(dev_spade/lib/python3.10/site-packages/pip/_vendor/pygments/filters/__pycache__) by extension 'ignore'
[0.233s] Level 1:colcon.colcon_core.package_identification:_identify(dev_spade/lib/python3.10/site-packages/pip/_vendor/pygments/filters/__pycache__) by extension 'ignore_ament_install'
[0.233s] Level 1:colcon.colcon_core.package_identification:_identify(dev_spade/lib/python3.10/site-packages/pip/_vendor/pygments/filters/__pycache__) by extensions ['colcon_pkg']
[0.233s] Level 1:colcon.colcon_core.package_identification:_identify(dev_spade/lib/python3.10/site-packages/pip/_vendor/pygments/filters/__pycache__) by extension 'colcon_pkg'
[0.233s] Level 1:colcon.colcon_core.package_identification:_identify(dev_spade/lib/python3.10/site-packages/pip/_vendor/pygments/filters/__pycache__) by extensions ['colcon_meta']
[0.233s] Level 1:colcon.colcon_core.package_identification:_identify(dev_spade/lib/python3.10/site-packages/pip/_vendor/pygments/filters/__pycache__) by extension 'colcon_meta'
[0.233s] Level 1:colcon.colcon_core.package_identification:_identify(dev_spade/lib/python3.10/site-packages/pip/_vendor/pygments/filters/__pycache__) by extensions ['ros']
[0.233s] Level 1:colcon.colcon_core.package_identification:_identify(dev_spade/lib/python3.10/site-packages/pip/_vendor/pygments/filters/__pycache__) by extension 'ros'
[0.234s] Level 1:colcon.colcon_core.package_identification:_identify(dev_spade/lib/python3.10/site-packages/pip/_vendor/pygments/filters/__pycache__) by extensions ['cmake', 'python']
[0.234s] Level 1:colcon.colcon_core.package_identification:_identify(dev_spade/lib/python3.10/site-packages/pip/_vendor/pygments/filters/__pycache__) by extension 'cmake'
[0.234s] Level 1:colcon.colcon_core.package_identification:_identify(dev_spade/lib/python3.10/site-packages/pip/_vendor/pygments/filters/__pycache__) by extension 'python'
[0.234s] Level 1:colcon.colcon_core.package_identification:_identify(dev_spade/lib/python3.10/site-packages/pip/_vendor/pygments/filters/__pycache__) by extensions ['python_setup_py']
[0.234s] Level 1:colcon.colcon_core.package_identification:_identify(dev_spade/lib/python3.10/site-packages/pip/_vendor/pygments/filters/__pycache__) by extension 'python_setup_py'
[0.234s] Level 1:colcon.colcon_core.package_identification:_identify(dev_spade/lib/python3.10/site-packages/pip/_vendor/pygments/formatters) by extensions ['ignore', 'ignore_ament_install']
[0.234s] Level 1:colcon.colcon_core.package_identification:_identify(dev_spade/lib/python3.10/site-packages/pip/_vendor/pygments/formatters) by extension 'ignore'
[0.234s] Level 1:colcon.colcon_core.package_identification:_identify(dev_spade/lib/python3.10/site-packages/pip/_vendor/pygments/formatters) by extension 'ignore_ament_install'
[0.234s] Level 1:colcon.colcon_core.package_identification:_identify(dev_spade/lib/python3.10/site-packages/pip/_vendor/pygments/formatters) by extensions ['colcon_pkg']
[0.234s] Level 1:colcon.colcon_core.package_identification:_identify(dev_spade/lib/python3.10/site-packages/pip/_vendor/pygments/formatters) by extension 'colcon_pkg'
[0.234s] Level 1:colcon.colcon_core.package_identification:_identify(dev_spade/lib/python3.10/site-packages/pip/_vendor/pygments/formatters) by extensions ['colcon_meta']
[0.234s] Level 1:colcon.colcon_core.package_identification:_identify(dev_spade/lib/python3.10/site-packages/pip/_vendor/pygments/formatters) by extension 'colcon_meta'
[0.234s] Level 1:colcon.colcon_core.package_identification:_identify(dev_spade/lib/python3.10/site-packages/pip/_vendor/pygments/formatters) by extensions ['ros']
[0.234s] Level 1:colcon.colcon_core.package_identification:_identify(dev_spade/lib/python3.10/site-packages/pip/_vendor/pygments/formatters) by extension 'ros'
[0.234s] Level 1:colcon.colcon_core.package_identification:_identify(dev_spade/lib/python3.10/site-packages/pip/_vendor/pygments/formatters) by extensions ['cmake', 'python']
[0.234s] Level 1:colcon.colcon_core.package_identification:_identify(dev_spade/lib/python3.10/site-packages/pip/_vendor/pygments/formatters) by extension 'cmake'
[0.234s] Level 1:colcon.colcon_core.package_identification:_identify(dev_spade/lib/python3.10/site-packages/pip/_vendor/pygments/formatters) by extension 'python'
[0.234s] Level 1:colcon.colcon_core.package_identification:_identify(dev_spade/lib/python3.10/site-packages/pip/_vendor/pygments/formatters) by extensions ['python_setup_py']
[0.234s] Level 1:colcon.colcon_core.package_identification:_identify(dev_spade/lib/python3.10/site-packages/pip/_vendor/pygments/formatters) by extension 'python_setup_py'
[0.234s] Level 1:colcon.colcon_core.package_identification:_identify(dev_spade/lib/python3.10/site-packages/pip/_vendor/pygments/formatters/__pycache__) by extensions ['ignore', 'ignore_ament_install']
[0.234s] Level 1:colcon.colcon_core.package_identification:_identify(dev_spade/lib/python3.10/site-packages/pip/_vendor/pygments/formatters/__pycache__) by extension 'ignore'
[0.234s] Level 1:colcon.colcon_core.package_identification:_identify(dev_spade/lib/python3.10/site-packages/pip/_vendor/pygments/formatters/__pycache__) by extension 'ignore_ament_install'
[0.234s] Level 1:colcon.colcon_core.package_identification:_identify(dev_spade/lib/python3.10/site-packages/pip/_vendor/pygments/formatters/__pycache__) by extensions ['colcon_pkg']
[0.234s] Level 1:colcon.colcon_core.package_identification:_identify(dev_spade/lib/python3.10/site-packages/pip/_vendor/pygments/formatters/__pycache__) by extension 'colcon_pkg'
[0.234s] Level 1:colcon.colcon_core.package_identification:_identify(dev_spade/lib/python3.10/site-packages/pip/_vendor/pygments/formatters/__pycache__) by extensions ['colcon_meta']
[0.234s] Level 1:colcon.colcon_core.package_identification:_identify(dev_spade/lib/python3.10/site-packages/pip/_vendor/pygments/formatters/__pycache__) by extension 'colcon_meta'
[0.234s] Level 1:colcon.colcon_core.package_identification:_identify(dev_spade/lib/python3.10/site-packages/pip/_vendor/pygments/formatters/__pycache__) by extensions ['ros']
[0.234s] Level 1:colcon.colcon_core.package_identification:_identify(dev_spade/lib/python3.10/site-packages/pip/_vendor/pygments/formatters/__pycache__) by extension 'ros'
[0.235s] Level 1:colcon.colcon_core.package_identification:_identify(dev_spade/lib/python3.10/site-packages/pip/_vendor/pygments/formatters/__pycache__) by extensions ['cmake', 'python']
[0.235s] Level 1:colcon.colcon_core.package_identification:_identify(dev_spade/lib/python3.10/site-packages/pip/_vendor/pygments/formatters/__pycache__) by extension 'cmake'
[0.235s] Level 1:colcon.colcon_core.package_identification:_identify(dev_spade/lib/python3.10/site-packages/pip/_vendor/pygments/formatters/__pycache__) by extension 'python'
[0.235s] Level 1:colcon.colcon_core.package_identification:_identify(dev_spade/lib/python3.10/site-packages/pip/_vendor/pygments/formatters/__pycache__) by extensions ['python_setup_py']
[0.235s] Level 1:colcon.colcon_core.package_identification:_identify(dev_spade/lib/python3.10/site-packages/pip/_vendor/pygments/formatters/__pycache__) by extension 'python_setup_py'
[0.235s] Level 1:colcon.colcon_core.package_identification:_identify(dev_spade/lib/python3.10/site-packages/pip/_vendor/pygments/lexers) by extensions ['ignore', 'ignore_ament_install']
[0.235s] Level 1:colcon.colcon_core.package_identification:_identify(dev_spade/lib/python3.10/site-packages/pip/_vendor/pygments/lexers) by extension 'ignore'
[0.235s] Level 1:colcon.colcon_core.package_identification:_identify(dev_spade/lib/python3.10/site-packages/pip/_vendor/pygments/lexers) by extension 'ignore_ament_install'
[0.235s] Level 1:colcon.colcon_core.package_identification:_identify(dev_spade/lib/python3.10/site-packages/pip/_vendor/pygments/lexers) by extensions ['colcon_pkg']
[0.235s] Level 1:colcon.colcon_core.package_identification:_identify(dev_spade/lib/python3.10/site-packages/pip/_vendor/pygments/lexers) by extension 'colcon_pkg'
[0.235s] Level 1:colcon.colcon_core.package_identification:_identify(dev_spade/lib/python3.10/site-packages/pip/_vendor/pygments/lexers) by extensions ['colcon_meta']
[0.235s] Level 1:colcon.colcon_core.package_identification:_identify(dev_spade/lib/python3.10/site-packages/pip/_vendor/pygments/lexers) by extension 'colcon_meta'
[0.235s] Level 1:colcon.colcon_core.package_identification:_identify(dev_spade/lib/python3.10/site-packages/pip/_vendor/pygments/lexers) by extensions ['ros']
[0.235s] Level 1:colcon.colcon_core.package_identification:_identify(dev_spade/lib/python3.10/site-packages/pip/_vendor/pygments/lexers) by extension 'ros'
[0.235s] Level 1:colcon.colcon_core.package_identification:_identify(dev_spade/lib/python3.10/site-packages/pip/_vendor/pygments/lexers) by extensions ['cmake', 'python']
[0.235s] Level 1:colcon.colcon_core.package_identification:_identify(dev_spade/lib/python3.10/site-packages/pip/_vendor/pygments/lexers) by extension 'cmake'
[0.235s] Level 1:colcon.colcon_core.package_identification:_identify(dev_spade/lib/python3.10/site-packages/pip/_vendor/pygments/lexers) by extension 'python'
[0.235s] Level 1:colcon.colcon_core.package_identification:_identify(dev_spade/lib/python3.10/site-packages/pip/_vendor/pygments/lexers) by extensions ['python_setup_py']
[0.235s] Level 1:colcon.colcon_core.package_identification:_identify(dev_spade/lib/python3.10/site-packages/pip/_vendor/pygments/lexers) by extension 'python_setup_py'
[0.235s] Level 1:colcon.colcon_core.package_identification:_identify(dev_spade/lib/python3.10/site-packages/pip/_vendor/pygments/lexers/__pycache__) by extensions ['ignore', 'ignore_ament_install']
[0.235s] Level 1:colcon.colcon_core.package_identification:_identify(dev_spade/lib/python3.10/site-packages/pip/_vendor/pygments/lexers/__pycache__) by extension 'ignore'
[0.235s] Level 1:colcon.colcon_core.package_identification:_identify(dev_spade/lib/python3.10/site-packages/pip/_vendor/pygments/lexers/__pycache__) by extension 'ignore_ament_install'
[0.235s] Level 1:colcon.colcon_core.package_identification:_identify(dev_spade/lib/python3.10/site-packages/pip/_vendor/pygments/lexers/__pycache__) by extensions ['colcon_pkg']
[0.235s] Level 1:colcon.colcon_core.package_identification:_identify(dev_spade/lib/python3.10/site-packages/pip/_vendor/pygments/lexers/__pycache__) by extension 'colcon_pkg'
[0.235s] Level 1:colcon.colcon_core.package_identification:_identify(dev_spade/lib/python3.10/site-packages/pip/_vendor/pygments/lexers/__pycache__) by extensions ['colcon_meta']
[0.235s] Level 1:colcon.colcon_core.package_identification:_identify(dev_spade/lib/python3.10/site-packages/pip/_vendor/pygments/lexers/__pycache__) by extension 'colcon_meta'
[0.235s] Level 1:colcon.colcon_core.package_identification:_identify(dev_spade/lib/python3.10/site-packages/pip/_vendor/pygments/lexers/__pycache__) by extensions ['ros']
[0.235s] Level 1:colcon.colcon_core.package_identification:_identify(dev_spade/lib/python3.10/site-packages/pip/_vendor/pygments/lexers/__pycache__) by extension 'ros'
[0.235s] Level 1:colcon.colcon_core.package_identification:_identify(dev_spade/lib/python3.10/site-packages/pip/_vendor/pygments/lexers/__pycache__) by extensions ['cmake', 'python']
[0.235s] Level 1:colcon.colcon_core.package_identification:_identify(dev_spade/lib/python3.10/site-packages/pip/_vendor/pygments/lexers/__pycache__) by extension 'cmake'
[0.236s] Level 1:colcon.colcon_core.package_identification:_identify(dev_spade/lib/python3.10/site-packages/pip/_vendor/pygments/lexers/__pycache__) by extension 'python'
[0.236s] Level 1:colcon.colcon_core.package_identification:_identify(dev_spade/lib/python3.10/site-packages/pip/_vendor/pygments/lexers/__pycache__) by extensions ['python_setup_py']
[0.236s] Level 1:colcon.colcon_core.package_identification:_identify(dev_spade/lib/python3.10/site-packages/pip/_vendor/pygments/lexers/__pycache__) by extension 'python_setup_py'
[0.236s] Level 1:colcon.colcon_core.package_identification:_identify(dev_spade/lib/python3.10/site-packages/pip/_vendor/pygments/styles) by extensions ['ignore', 'ignore_ament_install']
[0.236s] Level 1:colcon.colcon_core.package_identification:_identify(dev_spade/lib/python3.10/site-packages/pip/_vendor/pygments/styles) by extension 'ignore'
[0.236s] Level 1:colcon.colcon_core.package_identification:_identify(dev_spade/lib/python3.10/site-packages/pip/_vendor/pygments/styles) by extension 'ignore_ament_install'
[0.236s] Level 1:colcon.colcon_core.package_identification:_identify(dev_spade/lib/python3.10/site-packages/pip/_vendor/pygments/styles) by extensions ['colcon_pkg']
[0.236s] Level 1:colcon.colcon_core.package_identification:_identify(dev_spade/lib/python3.10/site-packages/pip/_vendor/pygments/styles) by extension 'colcon_pkg'
[0.236s] Level 1:colcon.colcon_core.package_identification:_identify(dev_spade/lib/python3.10/site-packages/pip/_vendor/pygments/styles) by extensions ['colcon_meta']
[0.236s] Level 1:colcon.colcon_core.package_identification:_identify(dev_spade/lib/python3.10/site-packages/pip/_vendor/pygments/styles) by extension 'colcon_meta'
[0.236s] Level 1:colcon.colcon_core.package_identification:_identify(dev_spade/lib/python3.10/site-packages/pip/_vendor/pygments/styles) by extensions ['ros']
[0.236s] Level 1:colcon.colcon_core.package_identification:_identify(dev_spade/lib/python3.10/site-packages/pip/_vendor/pygments/styles) by extension 'ros'
[0.236s] Level 1:colcon.colcon_core.package_identification:_identify(dev_spade/lib/python3.10/site-packages/pip/_vendor/pygments/styles) by extensions ['cmake', 'python']
[0.236s] Level 1:colcon.colcon_core.package_identification:_identify(dev_spade/lib/python3.10/site-packages/pip/_vendor/pygments/styles) by extension 'cmake'
[0.236s] Level 1:colcon.colcon_core.package_identification:_identify(dev_spade/lib/python3.10/site-packages/pip/_vendor/pygments/styles) by extension 'python'
[0.236s] Level 1:colcon.colcon_core.package_identification:_identify(dev_spade/lib/python3.10/site-packages/pip/_vendor/pygments/styles) by extensions ['python_setup_py']
[0.236s] Level 1:colcon.colcon_core.package_identification:_identify(dev_spade/lib/python3.10/site-packages/pip/_vendor/pygments/styles) by extension 'python_setup_py'
[0.236s] Level 1:colcon.colcon_core.package_identification:_identify(dev_spade/lib/python3.10/site-packages/pip/_vendor/pygments/styles/__pycache__) by extensions ['ignore', 'ignore_ament_install']
[0.236s] Level 1:colcon.colcon_core.package_identification:_identify(dev_spade/lib/python3.10/site-packages/pip/_vendor/pygments/styles/__pycache__) by extension 'ignore'
[0.236s] Level 1:colcon.colcon_core.package_identification:_identify(dev_spade/lib/python3.10/site-packages/pip/_vendor/pygments/styles/__pycache__) by extension 'ignore_ament_install'
[0.236s] Level 1:colcon.colcon_core.package_identification:_identify(dev_spade/lib/python3.10/site-packages/pip/_vendor/pygments/styles/__pycache__) by extensions ['colcon_pkg']
[0.236s] Level 1:colcon.colcon_core.package_identification:_identify(dev_spade/lib/python3.10/site-packages/pip/_vendor/pygments/styles/__pycache__) by extension 'colcon_pkg'
[0.236s] Level 1:colcon.colcon_core.package_identification:_identify(dev_spade/lib/python3.10/site-packages/pip/_vendor/pygments/styles/__pycache__) by extensions ['colcon_meta']
[0.236s] Level 1:colcon.colcon_core.package_identification:_identify(dev_spade/lib/python3.10/site-packages/pip/_vendor/pygments/styles/__pycache__) by extension 'colcon_meta'
[0.236s] Level 1:colcon.colcon_core.package_identification:_identify(dev_spade/lib/python3.10/site-packages/pip/_vendor/pygments/styles/__pycache__) by extensions ['ros']
[0.236s] Level 1:colcon.colcon_core.package_identification:_identify(dev_spade/lib/python3.10/site-packages/pip/_vendor/pygments/styles/__pycache__) by extension 'ros'
[0.236s] Level 1:colcon.colcon_core.package_identification:_identify(dev_spade/lib/python3.10/site-packages/pip/_vendor/pygments/styles/__pycache__) by extensions ['cmake', 'python']
[0.236s] Level 1:colcon.colcon_core.package_identification:_identify(dev_spade/lib/python3.10/site-packages/pip/_vendor/pygments/styles/__pycache__) by extension 'cmake'
[0.236s] Level 1:colcon.colcon_core.package_identification:_identify(dev_spade/lib/python3.10/site-packages/pip/_vendor/pygments/styles/__pycache__) by extension 'python'
[0.237s] Level 1:colcon.colcon_core.package_identification:_identify(dev_spade/lib/python3.10/site-packages/pip/_vendor/pygments/styles/__pycache__) by extensions ['python_setup_py']
[0.237s] Level 1:colcon.colcon_core.package_identification:_identify(dev_spade/lib/python3.10/site-packages/pip/_vendor/pygments/styles/__pycache__) by extension 'python_setup_py'
[0.237s] Level 1:colcon.colcon_core.package_identification:_identify(dev_spade/lib/python3.10/site-packages/pip/_vendor/pyparsing) by extensions ['ignore', 'ignore_ament_install']
[0.237s] Level 1:colcon.colcon_core.package_identification:_identify(dev_spade/lib/python3.10/site-packages/pip/_vendor/pyparsing) by extension 'ignore'
[0.237s] Level 1:colcon.colcon_core.package_identification:_identify(dev_spade/lib/python3.10/site-packages/pip/_vendor/pyparsing) by extension 'ignore_ament_install'
[0.237s] Level 1:colcon.colcon_core.package_identification:_identify(dev_spade/lib/python3.10/site-packages/pip/_vendor/pyparsing) by extensions ['colcon_pkg']
[0.237s] Level 1:colcon.colcon_core.package_identification:_identify(dev_spade/lib/python3.10/site-packages/pip/_vendor/pyparsing) by extension 'colcon_pkg'
[0.237s] Level 1:colcon.colcon_core.package_identification:_identify(dev_spade/lib/python3.10/site-packages/pip/_vendor/pyparsing) by extensions ['colcon_meta']
[0.237s] Level 1:colcon.colcon_core.package_identification:_identify(dev_spade/lib/python3.10/site-packages/pip/_vendor/pyparsing) by extension 'colcon_meta'
[0.237s] Level 1:colcon.colcon_core.package_identification:_identify(dev_spade/lib/python3.10/site-packages/pip/_vendor/pyparsing) by extensions ['ros']
[0.237s] Level 1:colcon.colcon_core.package_identification:_identify(dev_spade/lib/python3.10/site-packages/pip/_vendor/pyparsing) by extension 'ros'
[0.237s] Level 1:colcon.colcon_core.package_identification:_identify(dev_spade/lib/python3.10/site-packages/pip/_vendor/pyparsing) by extensions ['cmake', 'python']
[0.237s] Level 1:colcon.colcon_core.package_identification:_identify(dev_spade/lib/python3.10/site-packages/pip/_vendor/pyparsing) by extension 'cmake'
[0.237s] Level 1:colcon.colcon_core.package_identification:_identify(dev_spade/lib/python3.10/site-packages/pip/_vendor/pyparsing) by extension 'python'
[0.237s] Level 1:colcon.colcon_core.package_identification:_identify(dev_spade/lib/python3.10/site-packages/pip/_vendor/pyparsing) by extensions ['python_setup_py']
[0.237s] Level 1:colcon.colcon_core.package_identification:_identify(dev_spade/lib/python3.10/site-packages/pip/_vendor/pyparsing) by extension 'python_setup_py'
[0.237s] Level 1:colcon.colcon_core.package_identification:_identify(dev_spade/lib/python3.10/site-packages/pip/_vendor/pyparsing/__pycache__) by extensions ['ignore', 'ignore_ament_install']
[0.237s] Level 1:colcon.colcon_core.package_identification:_identify(dev_spade/lib/python3.10/site-packages/pip/_vendor/pyparsing/__pycache__) by extension 'ignore'
[0.237s] Level 1:colcon.colcon_core.package_identification:_identify(dev_spade/lib/python3.10/site-packages/pip/_vendor/pyparsing/__pycache__) by extension 'ignore_ament_install'
[0.237s] Level 1:colcon.colcon_core.package_identification:_identify(dev_spade/lib/python3.10/site-packages/pip/_vendor/pyparsing/__pycache__) by extensions ['colcon_pkg']
[0.237s] Level 1:colcon.colcon_core.package_identification:_identify(dev_spade/lib/python3.10/site-packages/pip/_vendor/pyparsing/__pycache__) by extension 'colcon_pkg'
[0.237s] Level 1:colcon.colcon_core.package_identification:_identify(dev_spade/lib/python3.10/site-packages/pip/_vendor/pyparsing/__pycache__) by extensions ['colcon_meta']
[0.237s] Level 1:colcon.colcon_core.package_identification:_identify(dev_spade/lib/python3.10/site-packages/pip/_vendor/pyparsing/__pycache__) by extension 'colcon_meta'
[0.237s] Level 1:colcon.colcon_core.package_identification:_identify(dev_spade/lib/python3.10/site-packages/pip/_vendor/pyparsing/__pycache__) by extensions ['ros']
[0.237s] Level 1:colcon.colcon_core.package_identification:_identify(dev_spade/lib/python3.10/site-packages/pip/_vendor/pyparsing/__pycache__) by extension 'ros'
[0.237s] Level 1:colcon.colcon_core.package_identification:_identify(dev_spade/lib/python3.10/site-packages/pip/_vendor/pyparsing/__pycache__) by extensions ['cmake', 'python']
[0.237s] Level 1:colcon.colcon_core.package_identification:_identify(dev_spade/lib/python3.10/site-packages/pip/_vendor/pyparsing/__pycache__) by extension 'cmake'
[0.237s] Level 1:colcon.colcon_core.package_identification:_identify(dev_spade/lib/python3.10/site-packages/pip/_vendor/pyparsing/__pycache__) by extension 'python'
[0.237s] Level 1:colcon.colcon_core.package_identification:_identify(dev_spade/lib/python3.10/site-packages/pip/_vendor/pyparsing/__pycache__) by extensions ['python_setup_py']
[0.237s] Level 1:colcon.colcon_core.package_identification:_identify(dev_spade/lib/python3.10/site-packages/pip/_vendor/pyparsing/__pycache__) by extension 'python_setup_py'
[0.237s] Level 1:colcon.colcon_core.package_identification:_identify(dev_spade/lib/python3.10/site-packages/pip/_vendor/pyparsing/diagram) by extensions ['ignore', 'ignore_ament_install']
[0.238s] Level 1:colcon.colcon_core.package_identification:_identify(dev_spade/lib/python3.10/site-packages/pip/_vendor/pyparsing/diagram) by extension 'ignore'
[0.238s] Level 1:colcon.colcon_core.package_identification:_identify(dev_spade/lib/python3.10/site-packages/pip/_vendor/pyparsing/diagram) by extension 'ignore_ament_install'
[0.238s] Level 1:colcon.colcon_core.package_identification:_identify(dev_spade/lib/python3.10/site-packages/pip/_vendor/pyparsing/diagram) by extensions ['colcon_pkg']
[0.238s] Level 1:colcon.colcon_core.package_identification:_identify(dev_spade/lib/python3.10/site-packages/pip/_vendor/pyparsing/diagram) by extension 'colcon_pkg'
[0.238s] Level 1:colcon.colcon_core.package_identification:_identify(dev_spade/lib/python3.10/site-packages/pip/_vendor/pyparsing/diagram) by extensions ['colcon_meta']
[0.238s] Level 1:colcon.colcon_core.package_identification:_identify(dev_spade/lib/python3.10/site-packages/pip/_vendor/pyparsing/diagram) by extension 'colcon_meta'
[0.238s] Level 1:colcon.colcon_core.package_identification:_identify(dev_spade/lib/python3.10/site-packages/pip/_vendor/pyparsing/diagram) by extensions ['ros']
[0.238s] Level 1:colcon.colcon_core.package_identification:_identify(dev_spade/lib/python3.10/site-packages/pip/_vendor/pyparsing/diagram) by extension 'ros'
[0.238s] Level 1:colcon.colcon_core.package_identification:_identify(dev_spade/lib/python3.10/site-packages/pip/_vendor/pyparsing/diagram) by extensions ['cmake', 'python']
[0.238s] Level 1:colcon.colcon_core.package_identification:_identify(dev_spade/lib/python3.10/site-packages/pip/_vendor/pyparsing/diagram) by extension 'cmake'
[0.238s] Level 1:colcon.colcon_core.package_identification:_identify(dev_spade/lib/python3.10/site-packages/pip/_vendor/pyparsing/diagram) by extension 'python'
[0.238s] Level 1:colcon.colcon_core.package_identification:_identify(dev_spade/lib/python3.10/site-packages/pip/_vendor/pyparsing/diagram) by extensions ['python_setup_py']
[0.238s] Level 1:colcon.colcon_core.package_identification:_identify(dev_spade/lib/python3.10/site-packages/pip/_vendor/pyparsing/diagram) by extension 'python_setup_py'
[0.238s] Level 1:colcon.colcon_core.package_identification:_identify(dev_spade/lib/python3.10/site-packages/pip/_vendor/pyparsing/diagram/__pycache__) by extensions ['ignore', 'ignore_ament_install']
[0.238s] Level 1:colcon.colcon_core.package_identification:_identify(dev_spade/lib/python3.10/site-packages/pip/_vendor/pyparsing/diagram/__pycache__) by extension 'ignore'
[0.238s] Level 1:colcon.colcon_core.package_identification:_identify(dev_spade/lib/python3.10/site-packages/pip/_vendor/pyparsing/diagram/__pycache__) by extension 'ignore_ament_install'
[0.238s] Level 1:colcon.colcon_core.package_identification:_identify(dev_spade/lib/python3.10/site-packages/pip/_vendor/pyparsing/diagram/__pycache__) by extensions ['colcon_pkg']
[0.238s] Level 1:colcon.colcon_core.package_identification:_identify(dev_spade/lib/python3.10/site-packages/pip/_vendor/pyparsing/diagram/__pycache__) by extension 'colcon_pkg'
[0.238s] Level 1:colcon.colcon_core.package_identification:_identify(dev_spade/lib/python3.10/site-packages/pip/_vendor/pyparsing/diagram/__pycache__) by extensions ['colcon_meta']
[0.238s] Level 1:colcon.colcon_core.package_identification:_identify(dev_spade/lib/python3.10/site-packages/pip/_vendor/pyparsing/diagram/__pycache__) by extension 'colcon_meta'
[0.238s] Level 1:colcon.colcon_core.package_identification:_identify(dev_spade/lib/python3.10/site-packages/pip/_vendor/pyparsing/diagram/__pycache__) by extensions ['ros']
[0.238s] Level 1:colcon.colcon_core.package_identification:_identify(dev_spade/lib/python3.10/site-packages/pip/_vendor/pyparsing/diagram/__pycache__) by extension 'ros'
[0.238s] Level 1:colcon.colcon_core.package_identification:_identify(dev_spade/lib/python3.10/site-packages/pip/_vendor/pyparsing/diagram/__pycache__) by extensions ['cmake', 'python']
[0.238s] Level 1:colcon.colcon_core.package_identification:_identify(dev_spade/lib/python3.10/site-packages/pip/_vendor/pyparsing/diagram/__pycache__) by extension 'cmake'
[0.238s] Level 1:colcon.colcon_core.package_identification:_identify(dev_spade/lib/python3.10/site-packages/pip/_vendor/pyparsing/diagram/__pycache__) by extension 'python'
[0.238s] Level 1:colcon.colcon_core.package_identification:_identify(dev_spade/lib/python3.10/site-packages/pip/_vendor/pyparsing/diagram/__pycache__) by extensions ['python_setup_py']
[0.238s] Level 1:colcon.colcon_core.package_identification:_identify(dev_spade/lib/python3.10/site-packages/pip/_vendor/pyparsing/diagram/__pycache__) by extension 'python_setup_py'
[0.238s] Level 1:colcon.colcon_core.package_identification:_identify(dev_spade/lib/python3.10/site-packages/pip/_vendor/requests) by extensions ['ignore', 'ignore_ament_install']
[0.238s] Level 1:colcon.colcon_core.package_identification:_identify(dev_spade/lib/python3.10/site-packages/pip/_vendor/requests) by extension 'ignore'
[0.238s] Level 1:colcon.colcon_core.package_identification:_identify(dev_spade/lib/python3.10/site-packages/pip/_vendor/requests) by extension 'ignore_ament_install'
[0.238s] Level 1:colcon.colcon_core.package_identification:_identify(dev_spade/lib/python3.10/site-packages/pip/_vendor/requests) by extensions ['colcon_pkg']
[0.238s] Level 1:colcon.colcon_core.package_identification:_identify(dev_spade/lib/python3.10/site-packages/pip/_vendor/requests) by extension 'colcon_pkg'
[0.238s] Level 1:colcon.colcon_core.package_identification:_identify(dev_spade/lib/python3.10/site-packages/pip/_vendor/requests) by extensions ['colcon_meta']
[0.238s] Level 1:colcon.colcon_core.package_identification:_identify(dev_spade/lib/python3.10/site-packages/pip/_vendor/requests) by extension 'colcon_meta'
[0.239s] Level 1:colcon.colcon_core.package_identification:_identify(dev_spade/lib/python3.10/site-packages/pip/_vendor/requests) by extensions ['ros']
[0.239s] Level 1:colcon.colcon_core.package_identification:_identify(dev_spade/lib/python3.10/site-packages/pip/_vendor/requests) by extension 'ros'
[0.239s] Level 1:colcon.colcon_core.package_identification:_identify(dev_spade/lib/python3.10/site-packages/pip/_vendor/requests) by extensions ['cmake', 'python']
[0.239s] Level 1:colcon.colcon_core.package_identification:_identify(dev_spade/lib/python3.10/site-packages/pip/_vendor/requests) by extension 'cmake'
[0.239s] Level 1:colcon.colcon_core.package_identification:_identify(dev_spade/lib/python3.10/site-packages/pip/_vendor/requests) by extension 'python'
[0.239s] Level 1:colcon.colcon_core.package_identification:_identify(dev_spade/lib/python3.10/site-packages/pip/_vendor/requests) by extensions ['python_setup_py']
[0.239s] Level 1:colcon.colcon_core.package_identification:_identify(dev_spade/lib/python3.10/site-packages/pip/_vendor/requests) by extension 'python_setup_py'
[0.239s] Level 1:colcon.colcon_core.package_identification:_identify(dev_spade/lib/python3.10/site-packages/pip/_vendor/requests/__pycache__) by extensions ['ignore', 'ignore_ament_install']
[0.239s] Level 1:colcon.colcon_core.package_identification:_identify(dev_spade/lib/python3.10/site-packages/pip/_vendor/requests/__pycache__) by extension 'ignore'
[0.239s] Level 1:colcon.colcon_core.package_identification:_identify(dev_spade/lib/python3.10/site-packages/pip/_vendor/requests/__pycache__) by extension 'ignore_ament_install'
[0.239s] Level 1:colcon.colcon_core.package_identification:_identify(dev_spade/lib/python3.10/site-packages/pip/_vendor/requests/__pycache__) by extensions ['colcon_pkg']
[0.239s] Level 1:colcon.colcon_core.package_identification:_identify(dev_spade/lib/python3.10/site-packages/pip/_vendor/requests/__pycache__) by extension 'colcon_pkg'
[0.239s] Level 1:colcon.colcon_core.package_identification:_identify(dev_spade/lib/python3.10/site-packages/pip/_vendor/requests/__pycache__) by extensions ['colcon_meta']
[0.239s] Level 1:colcon.colcon_core.package_identification:_identify(dev_spade/lib/python3.10/site-packages/pip/_vendor/requests/__pycache__) by extension 'colcon_meta'
[0.239s] Level 1:colcon.colcon_core.package_identification:_identify(dev_spade/lib/python3.10/site-packages/pip/_vendor/requests/__pycache__) by extensions ['ros']
[0.239s] Level 1:colcon.colcon_core.package_identification:_identify(dev_spade/lib/python3.10/site-packages/pip/_vendor/requests/__pycache__) by extension 'ros'
[0.239s] Level 1:colcon.colcon_core.package_identification:_identify(dev_spade/lib/python3.10/site-packages/pip/_vendor/requests/__pycache__) by extensions ['cmake', 'python']
[0.239s] Level 1:colcon.colcon_core.package_identification:_identify(dev_spade/lib/python3.10/site-packages/pip/_vendor/requests/__pycache__) by extension 'cmake'
[0.239s] Level 1:colcon.colcon_core.package_identification:_identify(dev_spade/lib/python3.10/site-packages/pip/_vendor/requests/__pycache__) by extension 'python'
[0.239s] Level 1:colcon.colcon_core.package_identification:_identify(dev_spade/lib/python3.10/site-packages/pip/_vendor/requests/__pycache__) by extensions ['python_setup_py']
[0.239s] Level 1:colcon.colcon_core.package_identification:_identify(dev_spade/lib/python3.10/site-packages/pip/_vendor/requests/__pycache__) by extension 'python_setup_py'
[0.239s] Level 1:colcon.colcon_core.package_identification:_identify(dev_spade/lib/python3.10/site-packages/pip/_vendor/resolvelib) by extensions ['ignore', 'ignore_ament_install']
[0.239s] Level 1:colcon.colcon_core.package_identification:_identify(dev_spade/lib/python3.10/site-packages/pip/_vendor/resolvelib) by extension 'ignore'
[0.239s] Level 1:colcon.colcon_core.package_identification:_identify(dev_spade/lib/python3.10/site-packages/pip/_vendor/resolvelib) by extension 'ignore_ament_install'
[0.239s] Level 1:colcon.colcon_core.package_identification:_identify(dev_spade/lib/python3.10/site-packages/pip/_vendor/resolvelib) by extensions ['colcon_pkg']
[0.239s] Level 1:colcon.colcon_core.package_identification:_identify(dev_spade/lib/python3.10/site-packages/pip/_vendor/resolvelib) by extension 'colcon_pkg'
[0.239s] Level 1:colcon.colcon_core.package_identification:_identify(dev_spade/lib/python3.10/site-packages/pip/_vendor/resolvelib) by extensions ['colcon_meta']
[0.239s] Level 1:colcon.colcon_core.package_identification:_identify(dev_spade/lib/python3.10/site-packages/pip/_vendor/resolvelib) by extension 'colcon_meta'
[0.239s] Level 1:colcon.colcon_core.package_identification:_identify(dev_spade/lib/python3.10/site-packages/pip/_vendor/resolvelib) by extensions ['ros']
[0.239s] Level 1:colcon.colcon_core.package_identification:_identify(dev_spade/lib/python3.10/site-packages/pip/_vendor/resolvelib) by extension 'ros'
[0.239s] Level 1:colcon.colcon_core.package_identification:_identify(dev_spade/lib/python3.10/site-packages/pip/_vendor/resolvelib) by extensions ['cmake', 'python']
[0.239s] Level 1:colcon.colcon_core.package_identification:_identify(dev_spade/lib/python3.10/site-packages/pip/_vendor/resolvelib) by extension 'cmake'
[0.240s] Level 1:colcon.colcon_core.package_identification:_identify(dev_spade/lib/python3.10/site-packages/pip/_vendor/resolvelib) by extension 'python'
[0.240s] Level 1:colcon.colcon_core.package_identification:_identify(dev_spade/lib/python3.10/site-packages/pip/_vendor/resolvelib) by extensions ['python_setup_py']
[0.240s] Level 1:colcon.colcon_core.package_identification:_identify(dev_spade/lib/python3.10/site-packages/pip/_vendor/resolvelib) by extension 'python_setup_py'
[0.240s] Level 1:colcon.colcon_core.package_identification:_identify(dev_spade/lib/python3.10/site-packages/pip/_vendor/resolvelib/__pycache__) by extensions ['ignore', 'ignore_ament_install']
[0.240s] Level 1:colcon.colcon_core.package_identification:_identify(dev_spade/lib/python3.10/site-packages/pip/_vendor/resolvelib/__pycache__) by extension 'ignore'
[0.240s] Level 1:colcon.colcon_core.package_identification:_identify(dev_spade/lib/python3.10/site-packages/pip/_vendor/resolvelib/__pycache__) by extension 'ignore_ament_install'
[0.240s] Level 1:colcon.colcon_core.package_identification:_identify(dev_spade/lib/python3.10/site-packages/pip/_vendor/resolvelib/__pycache__) by extensions ['colcon_pkg']
[0.240s] Level 1:colcon.colcon_core.package_identification:_identify(dev_spade/lib/python3.10/site-packages/pip/_vendor/resolvelib/__pycache__) by extension 'colcon_pkg'
[0.240s] Level 1:colcon.colcon_core.package_identification:_identify(dev_spade/lib/python3.10/site-packages/pip/_vendor/resolvelib/__pycache__) by extensions ['colcon_meta']
[0.240s] Level 1:colcon.colcon_core.package_identification:_identify(dev_spade/lib/python3.10/site-packages/pip/_vendor/resolvelib/__pycache__) by extension 'colcon_meta'
[0.240s] Level 1:colcon.colcon_core.package_identification:_identify(dev_spade/lib/python3.10/site-packages/pip/_vendor/resolvelib/__pycache__) by extensions ['ros']
[0.240s] Level 1:colcon.colcon_core.package_identification:_identify(dev_spade/lib/python3.10/site-packages/pip/_vendor/resolvelib/__pycache__) by extension 'ros'
[0.240s] Level 1:colcon.colcon_core.package_identification:_identify(dev_spade/lib/python3.10/site-packages/pip/_vendor/resolvelib/__pycache__) by extensions ['cmake', 'python']
[0.240s] Level 1:colcon.colcon_core.package_identification:_identify(dev_spade/lib/python3.10/site-packages/pip/_vendor/resolvelib/__pycache__) by extension 'cmake'
[0.240s] Level 1:colcon.colcon_core.package_identification:_identify(dev_spade/lib/python3.10/site-packages/pip/_vendor/resolvelib/__pycache__) by extension 'python'
[0.240s] Level 1:colcon.colcon_core.package_identification:_identify(dev_spade/lib/python3.10/site-packages/pip/_vendor/resolvelib/__pycache__) by extensions ['python_setup_py']
[0.240s] Level 1:colcon.colcon_core.package_identification:_identify(dev_spade/lib/python3.10/site-packages/pip/_vendor/resolvelib/__pycache__) by extension 'python_setup_py'
[0.240s] Level 1:colcon.colcon_core.package_identification:_identify(dev_spade/lib/python3.10/site-packages/pip/_vendor/resolvelib/compat) by extensions ['ignore', 'ignore_ament_install']
[0.240s] Level 1:colcon.colcon_core.package_identification:_identify(dev_spade/lib/python3.10/site-packages/pip/_vendor/resolvelib/compat) by extension 'ignore'
[0.240s] Level 1:colcon.colcon_core.package_identification:_identify(dev_spade/lib/python3.10/site-packages/pip/_vendor/resolvelib/compat) by extension 'ignore_ament_install'
[0.240s] Level 1:colcon.colcon_core.package_identification:_identify(dev_spade/lib/python3.10/site-packages/pip/_vendor/resolvelib/compat) by extensions ['colcon_pkg']
[0.240s] Level 1:colcon.colcon_core.package_identification:_identify(dev_spade/lib/python3.10/site-packages/pip/_vendor/resolvelib/compat) by extension 'colcon_pkg'
[0.240s] Level 1:colcon.colcon_core.package_identification:_identify(dev_spade/lib/python3.10/site-packages/pip/_vendor/resolvelib/compat) by extensions ['colcon_meta']
[0.240s] Level 1:colcon.colcon_core.package_identification:_identify(dev_spade/lib/python3.10/site-packages/pip/_vendor/resolvelib/compat) by extension 'colcon_meta'
[0.240s] Level 1:colcon.colcon_core.package_identification:_identify(dev_spade/lib/python3.10/site-packages/pip/_vendor/resolvelib/compat) by extensions ['ros']
[0.240s] Level 1:colcon.colcon_core.package_identification:_identify(dev_spade/lib/python3.10/site-packages/pip/_vendor/resolvelib/compat) by extension 'ros'
[0.240s] Level 1:colcon.colcon_core.package_identification:_identify(dev_spade/lib/python3.10/site-packages/pip/_vendor/resolvelib/compat) by extensions ['cmake', 'python']
[0.240s] Level 1:colcon.colcon_core.package_identification:_identify(dev_spade/lib/python3.10/site-packages/pip/_vendor/resolvelib/compat) by extension 'cmake'
[0.240s] Level 1:colcon.colcon_core.package_identification:_identify(dev_spade/lib/python3.10/site-packages/pip/_vendor/resolvelib/compat) by extension 'python'
[0.240s] Level 1:colcon.colcon_core.package_identification:_identify(dev_spade/lib/python3.10/site-packages/pip/_vendor/resolvelib/compat) by extensions ['python_setup_py']
[0.240s] Level 1:colcon.colcon_core.package_identification:_identify(dev_spade/lib/python3.10/site-packages/pip/_vendor/resolvelib/compat) by extension 'python_setup_py'
[0.241s] Level 1:colcon.colcon_core.package_identification:_identify(dev_spade/lib/python3.10/site-packages/pip/_vendor/resolvelib/compat/__pycache__) by extensions ['ignore', 'ignore_ament_install']
[0.241s] Level 1:colcon.colcon_core.package_identification:_identify(dev_spade/lib/python3.10/site-packages/pip/_vendor/resolvelib/compat/__pycache__) by extension 'ignore'
[0.241s] Level 1:colcon.colcon_core.package_identification:_identify(dev_spade/lib/python3.10/site-packages/pip/_vendor/resolvelib/compat/__pycache__) by extension 'ignore_ament_install'
[0.241s] Level 1:colcon.colcon_core.package_identification:_identify(dev_spade/lib/python3.10/site-packages/pip/_vendor/resolvelib/compat/__pycache__) by extensions ['colcon_pkg']
[0.241s] Level 1:colcon.colcon_core.package_identification:_identify(dev_spade/lib/python3.10/site-packages/pip/_vendor/resolvelib/compat/__pycache__) by extension 'colcon_pkg'
[0.241s] Level 1:colcon.colcon_core.package_identification:_identify(dev_spade/lib/python3.10/site-packages/pip/_vendor/resolvelib/compat/__pycache__) by extensions ['colcon_meta']
[0.241s] Level 1:colcon.colcon_core.package_identification:_identify(dev_spade/lib/python3.10/site-packages/pip/_vendor/resolvelib/compat/__pycache__) by extension 'colcon_meta'
[0.241s] Level 1:colcon.colcon_core.package_identification:_identify(dev_spade/lib/python3.10/site-packages/pip/_vendor/resolvelib/compat/__pycache__) by extensions ['ros']
[0.241s] Level 1:colcon.colcon_core.package_identification:_identify(dev_spade/lib/python3.10/site-packages/pip/_vendor/resolvelib/compat/__pycache__) by extension 'ros'
[0.241s] Level 1:colcon.colcon_core.package_identification:_identify(dev_spade/lib/python3.10/site-packages/pip/_vendor/resolvelib/compat/__pycache__) by extensions ['cmake', 'python']
[0.241s] Level 1:colcon.colcon_core.package_identification:_identify(dev_spade/lib/python3.10/site-packages/pip/_vendor/resolvelib/compat/__pycache__) by extension 'cmake'
[0.241s] Level 1:colcon.colcon_core.package_identification:_identify(dev_spade/lib/python3.10/site-packages/pip/_vendor/resolvelib/compat/__pycache__) by extension 'python'
[0.241s] Level 1:colcon.colcon_core.package_identification:_identify(dev_spade/lib/python3.10/site-packages/pip/_vendor/resolvelib/compat/__pycache__) by extensions ['python_setup_py']
[0.241s] Level 1:colcon.colcon_core.package_identification:_identify(dev_spade/lib/python3.10/site-packages/pip/_vendor/resolvelib/compat/__pycache__) by extension 'python_setup_py'
[0.241s] Level 1:colcon.colcon_core.package_identification:_identify(dev_spade/lib/python3.10/site-packages/pip/_vendor/rich) by extensions ['ignore', 'ignore_ament_install']
[0.241s] Level 1:colcon.colcon_core.package_identification:_identify(dev_spade/lib/python3.10/site-packages/pip/_vendor/rich) by extension 'ignore'
[0.241s] Level 1:colcon.colcon_core.package_identification:_identify(dev_spade/lib/python3.10/site-packages/pip/_vendor/rich) by extension 'ignore_ament_install'
[0.241s] Level 1:colcon.colcon_core.package_identification:_identify(dev_spade/lib/python3.10/site-packages/pip/_vendor/rich) by extensions ['colcon_pkg']
[0.241s] Level 1:colcon.colcon_core.package_identification:_identify(dev_spade/lib/python3.10/site-packages/pip/_vendor/rich) by extension 'colcon_pkg'
[0.241s] Level 1:colcon.colcon_core.package_identification:_identify(dev_spade/lib/python3.10/site-packages/pip/_vendor/rich) by extensions ['colcon_meta']
[0.241s] Level 1:colcon.colcon_core.package_identification:_identify(dev_spade/lib/python3.10/site-packages/pip/_vendor/rich) by extension 'colcon_meta'
[0.241s] Level 1:colcon.colcon_core.package_identification:_identify(dev_spade/lib/python3.10/site-packages/pip/_vendor/rich) by extensions ['ros']
[0.241s] Level 1:colcon.colcon_core.package_identification:_identify(dev_spade/lib/python3.10/site-packages/pip/_vendor/rich) by extension 'ros'
[0.241s] Level 1:colcon.colcon_core.package_identification:_identify(dev_spade/lib/python3.10/site-packages/pip/_vendor/rich) by extensions ['cmake', 'python']
[0.241s] Level 1:colcon.colcon_core.package_identification:_identify(dev_spade/lib/python3.10/site-packages/pip/_vendor/rich) by extension 'cmake'
[0.241s] Level 1:colcon.colcon_core.package_identification:_identify(dev_spade/lib/python3.10/site-packages/pip/_vendor/rich) by extension 'python'
[0.241s] Level 1:colcon.colcon_core.package_identification:_identify(dev_spade/lib/python3.10/site-packages/pip/_vendor/rich) by extensions ['python_setup_py']
[0.241s] Level 1:colcon.colcon_core.package_identification:_identify(dev_spade/lib/python3.10/site-packages/pip/_vendor/rich) by extension 'python_setup_py'
[0.241s] Level 1:colcon.colcon_core.package_identification:_identify(dev_spade/lib/python3.10/site-packages/pip/_vendor/rich/__pycache__) by extensions ['ignore', 'ignore_ament_install']
[0.241s] Level 1:colcon.colcon_core.package_identification:_identify(dev_spade/lib/python3.10/site-packages/pip/_vendor/rich/__pycache__) by extension 'ignore'
[0.242s] Level 1:colcon.colcon_core.package_identification:_identify(dev_spade/lib/python3.10/site-packages/pip/_vendor/rich/__pycache__) by extension 'ignore_ament_install'
[0.242s] Level 1:colcon.colcon_core.package_identification:_identify(dev_spade/lib/python3.10/site-packages/pip/_vendor/rich/__pycache__) by extensions ['colcon_pkg']
[0.242s] Level 1:colcon.colcon_core.package_identification:_identify(dev_spade/lib/python3.10/site-packages/pip/_vendor/rich/__pycache__) by extension 'colcon_pkg'
[0.242s] Level 1:colcon.colcon_core.package_identification:_identify(dev_spade/lib/python3.10/site-packages/pip/_vendor/rich/__pycache__) by extensions ['colcon_meta']
[0.242s] Level 1:colcon.colcon_core.package_identification:_identify(dev_spade/lib/python3.10/site-packages/pip/_vendor/rich/__pycache__) by extension 'colcon_meta'
[0.242s] Level 1:colcon.colcon_core.package_identification:_identify(dev_spade/lib/python3.10/site-packages/pip/_vendor/rich/__pycache__) by extensions ['ros']
[0.242s] Level 1:colcon.colcon_core.package_identification:_identify(dev_spade/lib/python3.10/site-packages/pip/_vendor/rich/__pycache__) by extension 'ros'
[0.242s] Level 1:colcon.colcon_core.package_identification:_identify(dev_spade/lib/python3.10/site-packages/pip/_vendor/rich/__pycache__) by extensions ['cmake', 'python']
[0.242s] Level 1:colcon.colcon_core.package_identification:_identify(dev_spade/lib/python3.10/site-packages/pip/_vendor/rich/__pycache__) by extension 'cmake'
[0.242s] Level 1:colcon.colcon_core.package_identification:_identify(dev_spade/lib/python3.10/site-packages/pip/_vendor/rich/__pycache__) by extension 'python'
[0.242s] Level 1:colcon.colcon_core.package_identification:_identify(dev_spade/lib/python3.10/site-packages/pip/_vendor/rich/__pycache__) by extensions ['python_setup_py']
[0.242s] Level 1:colcon.colcon_core.package_identification:_identify(dev_spade/lib/python3.10/site-packages/pip/_vendor/rich/__pycache__) by extension 'python_setup_py'
[0.242s] Level 1:colcon.colcon_core.package_identification:_identify(dev_spade/lib/python3.10/site-packages/pip/_vendor/tenacity) by extensions ['ignore', 'ignore_ament_install']
[0.242s] Level 1:colcon.colcon_core.package_identification:_identify(dev_spade/lib/python3.10/site-packages/pip/_vendor/tenacity) by extension 'ignore'
[0.242s] Level 1:colcon.colcon_core.package_identification:_identify(dev_spade/lib/python3.10/site-packages/pip/_vendor/tenacity) by extension 'ignore_ament_install'
[0.242s] Level 1:colcon.colcon_core.package_identification:_identify(dev_spade/lib/python3.10/site-packages/pip/_vendor/tenacity) by extensions ['colcon_pkg']
[0.242s] Level 1:colcon.colcon_core.package_identification:_identify(dev_spade/lib/python3.10/site-packages/pip/_vendor/tenacity) by extension 'colcon_pkg'
[0.242s] Level 1:colcon.colcon_core.package_identification:_identify(dev_spade/lib/python3.10/site-packages/pip/_vendor/tenacity) by extensions ['colcon_meta']
[0.242s] Level 1:colcon.colcon_core.package_identification:_identify(dev_spade/lib/python3.10/site-packages/pip/_vendor/tenacity) by extension 'colcon_meta'
[0.242s] Level 1:colcon.colcon_core.package_identification:_identify(dev_spade/lib/python3.10/site-packages/pip/_vendor/tenacity) by extensions ['ros']
[0.242s] Level 1:colcon.colcon_core.package_identification:_identify(dev_spade/lib/python3.10/site-packages/pip/_vendor/tenacity) by extension 'ros'
[0.242s] Level 1:colcon.colcon_core.package_identification:_identify(dev_spade/lib/python3.10/site-packages/pip/_vendor/tenacity) by extensions ['cmake', 'python']
[0.242s] Level 1:colcon.colcon_core.package_identification:_identify(dev_spade/lib/python3.10/site-packages/pip/_vendor/tenacity) by extension 'cmake'
[0.242s] Level 1:colcon.colcon_core.package_identification:_identify(dev_spade/lib/python3.10/site-packages/pip/_vendor/tenacity) by extension 'python'
[0.242s] Level 1:colcon.colcon_core.package_identification:_identify(dev_spade/lib/python3.10/site-packages/pip/_vendor/tenacity) by extensions ['python_setup_py']
[0.242s] Level 1:colcon.colcon_core.package_identification:_identify(dev_spade/lib/python3.10/site-packages/pip/_vendor/tenacity) by extension 'python_setup_py'
[0.242s] Level 1:colcon.colcon_core.package_identification:_identify(dev_spade/lib/python3.10/site-packages/pip/_vendor/tenacity/__pycache__) by extensions ['ignore', 'ignore_ament_install']
[0.242s] Level 1:colcon.colcon_core.package_identification:_identify(dev_spade/lib/python3.10/site-packages/pip/_vendor/tenacity/__pycache__) by extension 'ignore'
[0.242s] Level 1:colcon.colcon_core.package_identification:_identify(dev_spade/lib/python3.10/site-packages/pip/_vendor/tenacity/__pycache__) by extension 'ignore_ament_install'
[0.243s] Level 1:colcon.colcon_core.package_identification:_identify(dev_spade/lib/python3.10/site-packages/pip/_vendor/tenacity/__pycache__) by extensions ['colcon_pkg']
[0.243s] Level 1:colcon.colcon_core.package_identification:_identify(dev_spade/lib/python3.10/site-packages/pip/_vendor/tenacity/__pycache__) by extension 'colcon_pkg'
[0.243s] Level 1:colcon.colcon_core.package_identification:_identify(dev_spade/lib/python3.10/site-packages/pip/_vendor/tenacity/__pycache__) by extensions ['colcon_meta']
[0.243s] Level 1:colcon.colcon_core.package_identification:_identify(dev_spade/lib/python3.10/site-packages/pip/_vendor/tenacity/__pycache__) by extension 'colcon_meta'
[0.243s] Level 1:colcon.colcon_core.package_identification:_identify(dev_spade/lib/python3.10/site-packages/pip/_vendor/tenacity/__pycache__) by extensions ['ros']
[0.243s] Level 1:colcon.colcon_core.package_identification:_identify(dev_spade/lib/python3.10/site-packages/pip/_vendor/tenacity/__pycache__) by extension 'ros'
[0.243s] Level 1:colcon.colcon_core.package_identification:_identify(dev_spade/lib/python3.10/site-packages/pip/_vendor/tenacity/__pycache__) by extensions ['cmake', 'python']
[0.243s] Level 1:colcon.colcon_core.package_identification:_identify(dev_spade/lib/python3.10/site-packages/pip/_vendor/tenacity/__pycache__) by extension 'cmake'
[0.243s] Level 1:colcon.colcon_core.package_identification:_identify(dev_spade/lib/python3.10/site-packages/pip/_vendor/tenacity/__pycache__) by extension 'python'
[0.243s] Level 1:colcon.colcon_core.package_identification:_identify(dev_spade/lib/python3.10/site-packages/pip/_vendor/tenacity/__pycache__) by extensions ['python_setup_py']
[0.243s] Level 1:colcon.colcon_core.package_identification:_identify(dev_spade/lib/python3.10/site-packages/pip/_vendor/tenacity/__pycache__) by extension 'python_setup_py'
[0.243s] Level 1:colcon.colcon_core.package_identification:_identify(dev_spade/lib/python3.10/site-packages/pip/_vendor/tomli) by extensions ['ignore', 'ignore_ament_install']
[0.243s] Level 1:colcon.colcon_core.package_identification:_identify(dev_spade/lib/python3.10/site-packages/pip/_vendor/tomli) by extension 'ignore'
[0.243s] Level 1:colcon.colcon_core.package_identification:_identify(dev_spade/lib/python3.10/site-packages/pip/_vendor/tomli) by extension 'ignore_ament_install'
[0.243s] Level 1:colcon.colcon_core.package_identification:_identify(dev_spade/lib/python3.10/site-packages/pip/_vendor/tomli) by extensions ['colcon_pkg']
[0.243s] Level 1:colcon.colcon_core.package_identification:_identify(dev_spade/lib/python3.10/site-packages/pip/_vendor/tomli) by extension 'colcon_pkg'
[0.243s] Level 1:colcon.colcon_core.package_identification:_identify(dev_spade/lib/python3.10/site-packages/pip/_vendor/tomli) by extensions ['colcon_meta']
[0.243s] Level 1:colcon.colcon_core.package_identification:_identify(dev_spade/lib/python3.10/site-packages/pip/_vendor/tomli) by extension 'colcon_meta'
[0.243s] Level 1:colcon.colcon_core.package_identification:_identify(dev_spade/lib/python3.10/site-packages/pip/_vendor/tomli) by extensions ['ros']
[0.243s] Level 1:colcon.colcon_core.package_identification:_identify(dev_spade/lib/python3.10/site-packages/pip/_vendor/tomli) by extension 'ros'
[0.243s] Level 1:colcon.colcon_core.package_identification:_identify(dev_spade/lib/python3.10/site-packages/pip/_vendor/tomli) by extensions ['cmake', 'python']
[0.243s] Level 1:colcon.colcon_core.package_identification:_identify(dev_spade/lib/python3.10/site-packages/pip/_vendor/tomli) by extension 'cmake'
[0.243s] Level 1:colcon.colcon_core.package_identification:_identify(dev_spade/lib/python3.10/site-packages/pip/_vendor/tomli) by extension 'python'
[0.243s] Level 1:colcon.colcon_core.package_identification:_identify(dev_spade/lib/python3.10/site-packages/pip/_vendor/tomli) by extensions ['python_setup_py']
[0.243s] Level 1:colcon.colcon_core.package_identification:_identify(dev_spade/lib/python3.10/site-packages/pip/_vendor/tomli) by extension 'python_setup_py'
[0.243s] Level 1:colcon.colcon_core.package_identification:_identify(dev_spade/lib/python3.10/site-packages/pip/_vendor/tomli/__pycache__) by extensions ['ignore', 'ignore_ament_install']
[0.243s] Level 1:colcon.colcon_core.package_identification:_identify(dev_spade/lib/python3.10/site-packages/pip/_vendor/tomli/__pycache__) by extension 'ignore'
[0.243s] Level 1:colcon.colcon_core.package_identification:_identify(dev_spade/lib/python3.10/site-packages/pip/_vendor/tomli/__pycache__) by extension 'ignore_ament_install'
[0.243s] Level 1:colcon.colcon_core.package_identification:_identify(dev_spade/lib/python3.10/site-packages/pip/_vendor/tomli/__pycache__) by extensions ['colcon_pkg']
[0.243s] Level 1:colcon.colcon_core.package_identification:_identify(dev_spade/lib/python3.10/site-packages/pip/_vendor/tomli/__pycache__) by extension 'colcon_pkg'
[0.243s] Level 1:colcon.colcon_core.package_identification:_identify(dev_spade/lib/python3.10/site-packages/pip/_vendor/tomli/__pycache__) by extensions ['colcon_meta']
[0.243s] Level 1:colcon.colcon_core.package_identification:_identify(dev_spade/lib/python3.10/site-packages/pip/_vendor/tomli/__pycache__) by extension 'colcon_meta'
[0.243s] Level 1:colcon.colcon_core.package_identification:_identify(dev_spade/lib/python3.10/site-packages/pip/_vendor/tomli/__pycache__) by extensions ['ros']
[0.243s] Level 1:colcon.colcon_core.package_identification:_identify(dev_spade/lib/python3.10/site-packages/pip/_vendor/tomli/__pycache__) by extension 'ros'
[0.244s] Level 1:colcon.colcon_core.package_identification:_identify(dev_spade/lib/python3.10/site-packages/pip/_vendor/tomli/__pycache__) by extensions ['cmake', 'python']
[0.244s] Level 1:colcon.colcon_core.package_identification:_identify(dev_spade/lib/python3.10/site-packages/pip/_vendor/tomli/__pycache__) by extension 'cmake'
[0.244s] Level 1:colcon.colcon_core.package_identification:_identify(dev_spade/lib/python3.10/site-packages/pip/_vendor/tomli/__pycache__) by extension 'python'
[0.244s] Level 1:colcon.colcon_core.package_identification:_identify(dev_spade/lib/python3.10/site-packages/pip/_vendor/tomli/__pycache__) by extensions ['python_setup_py']
[0.244s] Level 1:colcon.colcon_core.package_identification:_identify(dev_spade/lib/python3.10/site-packages/pip/_vendor/tomli/__pycache__) by extension 'python_setup_py'
[0.244s] Level 1:colcon.colcon_core.package_identification:_identify(dev_spade/lib/python3.10/site-packages/pip/_vendor/urllib3) by extensions ['ignore', 'ignore_ament_install']
[0.244s] Level 1:colcon.colcon_core.package_identification:_identify(dev_spade/lib/python3.10/site-packages/pip/_vendor/urllib3) by extension 'ignore'
[0.244s] Level 1:colcon.colcon_core.package_identification:_identify(dev_spade/lib/python3.10/site-packages/pip/_vendor/urllib3) by extension 'ignore_ament_install'
[0.244s] Level 1:colcon.colcon_core.package_identification:_identify(dev_spade/lib/python3.10/site-packages/pip/_vendor/urllib3) by extensions ['colcon_pkg']
[0.244s] Level 1:colcon.colcon_core.package_identification:_identify(dev_spade/lib/python3.10/site-packages/pip/_vendor/urllib3) by extension 'colcon_pkg'
[0.244s] Level 1:colcon.colcon_core.package_identification:_identify(dev_spade/lib/python3.10/site-packages/pip/_vendor/urllib3) by extensions ['colcon_meta']
[0.244s] Level 1:colcon.colcon_core.package_identification:_identify(dev_spade/lib/python3.10/site-packages/pip/_vendor/urllib3) by extension 'colcon_meta'
[0.244s] Level 1:colcon.colcon_core.package_identification:_identify(dev_spade/lib/python3.10/site-packages/pip/_vendor/urllib3) by extensions ['ros']
[0.244s] Level 1:colcon.colcon_core.package_identification:_identify(dev_spade/lib/python3.10/site-packages/pip/_vendor/urllib3) by extension 'ros'
[0.244s] Level 1:colcon.colcon_core.package_identification:_identify(dev_spade/lib/python3.10/site-packages/pip/_vendor/urllib3) by extensions ['cmake', 'python']
[0.244s] Level 1:colcon.colcon_core.package_identification:_identify(dev_spade/lib/python3.10/site-packages/pip/_vendor/urllib3) by extension 'cmake'
[0.244s] Level 1:colcon.colcon_core.package_identification:_identify(dev_spade/lib/python3.10/site-packages/pip/_vendor/urllib3) by extension 'python'
[0.244s] Level 1:colcon.colcon_core.package_identification:_identify(dev_spade/lib/python3.10/site-packages/pip/_vendor/urllib3) by extensions ['python_setup_py']
[0.244s] Level 1:colcon.colcon_core.package_identification:_identify(dev_spade/lib/python3.10/site-packages/pip/_vendor/urllib3) by extension 'python_setup_py'
[0.244s] Level 1:colcon.colcon_core.package_identification:_identify(dev_spade/lib/python3.10/site-packages/pip/_vendor/urllib3/__pycache__) by extensions ['ignore', 'ignore_ament_install']
[0.244s] Level 1:colcon.colcon_core.package_identification:_identify(dev_spade/lib/python3.10/site-packages/pip/_vendor/urllib3/__pycache__) by extension 'ignore'
[0.244s] Level 1:colcon.colcon_core.package_identification:_identify(dev_spade/lib/python3.10/site-packages/pip/_vendor/urllib3/__pycache__) by extension 'ignore_ament_install'
[0.244s] Level 1:colcon.colcon_core.package_identification:_identify(dev_spade/lib/python3.10/site-packages/pip/_vendor/urllib3/__pycache__) by extensions ['colcon_pkg']
[0.244s] Level 1:colcon.colcon_core.package_identification:_identify(dev_spade/lib/python3.10/site-packages/pip/_vendor/urllib3/__pycache__) by extension 'colcon_pkg'
[0.244s] Level 1:colcon.colcon_core.package_identification:_identify(dev_spade/lib/python3.10/site-packages/pip/_vendor/urllib3/__pycache__) by extensions ['colcon_meta']
[0.244s] Level 1:colcon.colcon_core.package_identification:_identify(dev_spade/lib/python3.10/site-packages/pip/_vendor/urllib3/__pycache__) by extension 'colcon_meta'
[0.244s] Level 1:colcon.colcon_core.package_identification:_identify(dev_spade/lib/python3.10/site-packages/pip/_vendor/urllib3/__pycache__) by extensions ['ros']
[0.244s] Level 1:colcon.colcon_core.package_identification:_identify(dev_spade/lib/python3.10/site-packages/pip/_vendor/urllib3/__pycache__) by extension 'ros'
[0.244s] Level 1:colcon.colcon_core.package_identification:_identify(dev_spade/lib/python3.10/site-packages/pip/_vendor/urllib3/__pycache__) by extensions ['cmake', 'python']
[0.244s] Level 1:colcon.colcon_core.package_identification:_identify(dev_spade/lib/python3.10/site-packages/pip/_vendor/urllib3/__pycache__) by extension 'cmake'
[0.244s] Level 1:colcon.colcon_core.package_identification:_identify(dev_spade/lib/python3.10/site-packages/pip/_vendor/urllib3/__pycache__) by extension 'python'
[0.244s] Level 1:colcon.colcon_core.package_identification:_identify(dev_spade/lib/python3.10/site-packages/pip/_vendor/urllib3/__pycache__) by extensions ['python_setup_py']
[0.244s] Level 1:colcon.colcon_core.package_identification:_identify(dev_spade/lib/python3.10/site-packages/pip/_vendor/urllib3/__pycache__) by extension 'python_setup_py'
[0.244s] Level 1:colcon.colcon_core.package_identification:_identify(dev_spade/lib/python3.10/site-packages/pip/_vendor/urllib3/contrib) by extensions ['ignore', 'ignore_ament_install']
[0.245s] Level 1:colcon.colcon_core.package_identification:_identify(dev_spade/lib/python3.10/site-packages/pip/_vendor/urllib3/contrib) by extension 'ignore'
[0.245s] Level 1:colcon.colcon_core.package_identification:_identify(dev_spade/lib/python3.10/site-packages/pip/_vendor/urllib3/contrib) by extension 'ignore_ament_install'
[0.245s] Level 1:colcon.colcon_core.package_identification:_identify(dev_spade/lib/python3.10/site-packages/pip/_vendor/urllib3/contrib) by extensions ['colcon_pkg']
[0.245s] Level 1:colcon.colcon_core.package_identification:_identify(dev_spade/lib/python3.10/site-packages/pip/_vendor/urllib3/contrib) by extension 'colcon_pkg'
[0.245s] Level 1:colcon.colcon_core.package_identification:_identify(dev_spade/lib/python3.10/site-packages/pip/_vendor/urllib3/contrib) by extensions ['colcon_meta']
[0.245s] Level 1:colcon.colcon_core.package_identification:_identify(dev_spade/lib/python3.10/site-packages/pip/_vendor/urllib3/contrib) by extension 'colcon_meta'
[0.245s] Level 1:colcon.colcon_core.package_identification:_identify(dev_spade/lib/python3.10/site-packages/pip/_vendor/urllib3/contrib) by extensions ['ros']
[0.245s] Level 1:colcon.colcon_core.package_identification:_identify(dev_spade/lib/python3.10/site-packages/pip/_vendor/urllib3/contrib) by extension 'ros'
[0.245s] Level 1:colcon.colcon_core.package_identification:_identify(dev_spade/lib/python3.10/site-packages/pip/_vendor/urllib3/contrib) by extensions ['cmake', 'python']
[0.245s] Level 1:colcon.colcon_core.package_identification:_identify(dev_spade/lib/python3.10/site-packages/pip/_vendor/urllib3/contrib) by extension 'cmake'
[0.245s] Level 1:colcon.colcon_core.package_identification:_identify(dev_spade/lib/python3.10/site-packages/pip/_vendor/urllib3/contrib) by extension 'python'
[0.245s] Level 1:colcon.colcon_core.package_identification:_identify(dev_spade/lib/python3.10/site-packages/pip/_vendor/urllib3/contrib) by extensions ['python_setup_py']
[0.245s] Level 1:colcon.colcon_core.package_identification:_identify(dev_spade/lib/python3.10/site-packages/pip/_vendor/urllib3/contrib) by extension 'python_setup_py'
[0.245s] Level 1:colcon.colcon_core.package_identification:_identify(dev_spade/lib/python3.10/site-packages/pip/_vendor/urllib3/contrib/__pycache__) by extensions ['ignore', 'ignore_ament_install']
[0.245s] Level 1:colcon.colcon_core.package_identification:_identify(dev_spade/lib/python3.10/site-packages/pip/_vendor/urllib3/contrib/__pycache__) by extension 'ignore'
[0.245s] Level 1:colcon.colcon_core.package_identification:_identify(dev_spade/lib/python3.10/site-packages/pip/_vendor/urllib3/contrib/__pycache__) by extension 'ignore_ament_install'
[0.245s] Level 1:colcon.colcon_core.package_identification:_identify(dev_spade/lib/python3.10/site-packages/pip/_vendor/urllib3/contrib/__pycache__) by extensions ['colcon_pkg']
[0.245s] Level 1:colcon.colcon_core.package_identification:_identify(dev_spade/lib/python3.10/site-packages/pip/_vendor/urllib3/contrib/__pycache__) by extension 'colcon_pkg'
[0.245s] Level 1:colcon.colcon_core.package_identification:_identify(dev_spade/lib/python3.10/site-packages/pip/_vendor/urllib3/contrib/__pycache__) by extensions ['colcon_meta']
[0.245s] Level 1:colcon.colcon_core.package_identification:_identify(dev_spade/lib/python3.10/site-packages/pip/_vendor/urllib3/contrib/__pycache__) by extension 'colcon_meta'
[0.245s] Level 1:colcon.colcon_core.package_identification:_identify(dev_spade/lib/python3.10/site-packages/pip/_vendor/urllib3/contrib/__pycache__) by extensions ['ros']
[0.245s] Level 1:colcon.colcon_core.package_identification:_identify(dev_spade/lib/python3.10/site-packages/pip/_vendor/urllib3/contrib/__pycache__) by extension 'ros'
[0.245s] Level 1:colcon.colcon_core.package_identification:_identify(dev_spade/lib/python3.10/site-packages/pip/_vendor/urllib3/contrib/__pycache__) by extensions ['cmake', 'python']
[0.245s] Level 1:colcon.colcon_core.package_identification:_identify(dev_spade/lib/python3.10/site-packages/pip/_vendor/urllib3/contrib/__pycache__) by extension 'cmake'
[0.245s] Level 1:colcon.colcon_core.package_identification:_identify(dev_spade/lib/python3.10/site-packages/pip/_vendor/urllib3/contrib/__pycache__) by extension 'python'
[0.245s] Level 1:colcon.colcon_core.package_identification:_identify(dev_spade/lib/python3.10/site-packages/pip/_vendor/urllib3/contrib/__pycache__) by extensions ['python_setup_py']
[0.245s] Level 1:colcon.colcon_core.package_identification:_identify(dev_spade/lib/python3.10/site-packages/pip/_vendor/urllib3/contrib/__pycache__) by extension 'python_setup_py'
[0.245s] Level 1:colcon.colcon_core.package_identification:_identify(dev_spade/lib/python3.10/site-packages/pip/_vendor/urllib3/contrib/_securetransport) by extensions ['ignore', 'ignore_ament_install']
[0.245s] Level 1:colcon.colcon_core.package_identification:_identify(dev_spade/lib/python3.10/site-packages/pip/_vendor/urllib3/contrib/_securetransport) by extension 'ignore'
[0.245s] Level 1:colcon.colcon_core.package_identification:_identify(dev_spade/lib/python3.10/site-packages/pip/_vendor/urllib3/contrib/_securetransport) by extension 'ignore_ament_install'
[0.245s] Level 1:colcon.colcon_core.package_identification:_identify(dev_spade/lib/python3.10/site-packages/pip/_vendor/urllib3/contrib/_securetransport) by extensions ['colcon_pkg']
[0.245s] Level 1:colcon.colcon_core.package_identification:_identify(dev_spade/lib/python3.10/site-packages/pip/_vendor/urllib3/contrib/_securetransport) by extension 'colcon_pkg'
[0.245s] Level 1:colcon.colcon_core.package_identification:_identify(dev_spade/lib/python3.10/site-packages/pip/_vendor/urllib3/contrib/_securetransport) by extensions ['colcon_meta']
[0.246s] Level 1:colcon.colcon_core.package_identification:_identify(dev_spade/lib/python3.10/site-packages/pip/_vendor/urllib3/contrib/_securetransport) by extension 'colcon_meta'
[0.246s] Level 1:colcon.colcon_core.package_identification:_identify(dev_spade/lib/python3.10/site-packages/pip/_vendor/urllib3/contrib/_securetransport) by extensions ['ros']
[0.246s] Level 1:colcon.colcon_core.package_identification:_identify(dev_spade/lib/python3.10/site-packages/pip/_vendor/urllib3/contrib/_securetransport) by extension 'ros'
[0.246s] Level 1:colcon.colcon_core.package_identification:_identify(dev_spade/lib/python3.10/site-packages/pip/_vendor/urllib3/contrib/_securetransport) by extensions ['cmake', 'python']
[0.246s] Level 1:colcon.colcon_core.package_identification:_identify(dev_spade/lib/python3.10/site-packages/pip/_vendor/urllib3/contrib/_securetransport) by extension 'cmake'
[0.246s] Level 1:colcon.colcon_core.package_identification:_identify(dev_spade/lib/python3.10/site-packages/pip/_vendor/urllib3/contrib/_securetransport) by extension 'python'
[0.246s] Level 1:colcon.colcon_core.package_identification:_identify(dev_spade/lib/python3.10/site-packages/pip/_vendor/urllib3/contrib/_securetransport) by extensions ['python_setup_py']
[0.246s] Level 1:colcon.colcon_core.package_identification:_identify(dev_spade/lib/python3.10/site-packages/pip/_vendor/urllib3/contrib/_securetransport) by extension 'python_setup_py'
[0.246s] Level 1:colcon.colcon_core.package_identification:_identify(dev_spade/lib/python3.10/site-packages/pip/_vendor/urllib3/contrib/_securetransport/__pycache__) by extensions ['ignore', 'ignore_ament_install']
[0.246s] Level 1:colcon.colcon_core.package_identification:_identify(dev_spade/lib/python3.10/site-packages/pip/_vendor/urllib3/contrib/_securetransport/__pycache__) by extension 'ignore'
[0.246s] Level 1:colcon.colcon_core.package_identification:_identify(dev_spade/lib/python3.10/site-packages/pip/_vendor/urllib3/contrib/_securetransport/__pycache__) by extension 'ignore_ament_install'
[0.246s] Level 1:colcon.colcon_core.package_identification:_identify(dev_spade/lib/python3.10/site-packages/pip/_vendor/urllib3/contrib/_securetransport/__pycache__) by extensions ['colcon_pkg']
[0.246s] Level 1:colcon.colcon_core.package_identification:_identify(dev_spade/lib/python3.10/site-packages/pip/_vendor/urllib3/contrib/_securetransport/__pycache__) by extension 'colcon_pkg'
[0.246s] Level 1:colcon.colcon_core.package_identification:_identify(dev_spade/lib/python3.10/site-packages/pip/_vendor/urllib3/contrib/_securetransport/__pycache__) by extensions ['colcon_meta']
[0.246s] Level 1:colcon.colcon_core.package_identification:_identify(dev_spade/lib/python3.10/site-packages/pip/_vendor/urllib3/contrib/_securetransport/__pycache__) by extension 'colcon_meta'
[0.246s] Level 1:colcon.colcon_core.package_identification:_identify(dev_spade/lib/python3.10/site-packages/pip/_vendor/urllib3/contrib/_securetransport/__pycache__) by extensions ['ros']
[0.246s] Level 1:colcon.colcon_core.package_identification:_identify(dev_spade/lib/python3.10/site-packages/pip/_vendor/urllib3/contrib/_securetransport/__pycache__) by extension 'ros'
[0.246s] Level 1:colcon.colcon_core.package_identification:_identify(dev_spade/lib/python3.10/site-packages/pip/_vendor/urllib3/contrib/_securetransport/__pycache__) by extensions ['cmake', 'python']
[0.246s] Level 1:colcon.colcon_core.package_identification:_identify(dev_spade/lib/python3.10/site-packages/pip/_vendor/urllib3/contrib/_securetransport/__pycache__) by extension 'cmake'
[0.246s] Level 1:colcon.colcon_core.package_identification:_identify(dev_spade/lib/python3.10/site-packages/pip/_vendor/urllib3/contrib/_securetransport/__pycache__) by extension 'python'
[0.246s] Level 1:colcon.colcon_core.package_identification:_identify(dev_spade/lib/python3.10/site-packages/pip/_vendor/urllib3/contrib/_securetransport/__pycache__) by extensions ['python_setup_py']
[0.246s] Level 1:colcon.colcon_core.package_identification:_identify(dev_spade/lib/python3.10/site-packages/pip/_vendor/urllib3/contrib/_securetransport/__pycache__) by extension 'python_setup_py'
[0.246s] Level 1:colcon.colcon_core.package_identification:_identify(dev_spade/lib/python3.10/site-packages/pip/_vendor/urllib3/packages) by extensions ['ignore', 'ignore_ament_install']
[0.246s] Level 1:colcon.colcon_core.package_identification:_identify(dev_spade/lib/python3.10/site-packages/pip/_vendor/urllib3/packages) by extension 'ignore'
[0.246s] Level 1:colcon.colcon_core.package_identification:_identify(dev_spade/lib/python3.10/site-packages/pip/_vendor/urllib3/packages) by extension 'ignore_ament_install'
[0.246s] Level 1:colcon.colcon_core.package_identification:_identify(dev_spade/lib/python3.10/site-packages/pip/_vendor/urllib3/packages) by extensions ['colcon_pkg']
[0.246s] Level 1:colcon.colcon_core.package_identification:_identify(dev_spade/lib/python3.10/site-packages/pip/_vendor/urllib3/packages) by extension 'colcon_pkg'
[0.246s] Level 1:colcon.colcon_core.package_identification:_identify(dev_spade/lib/python3.10/site-packages/pip/_vendor/urllib3/packages) by extensions ['colcon_meta']
[0.246s] Level 1:colcon.colcon_core.package_identification:_identify(dev_spade/lib/python3.10/site-packages/pip/_vendor/urllib3/packages) by extension 'colcon_meta'
[0.246s] Level 1:colcon.colcon_core.package_identification:_identify(dev_spade/lib/python3.10/site-packages/pip/_vendor/urllib3/packages) by extensions ['ros']
[0.246s] Level 1:colcon.colcon_core.package_identification:_identify(dev_spade/lib/python3.10/site-packages/pip/_vendor/urllib3/packages) by extension 'ros'
[0.247s] Level 1:colcon.colcon_core.package_identification:_identify(dev_spade/lib/python3.10/site-packages/pip/_vendor/urllib3/packages) by extensions ['cmake', 'python']
[0.247s] Level 1:colcon.colcon_core.package_identification:_identify(dev_spade/lib/python3.10/site-packages/pip/_vendor/urllib3/packages) by extension 'cmake'
[0.247s] Level 1:colcon.colcon_core.package_identification:_identify(dev_spade/lib/python3.10/site-packages/pip/_vendor/urllib3/packages) by extension 'python'
[0.247s] Level 1:colcon.colcon_core.package_identification:_identify(dev_spade/lib/python3.10/site-packages/pip/_vendor/urllib3/packages) by extensions ['python_setup_py']
[0.247s] Level 1:colcon.colcon_core.package_identification:_identify(dev_spade/lib/python3.10/site-packages/pip/_vendor/urllib3/packages) by extension 'python_setup_py'
[0.247s] Level 1:colcon.colcon_core.package_identification:_identify(dev_spade/lib/python3.10/site-packages/pip/_vendor/urllib3/packages/__pycache__) by extensions ['ignore', 'ignore_ament_install']
[0.247s] Level 1:colcon.colcon_core.package_identification:_identify(dev_spade/lib/python3.10/site-packages/pip/_vendor/urllib3/packages/__pycache__) by extension 'ignore'
[0.247s] Level 1:colcon.colcon_core.package_identification:_identify(dev_spade/lib/python3.10/site-packages/pip/_vendor/urllib3/packages/__pycache__) by extension 'ignore_ament_install'
[0.247s] Level 1:colcon.colcon_core.package_identification:_identify(dev_spade/lib/python3.10/site-packages/pip/_vendor/urllib3/packages/__pycache__) by extensions ['colcon_pkg']
[0.247s] Level 1:colcon.colcon_core.package_identification:_identify(dev_spade/lib/python3.10/site-packages/pip/_vendor/urllib3/packages/__pycache__) by extension 'colcon_pkg'
[0.247s] Level 1:colcon.colcon_core.package_identification:_identify(dev_spade/lib/python3.10/site-packages/pip/_vendor/urllib3/packages/__pycache__) by extensions ['colcon_meta']
[0.247s] Level 1:colcon.colcon_core.package_identification:_identify(dev_spade/lib/python3.10/site-packages/pip/_vendor/urllib3/packages/__pycache__) by extension 'colcon_meta'
[0.247s] Level 1:colcon.colcon_core.package_identification:_identify(dev_spade/lib/python3.10/site-packages/pip/_vendor/urllib3/packages/__pycache__) by extensions ['ros']
[0.247s] Level 1:colcon.colcon_core.package_identification:_identify(dev_spade/lib/python3.10/site-packages/pip/_vendor/urllib3/packages/__pycache__) by extension 'ros'
[0.247s] Level 1:colcon.colcon_core.package_identification:_identify(dev_spade/lib/python3.10/site-packages/pip/_vendor/urllib3/packages/__pycache__) by extensions ['cmake', 'python']
[0.247s] Level 1:colcon.colcon_core.package_identification:_identify(dev_spade/lib/python3.10/site-packages/pip/_vendor/urllib3/packages/__pycache__) by extension 'cmake'
[0.247s] Level 1:colcon.colcon_core.package_identification:_identify(dev_spade/lib/python3.10/site-packages/pip/_vendor/urllib3/packages/__pycache__) by extension 'python'
[0.247s] Level 1:colcon.colcon_core.package_identification:_identify(dev_spade/lib/python3.10/site-packages/pip/_vendor/urllib3/packages/__pycache__) by extensions ['python_setup_py']
[0.247s] Level 1:colcon.colcon_core.package_identification:_identify(dev_spade/lib/python3.10/site-packages/pip/_vendor/urllib3/packages/__pycache__) by extension 'python_setup_py'
[0.247s] Level 1:colcon.colcon_core.package_identification:_identify(dev_spade/lib/python3.10/site-packages/pip/_vendor/urllib3/packages/backports) by extensions ['ignore', 'ignore_ament_install']
[0.247s] Level 1:colcon.colcon_core.package_identification:_identify(dev_spade/lib/python3.10/site-packages/pip/_vendor/urllib3/packages/backports) by extension 'ignore'
[0.247s] Level 1:colcon.colcon_core.package_identification:_identify(dev_spade/lib/python3.10/site-packages/pip/_vendor/urllib3/packages/backports) by extension 'ignore_ament_install'
[0.247s] Level 1:colcon.colcon_core.package_identification:_identify(dev_spade/lib/python3.10/site-packages/pip/_vendor/urllib3/packages/backports) by extensions ['colcon_pkg']
[0.247s] Level 1:colcon.colcon_core.package_identification:_identify(dev_spade/lib/python3.10/site-packages/pip/_vendor/urllib3/packages/backports) by extension 'colcon_pkg'
[0.247s] Level 1:colcon.colcon_core.package_identification:_identify(dev_spade/lib/python3.10/site-packages/pip/_vendor/urllib3/packages/backports) by extensions ['colcon_meta']
[0.247s] Level 1:colcon.colcon_core.package_identification:_identify(dev_spade/lib/python3.10/site-packages/pip/_vendor/urllib3/packages/backports) by extension 'colcon_meta'
[0.247s] Level 1:colcon.colcon_core.package_identification:_identify(dev_spade/lib/python3.10/site-packages/pip/_vendor/urllib3/packages/backports) by extensions ['ros']
[0.247s] Level 1:colcon.colcon_core.package_identification:_identify(dev_spade/lib/python3.10/site-packages/pip/_vendor/urllib3/packages/backports) by extension 'ros'
[0.247s] Level 1:colcon.colcon_core.package_identification:_identify(dev_spade/lib/python3.10/site-packages/pip/_vendor/urllib3/packages/backports) by extensions ['cmake', 'python']
[0.247s] Level 1:colcon.colcon_core.package_identification:_identify(dev_spade/lib/python3.10/site-packages/pip/_vendor/urllib3/packages/backports) by extension 'cmake'
[0.247s] Level 1:colcon.colcon_core.package_identification:_identify(dev_spade/lib/python3.10/site-packages/pip/_vendor/urllib3/packages/backports) by extension 'python'
[0.247s] Level 1:colcon.colcon_core.package_identification:_identify(dev_spade/lib/python3.10/site-packages/pip/_vendor/urllib3/packages/backports) by extensions ['python_setup_py']
[0.247s] Level 1:colcon.colcon_core.package_identification:_identify(dev_spade/lib/python3.10/site-packages/pip/_vendor/urllib3/packages/backports) by extension 'python_setup_py'
[0.247s] Level 1:colcon.colcon_core.package_identification:_identify(dev_spade/lib/python3.10/site-packages/pip/_vendor/urllib3/packages/backports/__pycache__) by extensions ['ignore', 'ignore_ament_install']
[0.248s] Level 1:colcon.colcon_core.package_identification:_identify(dev_spade/lib/python3.10/site-packages/pip/_vendor/urllib3/packages/backports/__pycache__) by extension 'ignore'
[0.248s] Level 1:colcon.colcon_core.package_identification:_identify(dev_spade/lib/python3.10/site-packages/pip/_vendor/urllib3/packages/backports/__pycache__) by extension 'ignore_ament_install'
[0.248s] Level 1:colcon.colcon_core.package_identification:_identify(dev_spade/lib/python3.10/site-packages/pip/_vendor/urllib3/packages/backports/__pycache__) by extensions ['colcon_pkg']
[0.248s] Level 1:colcon.colcon_core.package_identification:_identify(dev_spade/lib/python3.10/site-packages/pip/_vendor/urllib3/packages/backports/__pycache__) by extension 'colcon_pkg'
[0.248s] Level 1:colcon.colcon_core.package_identification:_identify(dev_spade/lib/python3.10/site-packages/pip/_vendor/urllib3/packages/backports/__pycache__) by extensions ['colcon_meta']
[0.248s] Level 1:colcon.colcon_core.package_identification:_identify(dev_spade/lib/python3.10/site-packages/pip/_vendor/urllib3/packages/backports/__pycache__) by extension 'colcon_meta'
[0.248s] Level 1:colcon.colcon_core.package_identification:_identify(dev_spade/lib/python3.10/site-packages/pip/_vendor/urllib3/packages/backports/__pycache__) by extensions ['ros']
[0.248s] Level 1:colcon.colcon_core.package_identification:_identify(dev_spade/lib/python3.10/site-packages/pip/_vendor/urllib3/packages/backports/__pycache__) by extension 'ros'
[0.248s] Level 1:colcon.colcon_core.package_identification:_identify(dev_spade/lib/python3.10/site-packages/pip/_vendor/urllib3/packages/backports/__pycache__) by extensions ['cmake', 'python']
[0.248s] Level 1:colcon.colcon_core.package_identification:_identify(dev_spade/lib/python3.10/site-packages/pip/_vendor/urllib3/packages/backports/__pycache__) by extension 'cmake'
[0.248s] Level 1:colcon.colcon_core.package_identification:_identify(dev_spade/lib/python3.10/site-packages/pip/_vendor/urllib3/packages/backports/__pycache__) by extension 'python'
[0.248s] Level 1:colcon.colcon_core.package_identification:_identify(dev_spade/lib/python3.10/site-packages/pip/_vendor/urllib3/packages/backports/__pycache__) by extensions ['python_setup_py']
[0.248s] Level 1:colcon.colcon_core.package_identification:_identify(dev_spade/lib/python3.10/site-packages/pip/_vendor/urllib3/packages/backports/__pycache__) by extension 'python_setup_py'
[0.248s] Level 1:colcon.colcon_core.package_identification:_identify(dev_spade/lib/python3.10/site-packages/pip/_vendor/urllib3/util) by extensions ['ignore', 'ignore_ament_install']
[0.248s] Level 1:colcon.colcon_core.package_identification:_identify(dev_spade/lib/python3.10/site-packages/pip/_vendor/urllib3/util) by extension 'ignore'
[0.248s] Level 1:colcon.colcon_core.package_identification:_identify(dev_spade/lib/python3.10/site-packages/pip/_vendor/urllib3/util) by extension 'ignore_ament_install'
[0.248s] Level 1:colcon.colcon_core.package_identification:_identify(dev_spade/lib/python3.10/site-packages/pip/_vendor/urllib3/util) by extensions ['colcon_pkg']
[0.248s] Level 1:colcon.colcon_core.package_identification:_identify(dev_spade/lib/python3.10/site-packages/pip/_vendor/urllib3/util) by extension 'colcon_pkg'
[0.248s] Level 1:colcon.colcon_core.package_identification:_identify(dev_spade/lib/python3.10/site-packages/pip/_vendor/urllib3/util) by extensions ['colcon_meta']
[0.248s] Level 1:colcon.colcon_core.package_identification:_identify(dev_spade/lib/python3.10/site-packages/pip/_vendor/urllib3/util) by extension 'colcon_meta'
[0.248s] Level 1:colcon.colcon_core.package_identification:_identify(dev_spade/lib/python3.10/site-packages/pip/_vendor/urllib3/util) by extensions ['ros']
[0.248s] Level 1:colcon.colcon_core.package_identification:_identify(dev_spade/lib/python3.10/site-packages/pip/_vendor/urllib3/util) by extension 'ros'
[0.248s] Level 1:colcon.colcon_core.package_identification:_identify(dev_spade/lib/python3.10/site-packages/pip/_vendor/urllib3/util) by extensions ['cmake', 'python']
[0.248s] Level 1:colcon.colcon_core.package_identification:_identify(dev_spade/lib/python3.10/site-packages/pip/_vendor/urllib3/util) by extension 'cmake'
[0.248s] Level 1:colcon.colcon_core.package_identification:_identify(dev_spade/lib/python3.10/site-packages/pip/_vendor/urllib3/util) by extension 'python'
[0.248s] Level 1:colcon.colcon_core.package_identification:_identify(dev_spade/lib/python3.10/site-packages/pip/_vendor/urllib3/util) by extensions ['python_setup_py']
[0.248s] Level 1:colcon.colcon_core.package_identification:_identify(dev_spade/lib/python3.10/site-packages/pip/_vendor/urllib3/util) by extension 'python_setup_py'
[0.248s] Level 1:colcon.colcon_core.package_identification:_identify(dev_spade/lib/python3.10/site-packages/pip/_vendor/urllib3/util/__pycache__) by extensions ['ignore', 'ignore_ament_install']
[0.248s] Level 1:colcon.colcon_core.package_identification:_identify(dev_spade/lib/python3.10/site-packages/pip/_vendor/urllib3/util/__pycache__) by extension 'ignore'
[0.248s] Level 1:colcon.colcon_core.package_identification:_identify(dev_spade/lib/python3.10/site-packages/pip/_vendor/urllib3/util/__pycache__) by extension 'ignore_ament_install'
[0.248s] Level 1:colcon.colcon_core.package_identification:_identify(dev_spade/lib/python3.10/site-packages/pip/_vendor/urllib3/util/__pycache__) by extensions ['colcon_pkg']
[0.249s] Level 1:colcon.colcon_core.package_identification:_identify(dev_spade/lib/python3.10/site-packages/pip/_vendor/urllib3/util/__pycache__) by extension 'colcon_pkg'
[0.249s] Level 1:colcon.colcon_core.package_identification:_identify(dev_spade/lib/python3.10/site-packages/pip/_vendor/urllib3/util/__pycache__) by extensions ['colcon_meta']
[0.249s] Level 1:colcon.colcon_core.package_identification:_identify(dev_spade/lib/python3.10/site-packages/pip/_vendor/urllib3/util/__pycache__) by extension 'colcon_meta'
[0.249s] Level 1:colcon.colcon_core.package_identification:_identify(dev_spade/lib/python3.10/site-packages/pip/_vendor/urllib3/util/__pycache__) by extensions ['ros']
[0.249s] Level 1:colcon.colcon_core.package_identification:_identify(dev_spade/lib/python3.10/site-packages/pip/_vendor/urllib3/util/__pycache__) by extension 'ros'
[0.249s] Level 1:colcon.colcon_core.package_identification:_identify(dev_spade/lib/python3.10/site-packages/pip/_vendor/urllib3/util/__pycache__) by extensions ['cmake', 'python']
[0.249s] Level 1:colcon.colcon_core.package_identification:_identify(dev_spade/lib/python3.10/site-packages/pip/_vendor/urllib3/util/__pycache__) by extension 'cmake'
[0.249s] Level 1:colcon.colcon_core.package_identification:_identify(dev_spade/lib/python3.10/site-packages/pip/_vendor/urllib3/util/__pycache__) by extension 'python'
[0.249s] Level 1:colcon.colcon_core.package_identification:_identify(dev_spade/lib/python3.10/site-packages/pip/_vendor/urllib3/util/__pycache__) by extensions ['python_setup_py']
[0.249s] Level 1:colcon.colcon_core.package_identification:_identify(dev_spade/lib/python3.10/site-packages/pip/_vendor/urllib3/util/__pycache__) by extension 'python_setup_py'
[0.249s] Level 1:colcon.colcon_core.package_identification:_identify(dev_spade/lib/python3.10/site-packages/pip/_vendor/webencodings) by extensions ['ignore', 'ignore_ament_install']
[0.249s] Level 1:colcon.colcon_core.package_identification:_identify(dev_spade/lib/python3.10/site-packages/pip/_vendor/webencodings) by extension 'ignore'
[0.249s] Level 1:colcon.colcon_core.package_identification:_identify(dev_spade/lib/python3.10/site-packages/pip/_vendor/webencodings) by extension 'ignore_ament_install'
[0.249s] Level 1:colcon.colcon_core.package_identification:_identify(dev_spade/lib/python3.10/site-packages/pip/_vendor/webencodings) by extensions ['colcon_pkg']
[0.249s] Level 1:colcon.colcon_core.package_identification:_identify(dev_spade/lib/python3.10/site-packages/pip/_vendor/webencodings) by extension 'colcon_pkg'
[0.249s] Level 1:colcon.colcon_core.package_identification:_identify(dev_spade/lib/python3.10/site-packages/pip/_vendor/webencodings) by extensions ['colcon_meta']
[0.249s] Level 1:colcon.colcon_core.package_identification:_identify(dev_spade/lib/python3.10/site-packages/pip/_vendor/webencodings) by extension 'colcon_meta'
[0.249s] Level 1:colcon.colcon_core.package_identification:_identify(dev_spade/lib/python3.10/site-packages/pip/_vendor/webencodings) by extensions ['ros']
[0.249s] Level 1:colcon.colcon_core.package_identification:_identify(dev_spade/lib/python3.10/site-packages/pip/_vendor/webencodings) by extension 'ros'
[0.249s] Level 1:colcon.colcon_core.package_identification:_identify(dev_spade/lib/python3.10/site-packages/pip/_vendor/webencodings) by extensions ['cmake', 'python']
[0.249s] Level 1:colcon.colcon_core.package_identification:_identify(dev_spade/lib/python3.10/site-packages/pip/_vendor/webencodings) by extension 'cmake'
[0.249s] Level 1:colcon.colcon_core.package_identification:_identify(dev_spade/lib/python3.10/site-packages/pip/_vendor/webencodings) by extension 'python'
[0.249s] Level 1:colcon.colcon_core.package_identification:_identify(dev_spade/lib/python3.10/site-packages/pip/_vendor/webencodings) by extensions ['python_setup_py']
[0.249s] Level 1:colcon.colcon_core.package_identification:_identify(dev_spade/lib/python3.10/site-packages/pip/_vendor/webencodings) by extension 'python_setup_py'
[0.249s] Level 1:colcon.colcon_core.package_identification:_identify(dev_spade/lib/python3.10/site-packages/pip/_vendor/webencodings/__pycache__) by extensions ['ignore', 'ignore_ament_install']
[0.249s] Level 1:colcon.colcon_core.package_identification:_identify(dev_spade/lib/python3.10/site-packages/pip/_vendor/webencodings/__pycache__) by extension 'ignore'
[0.249s] Level 1:colcon.colcon_core.package_identification:_identify(dev_spade/lib/python3.10/site-packages/pip/_vendor/webencodings/__pycache__) by extension 'ignore_ament_install'
[0.250s] Level 1:colcon.colcon_core.package_identification:_identify(dev_spade/lib/python3.10/site-packages/pip/_vendor/webencodings/__pycache__) by extensions ['colcon_pkg']
[0.250s] Level 1:colcon.colcon_core.package_identification:_identify(dev_spade/lib/python3.10/site-packages/pip/_vendor/webencodings/__pycache__) by extension 'colcon_pkg'
[0.250s] Level 1:colcon.colcon_core.package_identification:_identify(dev_spade/lib/python3.10/site-packages/pip/_vendor/webencodings/__pycache__) by extensions ['colcon_meta']
[0.250s] Level 1:colcon.colcon_core.package_identification:_identify(dev_spade/lib/python3.10/site-packages/pip/_vendor/webencodings/__pycache__) by extension 'colcon_meta'
[0.250s] Level 1:colcon.colcon_core.package_identification:_identify(dev_spade/lib/python3.10/site-packages/pip/_vendor/webencodings/__pycache__) by extensions ['ros']
[0.250s] Level 1:colcon.colcon_core.package_identification:_identify(dev_spade/lib/python3.10/site-packages/pip/_vendor/webencodings/__pycache__) by extension 'ros'
[0.250s] Level 1:colcon.colcon_core.package_identification:_identify(dev_spade/lib/python3.10/site-packages/pip/_vendor/webencodings/__pycache__) by extensions ['cmake', 'python']
[0.250s] Level 1:colcon.colcon_core.package_identification:_identify(dev_spade/lib/python3.10/site-packages/pip/_vendor/webencodings/__pycache__) by extension 'cmake'
[0.250s] Level 1:colcon.colcon_core.package_identification:_identify(dev_spade/lib/python3.10/site-packages/pip/_vendor/webencodings/__pycache__) by extension 'python'
[0.250s] Level 1:colcon.colcon_core.package_identification:_identify(dev_spade/lib/python3.10/site-packages/pip/_vendor/webencodings/__pycache__) by extensions ['python_setup_py']
[0.250s] Level 1:colcon.colcon_core.package_identification:_identify(dev_spade/lib/python3.10/site-packages/pip/_vendor/webencodings/__pycache__) by extension 'python_setup_py'
[0.250s] Level 1:colcon.colcon_core.package_identification:_identify(dev_spade/lib/python3.10/site-packages/pip-22.0.2.dist-info) by extensions ['ignore', 'ignore_ament_install']
[0.250s] Level 1:colcon.colcon_core.package_identification:_identify(dev_spade/lib/python3.10/site-packages/pip-22.0.2.dist-info) by extension 'ignore'
[0.250s] Level 1:colcon.colcon_core.package_identification:_identify(dev_spade/lib/python3.10/site-packages/pip-22.0.2.dist-info) by extension 'ignore_ament_install'
[0.250s] Level 1:colcon.colcon_core.package_identification:_identify(dev_spade/lib/python3.10/site-packages/pip-22.0.2.dist-info) by extensions ['colcon_pkg']
[0.250s] Level 1:colcon.colcon_core.package_identification:_identify(dev_spade/lib/python3.10/site-packages/pip-22.0.2.dist-info) by extension 'colcon_pkg'
[0.250s] Level 1:colcon.colcon_core.package_identification:_identify(dev_spade/lib/python3.10/site-packages/pip-22.0.2.dist-info) by extensions ['colcon_meta']
[0.250s] Level 1:colcon.colcon_core.package_identification:_identify(dev_spade/lib/python3.10/site-packages/pip-22.0.2.dist-info) by extension 'colcon_meta'
[0.250s] Level 1:colcon.colcon_core.package_identification:_identify(dev_spade/lib/python3.10/site-packages/pip-22.0.2.dist-info) by extensions ['ros']
[0.250s] Level 1:colcon.colcon_core.package_identification:_identify(dev_spade/lib/python3.10/site-packages/pip-22.0.2.dist-info) by extension 'ros'
[0.250s] Level 1:colcon.colcon_core.package_identification:_identify(dev_spade/lib/python3.10/site-packages/pip-22.0.2.dist-info) by extensions ['cmake', 'python']
[0.250s] Level 1:colcon.colcon_core.package_identification:_identify(dev_spade/lib/python3.10/site-packages/pip-22.0.2.dist-info) by extension 'cmake'
[0.250s] Level 1:colcon.colcon_core.package_identification:_identify(dev_spade/lib/python3.10/site-packages/pip-22.0.2.dist-info) by extension 'python'
[0.250s] Level 1:colcon.colcon_core.package_identification:_identify(dev_spade/lib/python3.10/site-packages/pip-22.0.2.dist-info) by extensions ['python_setup_py']
[0.250s] Level 1:colcon.colcon_core.package_identification:_identify(dev_spade/lib/python3.10/site-packages/pip-22.0.2.dist-info) by extension 'python_setup_py'
[0.250s] Level 1:colcon.colcon_core.package_identification:_identify(dev_spade/lib/python3.10/site-packages/pkg_resources) by extensions ['ignore', 'ignore_ament_install']
[0.250s] Level 1:colcon.colcon_core.package_identification:_identify(dev_spade/lib/python3.10/site-packages/pkg_resources) by extension 'ignore'
[0.250s] Level 1:colcon.colcon_core.package_identification:_identify(dev_spade/lib/python3.10/site-packages/pkg_resources) by extension 'ignore_ament_install'
[0.250s] Level 1:colcon.colcon_core.package_identification:_identify(dev_spade/lib/python3.10/site-packages/pkg_resources) by extensions ['colcon_pkg']
[0.250s] Level 1:colcon.colcon_core.package_identification:_identify(dev_spade/lib/python3.10/site-packages/pkg_resources) by extension 'colcon_pkg'
[0.250s] Level 1:colcon.colcon_core.package_identification:_identify(dev_spade/lib/python3.10/site-packages/pkg_resources) by extensions ['colcon_meta']
[0.250s] Level 1:colcon.colcon_core.package_identification:_identify(dev_spade/lib/python3.10/site-packages/pkg_resources) by extension 'colcon_meta'
[0.250s] Level 1:colcon.colcon_core.package_identification:_identify(dev_spade/lib/python3.10/site-packages/pkg_resources) by extensions ['ros']
[0.250s] Level 1:colcon.colcon_core.package_identification:_identify(dev_spade/lib/python3.10/site-packages/pkg_resources) by extension 'ros'
[0.251s] Level 1:colcon.colcon_core.package_identification:_identify(dev_spade/lib/python3.10/site-packages/pkg_resources) by extensions ['cmake', 'python']
[0.251s] Level 1:colcon.colcon_core.package_identification:_identify(dev_spade/lib/python3.10/site-packages/pkg_resources) by extension 'cmake'
[0.251s] Level 1:colcon.colcon_core.package_identification:_identify(dev_spade/lib/python3.10/site-packages/pkg_resources) by extension 'python'
[0.251s] Level 1:colcon.colcon_core.package_identification:_identify(dev_spade/lib/python3.10/site-packages/pkg_resources) by extensions ['python_setup_py']
[0.251s] Level 1:colcon.colcon_core.package_identification:_identify(dev_spade/lib/python3.10/site-packages/pkg_resources) by extension 'python_setup_py'
[0.251s] Level 1:colcon.colcon_core.package_identification:_identify(dev_spade/lib/python3.10/site-packages/pkg_resources/__pycache__) by extensions ['ignore', 'ignore_ament_install']
[0.251s] Level 1:colcon.colcon_core.package_identification:_identify(dev_spade/lib/python3.10/site-packages/pkg_resources/__pycache__) by extension 'ignore'
[0.251s] Level 1:colcon.colcon_core.package_identification:_identify(dev_spade/lib/python3.10/site-packages/pkg_resources/__pycache__) by extension 'ignore_ament_install'
[0.251s] Level 1:colcon.colcon_core.package_identification:_identify(dev_spade/lib/python3.10/site-packages/pkg_resources/__pycache__) by extensions ['colcon_pkg']
[0.251s] Level 1:colcon.colcon_core.package_identification:_identify(dev_spade/lib/python3.10/site-packages/pkg_resources/__pycache__) by extension 'colcon_pkg'
[0.251s] Level 1:colcon.colcon_core.package_identification:_identify(dev_spade/lib/python3.10/site-packages/pkg_resources/__pycache__) by extensions ['colcon_meta']
[0.251s] Level 1:colcon.colcon_core.package_identification:_identify(dev_spade/lib/python3.10/site-packages/pkg_resources/__pycache__) by extension 'colcon_meta'
[0.251s] Level 1:colcon.colcon_core.package_identification:_identify(dev_spade/lib/python3.10/site-packages/pkg_resources/__pycache__) by extensions ['ros']
[0.251s] Level 1:colcon.colcon_core.package_identification:_identify(dev_spade/lib/python3.10/site-packages/pkg_resources/__pycache__) by extension 'ros'
[0.251s] Level 1:colcon.colcon_core.package_identification:_identify(dev_spade/lib/python3.10/site-packages/pkg_resources/__pycache__) by extensions ['cmake', 'python']
[0.251s] Level 1:colcon.colcon_core.package_identification:_identify(dev_spade/lib/python3.10/site-packages/pkg_resources/__pycache__) by extension 'cmake'
[0.251s] Level 1:colcon.colcon_core.package_identification:_identify(dev_spade/lib/python3.10/site-packages/pkg_resources/__pycache__) by extension 'python'
[0.251s] Level 1:colcon.colcon_core.package_identification:_identify(dev_spade/lib/python3.10/site-packages/pkg_resources/__pycache__) by extensions ['python_setup_py']
[0.251s] Level 1:colcon.colcon_core.package_identification:_identify(dev_spade/lib/python3.10/site-packages/pkg_resources/__pycache__) by extension 'python_setup_py'
[0.251s] Level 1:colcon.colcon_core.package_identification:_identify(dev_spade/lib/python3.10/site-packages/pkg_resources/_vendor) by extensions ['ignore', 'ignore_ament_install']
[0.251s] Level 1:colcon.colcon_core.package_identification:_identify(dev_spade/lib/python3.10/site-packages/pkg_resources/_vendor) by extension 'ignore'
[0.251s] Level 1:colcon.colcon_core.package_identification:_identify(dev_spade/lib/python3.10/site-packages/pkg_resources/_vendor) by extension 'ignore_ament_install'
[0.251s] Level 1:colcon.colcon_core.package_identification:_identify(dev_spade/lib/python3.10/site-packages/pkg_resources/_vendor) by extensions ['colcon_pkg']
[0.251s] Level 1:colcon.colcon_core.package_identification:_identify(dev_spade/lib/python3.10/site-packages/pkg_resources/_vendor) by extension 'colcon_pkg'
[0.251s] Level 1:colcon.colcon_core.package_identification:_identify(dev_spade/lib/python3.10/site-packages/pkg_resources/_vendor) by extensions ['colcon_meta']
[0.251s] Level 1:colcon.colcon_core.package_identification:_identify(dev_spade/lib/python3.10/site-packages/pkg_resources/_vendor) by extension 'colcon_meta'
[0.251s] Level 1:colcon.colcon_core.package_identification:_identify(dev_spade/lib/python3.10/site-packages/pkg_resources/_vendor) by extensions ['ros']
[0.251s] Level 1:colcon.colcon_core.package_identification:_identify(dev_spade/lib/python3.10/site-packages/pkg_resources/_vendor) by extension 'ros'
[0.251s] Level 1:colcon.colcon_core.package_identification:_identify(dev_spade/lib/python3.10/site-packages/pkg_resources/_vendor) by extensions ['cmake', 'python']
[0.251s] Level 1:colcon.colcon_core.package_identification:_identify(dev_spade/lib/python3.10/site-packages/pkg_resources/_vendor) by extension 'cmake'
[0.251s] Level 1:colcon.colcon_core.package_identification:_identify(dev_spade/lib/python3.10/site-packages/pkg_resources/_vendor) by extension 'python'
[0.251s] Level 1:colcon.colcon_core.package_identification:_identify(dev_spade/lib/python3.10/site-packages/pkg_resources/_vendor) by extensions ['python_setup_py']
[0.251s] Level 1:colcon.colcon_core.package_identification:_identify(dev_spade/lib/python3.10/site-packages/pkg_resources/_vendor) by extension 'python_setup_py'
[0.251s] Level 1:colcon.colcon_core.package_identification:_identify(dev_spade/lib/python3.10/site-packages/pkg_resources/_vendor/__pycache__) by extensions ['ignore', 'ignore_ament_install']
[0.252s] Level 1:colcon.colcon_core.package_identification:_identify(dev_spade/lib/python3.10/site-packages/pkg_resources/_vendor/__pycache__) by extension 'ignore'
[0.252s] Level 1:colcon.colcon_core.package_identification:_identify(dev_spade/lib/python3.10/site-packages/pkg_resources/_vendor/__pycache__) by extension 'ignore_ament_install'
[0.252s] Level 1:colcon.colcon_core.package_identification:_identify(dev_spade/lib/python3.10/site-packages/pkg_resources/_vendor/__pycache__) by extensions ['colcon_pkg']
[0.252s] Level 1:colcon.colcon_core.package_identification:_identify(dev_spade/lib/python3.10/site-packages/pkg_resources/_vendor/__pycache__) by extension 'colcon_pkg'
[0.252s] Level 1:colcon.colcon_core.package_identification:_identify(dev_spade/lib/python3.10/site-packages/pkg_resources/_vendor/__pycache__) by extensions ['colcon_meta']
[0.252s] Level 1:colcon.colcon_core.package_identification:_identify(dev_spade/lib/python3.10/site-packages/pkg_resources/_vendor/__pycache__) by extension 'colcon_meta'
[0.252s] Level 1:colcon.colcon_core.package_identification:_identify(dev_spade/lib/python3.10/site-packages/pkg_resources/_vendor/__pycache__) by extensions ['ros']
[0.252s] Level 1:colcon.colcon_core.package_identification:_identify(dev_spade/lib/python3.10/site-packages/pkg_resources/_vendor/__pycache__) by extension 'ros'
[0.252s] Level 1:colcon.colcon_core.package_identification:_identify(dev_spade/lib/python3.10/site-packages/pkg_resources/_vendor/__pycache__) by extensions ['cmake', 'python']
[0.252s] Level 1:colcon.colcon_core.package_identification:_identify(dev_spade/lib/python3.10/site-packages/pkg_resources/_vendor/__pycache__) by extension 'cmake'
[0.252s] Level 1:colcon.colcon_core.package_identification:_identify(dev_spade/lib/python3.10/site-packages/pkg_resources/_vendor/__pycache__) by extension 'python'
[0.252s] Level 1:colcon.colcon_core.package_identification:_identify(dev_spade/lib/python3.10/site-packages/pkg_resources/_vendor/__pycache__) by extensions ['python_setup_py']
[0.252s] Level 1:colcon.colcon_core.package_identification:_identify(dev_spade/lib/python3.10/site-packages/pkg_resources/_vendor/__pycache__) by extension 'python_setup_py'
[0.252s] Level 1:colcon.colcon_core.package_identification:_identify(dev_spade/lib/python3.10/site-packages/pkg_resources/_vendor/packaging) by extensions ['ignore', 'ignore_ament_install']
[0.252s] Level 1:colcon.colcon_core.package_identification:_identify(dev_spade/lib/python3.10/site-packages/pkg_resources/_vendor/packaging) by extension 'ignore'
[0.252s] Level 1:colcon.colcon_core.package_identification:_identify(dev_spade/lib/python3.10/site-packages/pkg_resources/_vendor/packaging) by extension 'ignore_ament_install'
[0.252s] Level 1:colcon.colcon_core.package_identification:_identify(dev_spade/lib/python3.10/site-packages/pkg_resources/_vendor/packaging) by extensions ['colcon_pkg']
[0.252s] Level 1:colcon.colcon_core.package_identification:_identify(dev_spade/lib/python3.10/site-packages/pkg_resources/_vendor/packaging) by extension 'colcon_pkg'
[0.252s] Level 1:colcon.colcon_core.package_identification:_identify(dev_spade/lib/python3.10/site-packages/pkg_resources/_vendor/packaging) by extensions ['colcon_meta']
[0.252s] Level 1:colcon.colcon_core.package_identification:_identify(dev_spade/lib/python3.10/site-packages/pkg_resources/_vendor/packaging) by extension 'colcon_meta'
[0.252s] Level 1:colcon.colcon_core.package_identification:_identify(dev_spade/lib/python3.10/site-packages/pkg_resources/_vendor/packaging) by extensions ['ros']
[0.252s] Level 1:colcon.colcon_core.package_identification:_identify(dev_spade/lib/python3.10/site-packages/pkg_resources/_vendor/packaging) by extension 'ros'
[0.252s] Level 1:colcon.colcon_core.package_identification:_identify(dev_spade/lib/python3.10/site-packages/pkg_resources/_vendor/packaging) by extensions ['cmake', 'python']
[0.252s] Level 1:colcon.colcon_core.package_identification:_identify(dev_spade/lib/python3.10/site-packages/pkg_resources/_vendor/packaging) by extension 'cmake'
[0.252s] Level 1:colcon.colcon_core.package_identification:_identify(dev_spade/lib/python3.10/site-packages/pkg_resources/_vendor/packaging) by extension 'python'
[0.252s] Level 1:colcon.colcon_core.package_identification:_identify(dev_spade/lib/python3.10/site-packages/pkg_resources/_vendor/packaging) by extensions ['python_setup_py']
[0.252s] Level 1:colcon.colcon_core.package_identification:_identify(dev_spade/lib/python3.10/site-packages/pkg_resources/_vendor/packaging) by extension 'python_setup_py'
[0.252s] Level 1:colcon.colcon_core.package_identification:_identify(dev_spade/lib/python3.10/site-packages/pkg_resources/_vendor/packaging/__pycache__) by extensions ['ignore', 'ignore_ament_install']
[0.252s] Level 1:colcon.colcon_core.package_identification:_identify(dev_spade/lib/python3.10/site-packages/pkg_resources/_vendor/packaging/__pycache__) by extension 'ignore'
[0.252s] Level 1:colcon.colcon_core.package_identification:_identify(dev_spade/lib/python3.10/site-packages/pkg_resources/_vendor/packaging/__pycache__) by extension 'ignore_ament_install'
[0.253s] Level 1:colcon.colcon_core.package_identification:_identify(dev_spade/lib/python3.10/site-packages/pkg_resources/_vendor/packaging/__pycache__) by extensions ['colcon_pkg']
[0.253s] Level 1:colcon.colcon_core.package_identification:_identify(dev_spade/lib/python3.10/site-packages/pkg_resources/_vendor/packaging/__pycache__) by extension 'colcon_pkg'
[0.253s] Level 1:colcon.colcon_core.package_identification:_identify(dev_spade/lib/python3.10/site-packages/pkg_resources/_vendor/packaging/__pycache__) by extensions ['colcon_meta']
[0.253s] Level 1:colcon.colcon_core.package_identification:_identify(dev_spade/lib/python3.10/site-packages/pkg_resources/_vendor/packaging/__pycache__) by extension 'colcon_meta'
[0.253s] Level 1:colcon.colcon_core.package_identification:_identify(dev_spade/lib/python3.10/site-packages/pkg_resources/_vendor/packaging/__pycache__) by extensions ['ros']
[0.253s] Level 1:colcon.colcon_core.package_identification:_identify(dev_spade/lib/python3.10/site-packages/pkg_resources/_vendor/packaging/__pycache__) by extension 'ros'
[0.253s] Level 1:colcon.colcon_core.package_identification:_identify(dev_spade/lib/python3.10/site-packages/pkg_resources/_vendor/packaging/__pycache__) by extensions ['cmake', 'python']
[0.253s] Level 1:colcon.colcon_core.package_identification:_identify(dev_spade/lib/python3.10/site-packages/pkg_resources/_vendor/packaging/__pycache__) by extension 'cmake'
[0.253s] Level 1:colcon.colcon_core.package_identification:_identify(dev_spade/lib/python3.10/site-packages/pkg_resources/_vendor/packaging/__pycache__) by extension 'python'
[0.253s] Level 1:colcon.colcon_core.package_identification:_identify(dev_spade/lib/python3.10/site-packages/pkg_resources/_vendor/packaging/__pycache__) by extensions ['python_setup_py']
[0.253s] Level 1:colcon.colcon_core.package_identification:_identify(dev_spade/lib/python3.10/site-packages/pkg_resources/_vendor/packaging/__pycache__) by extension 'python_setup_py'
[0.253s] Level 1:colcon.colcon_core.package_identification:_identify(dev_spade/lib/python3.10/site-packages/pkg_resources/extern) by extensions ['ignore', 'ignore_ament_install']
[0.253s] Level 1:colcon.colcon_core.package_identification:_identify(dev_spade/lib/python3.10/site-packages/pkg_resources/extern) by extension 'ignore'
[0.253s] Level 1:colcon.colcon_core.package_identification:_identify(dev_spade/lib/python3.10/site-packages/pkg_resources/extern) by extension 'ignore_ament_install'
[0.253s] Level 1:colcon.colcon_core.package_identification:_identify(dev_spade/lib/python3.10/site-packages/pkg_resources/extern) by extensions ['colcon_pkg']
[0.253s] Level 1:colcon.colcon_core.package_identification:_identify(dev_spade/lib/python3.10/site-packages/pkg_resources/extern) by extension 'colcon_pkg'
[0.253s] Level 1:colcon.colcon_core.package_identification:_identify(dev_spade/lib/python3.10/site-packages/pkg_resources/extern) by extensions ['colcon_meta']
[0.253s] Level 1:colcon.colcon_core.package_identification:_identify(dev_spade/lib/python3.10/site-packages/pkg_resources/extern) by extension 'colcon_meta'
[0.253s] Level 1:colcon.colcon_core.package_identification:_identify(dev_spade/lib/python3.10/site-packages/pkg_resources/extern) by extensions ['ros']
[0.253s] Level 1:colcon.colcon_core.package_identification:_identify(dev_spade/lib/python3.10/site-packages/pkg_resources/extern) by extension 'ros'
[0.253s] Level 1:colcon.colcon_core.package_identification:_identify(dev_spade/lib/python3.10/site-packages/pkg_resources/extern) by extensions ['cmake', 'python']
[0.253s] Level 1:colcon.colcon_core.package_identification:_identify(dev_spade/lib/python3.10/site-packages/pkg_resources/extern) by extension 'cmake'
[0.253s] Level 1:colcon.colcon_core.package_identification:_identify(dev_spade/lib/python3.10/site-packages/pkg_resources/extern) by extension 'python'
[0.253s] Level 1:colcon.colcon_core.package_identification:_identify(dev_spade/lib/python3.10/site-packages/pkg_resources/extern) by extensions ['python_setup_py']
[0.253s] Level 1:colcon.colcon_core.package_identification:_identify(dev_spade/lib/python3.10/site-packages/pkg_resources/extern) by extension 'python_setup_py'
[0.253s] Level 1:colcon.colcon_core.package_identification:_identify(dev_spade/lib/python3.10/site-packages/pkg_resources/extern/__pycache__) by extensions ['ignore', 'ignore_ament_install']
[0.253s] Level 1:colcon.colcon_core.package_identification:_identify(dev_spade/lib/python3.10/site-packages/pkg_resources/extern/__pycache__) by extension 'ignore'
[0.253s] Level 1:colcon.colcon_core.package_identification:_identify(dev_spade/lib/python3.10/site-packages/pkg_resources/extern/__pycache__) by extension 'ignore_ament_install'
[0.253s] Level 1:colcon.colcon_core.package_identification:_identify(dev_spade/lib/python3.10/site-packages/pkg_resources/extern/__pycache__) by extensions ['colcon_pkg']
[0.253s] Level 1:colcon.colcon_core.package_identification:_identify(dev_spade/lib/python3.10/site-packages/pkg_resources/extern/__pycache__) by extension 'colcon_pkg'
[0.253s] Level 1:colcon.colcon_core.package_identification:_identify(dev_spade/lib/python3.10/site-packages/pkg_resources/extern/__pycache__) by extensions ['colcon_meta']
[0.253s] Level 1:colcon.colcon_core.package_identification:_identify(dev_spade/lib/python3.10/site-packages/pkg_resources/extern/__pycache__) by extension 'colcon_meta'
[0.253s] Level 1:colcon.colcon_core.package_identification:_identify(dev_spade/lib/python3.10/site-packages/pkg_resources/extern/__pycache__) by extensions ['ros']
[0.253s] Level 1:colcon.colcon_core.package_identification:_identify(dev_spade/lib/python3.10/site-packages/pkg_resources/extern/__pycache__) by extension 'ros'
[0.253s] Level 1:colcon.colcon_core.package_identification:_identify(dev_spade/lib/python3.10/site-packages/pkg_resources/extern/__pycache__) by extensions ['cmake', 'python']
[0.253s] Level 1:colcon.colcon_core.package_identification:_identify(dev_spade/lib/python3.10/site-packages/pkg_resources/extern/__pycache__) by extension 'cmake'
[0.254s] Level 1:colcon.colcon_core.package_identification:_identify(dev_spade/lib/python3.10/site-packages/pkg_resources/extern/__pycache__) by extension 'python'
[0.254s] Level 1:colcon.colcon_core.package_identification:_identify(dev_spade/lib/python3.10/site-packages/pkg_resources/extern/__pycache__) by extensions ['python_setup_py']
[0.254s] Level 1:colcon.colcon_core.package_identification:_identify(dev_spade/lib/python3.10/site-packages/pkg_resources/extern/__pycache__) by extension 'python_setup_py'
[0.254s] Level 1:colcon.colcon_core.package_identification:_identify(dev_spade/lib/python3.10/site-packages/pkg_resources/tests) by extensions ['ignore', 'ignore_ament_install']
[0.254s] Level 1:colcon.colcon_core.package_identification:_identify(dev_spade/lib/python3.10/site-packages/pkg_resources/tests) by extension 'ignore'
[0.254s] Level 1:colcon.colcon_core.package_identification:_identify(dev_spade/lib/python3.10/site-packages/pkg_resources/tests) by extension 'ignore_ament_install'
[0.254s] Level 1:colcon.colcon_core.package_identification:_identify(dev_spade/lib/python3.10/site-packages/pkg_resources/tests) by extensions ['colcon_pkg']
[0.254s] Level 1:colcon.colcon_core.package_identification:_identify(dev_spade/lib/python3.10/site-packages/pkg_resources/tests) by extension 'colcon_pkg'
[0.254s] Level 1:colcon.colcon_core.package_identification:_identify(dev_spade/lib/python3.10/site-packages/pkg_resources/tests) by extensions ['colcon_meta']
[0.254s] Level 1:colcon.colcon_core.package_identification:_identify(dev_spade/lib/python3.10/site-packages/pkg_resources/tests) by extension 'colcon_meta'
[0.254s] Level 1:colcon.colcon_core.package_identification:_identify(dev_spade/lib/python3.10/site-packages/pkg_resources/tests) by extensions ['ros']
[0.254s] Level 1:colcon.colcon_core.package_identification:_identify(dev_spade/lib/python3.10/site-packages/pkg_resources/tests) by extension 'ros'
[0.254s] Level 1:colcon.colcon_core.package_identification:_identify(dev_spade/lib/python3.10/site-packages/pkg_resources/tests) by extensions ['cmake', 'python']
[0.254s] Level 1:colcon.colcon_core.package_identification:_identify(dev_spade/lib/python3.10/site-packages/pkg_resources/tests) by extension 'cmake'
[0.254s] Level 1:colcon.colcon_core.package_identification:_identify(dev_spade/lib/python3.10/site-packages/pkg_resources/tests) by extension 'python'
[0.254s] Level 1:colcon.colcon_core.package_identification:_identify(dev_spade/lib/python3.10/site-packages/pkg_resources/tests) by extensions ['python_setup_py']
[0.254s] Level 1:colcon.colcon_core.package_identification:_identify(dev_spade/lib/python3.10/site-packages/pkg_resources/tests) by extension 'python_setup_py'
[0.254s] Level 1:colcon.colcon_core.package_identification:_identify(dev_spade/lib/python3.10/site-packages/pkg_resources/tests/data) by extensions ['ignore', 'ignore_ament_install']
[0.254s] Level 1:colcon.colcon_core.package_identification:_identify(dev_spade/lib/python3.10/site-packages/pkg_resources/tests/data) by extension 'ignore'
[0.254s] Level 1:colcon.colcon_core.package_identification:_identify(dev_spade/lib/python3.10/site-packages/pkg_resources/tests/data) by extension 'ignore_ament_install'
[0.254s] Level 1:colcon.colcon_core.package_identification:_identify(dev_spade/lib/python3.10/site-packages/pkg_resources/tests/data) by extensions ['colcon_pkg']
[0.254s] Level 1:colcon.colcon_core.package_identification:_identify(dev_spade/lib/python3.10/site-packages/pkg_resources/tests/data) by extension 'colcon_pkg'
[0.254s] Level 1:colcon.colcon_core.package_identification:_identify(dev_spade/lib/python3.10/site-packages/pkg_resources/tests/data) by extensions ['colcon_meta']
[0.254s] Level 1:colcon.colcon_core.package_identification:_identify(dev_spade/lib/python3.10/site-packages/pkg_resources/tests/data) by extension 'colcon_meta'
[0.254s] Level 1:colcon.colcon_core.package_identification:_identify(dev_spade/lib/python3.10/site-packages/pkg_resources/tests/data) by extensions ['ros']
[0.254s] Level 1:colcon.colcon_core.package_identification:_identify(dev_spade/lib/python3.10/site-packages/pkg_resources/tests/data) by extension 'ros'
[0.254s] Level 1:colcon.colcon_core.package_identification:_identify(dev_spade/lib/python3.10/site-packages/pkg_resources/tests/data) by extensions ['cmake', 'python']
[0.254s] Level 1:colcon.colcon_core.package_identification:_identify(dev_spade/lib/python3.10/site-packages/pkg_resources/tests/data) by extension 'cmake'
[0.254s] Level 1:colcon.colcon_core.package_identification:_identify(dev_spade/lib/python3.10/site-packages/pkg_resources/tests/data) by extension 'python'
[0.254s] Level 1:colcon.colcon_core.package_identification:_identify(dev_spade/lib/python3.10/site-packages/pkg_resources/tests/data) by extensions ['python_setup_py']
[0.254s] Level 1:colcon.colcon_core.package_identification:_identify(dev_spade/lib/python3.10/site-packages/pkg_resources/tests/data) by extension 'python_setup_py'
[0.254s] Level 1:colcon.colcon_core.package_identification:_identify(dev_spade/lib/python3.10/site-packages/pkg_resources/tests/data/my-test-package-source) by extensions ['ignore', 'ignore_ament_install']
[0.254s] Level 1:colcon.colcon_core.package_identification:_identify(dev_spade/lib/python3.10/site-packages/pkg_resources/tests/data/my-test-package-source) by extension 'ignore'
[0.255s] Level 1:colcon.colcon_core.package_identification:_identify(dev_spade/lib/python3.10/site-packages/pkg_resources/tests/data/my-test-package-source) by extension 'ignore_ament_install'
[0.255s] Level 1:colcon.colcon_core.package_identification:_identify(dev_spade/lib/python3.10/site-packages/pkg_resources/tests/data/my-test-package-source) by extensions ['colcon_pkg']
[0.255s] Level 1:colcon.colcon_core.package_identification:_identify(dev_spade/lib/python3.10/site-packages/pkg_resources/tests/data/my-test-package-source) by extension 'colcon_pkg'
[0.255s] Level 1:colcon.colcon_core.package_identification:_identify(dev_spade/lib/python3.10/site-packages/pkg_resources/tests/data/my-test-package-source) by extensions ['colcon_meta']
[0.255s] Level 1:colcon.colcon_core.package_identification:_identify(dev_spade/lib/python3.10/site-packages/pkg_resources/tests/data/my-test-package-source) by extension 'colcon_meta'
[0.255s] Level 1:colcon.colcon_core.package_identification:_identify(dev_spade/lib/python3.10/site-packages/pkg_resources/tests/data/my-test-package-source) by extensions ['ros']
[0.255s] Level 1:colcon.colcon_core.package_identification:_identify(dev_spade/lib/python3.10/site-packages/pkg_resources/tests/data/my-test-package-source) by extension 'ros'
[0.255s] Level 1:colcon.colcon_core.package_identification:_identify(dev_spade/lib/python3.10/site-packages/pkg_resources/tests/data/my-test-package-source) by extensions ['cmake', 'python']
[0.255s] Level 1:colcon.colcon_core.package_identification:_identify(dev_spade/lib/python3.10/site-packages/pkg_resources/tests/data/my-test-package-source) by extension 'cmake'
[0.255s] Level 1:colcon.colcon_core.package_identification:_identify(dev_spade/lib/python3.10/site-packages/pkg_resources/tests/data/my-test-package-source) by extension 'python'
[0.255s] Level 1:colcon.colcon_core.package_identification:_identify(dev_spade/lib/python3.10/site-packages/pkg_resources/tests/data/my-test-package-source) by extensions ['python_setup_py']
[0.255s] Level 1:colcon.colcon_core.package_identification:_identify(dev_spade/lib/python3.10/site-packages/pkg_resources/tests/data/my-test-package-source) by extension 'python_setup_py'
[0.403s] DEBUG:colcon.colcon_core.package_identification:Package 'dev_spade/lib/python3.10/site-packages/pkg_resources/tests/data/my-test-package-source' with type 'python' and name 'my-test-package'
[0.403s] Level 1:colcon.colcon_core.package_identification:_identify(dev_spade/lib/python3.10/site-packages/setuptools) by extensions ['ignore', 'ignore_ament_install']
[0.403s] Level 1:colcon.colcon_core.package_identification:_identify(dev_spade/lib/python3.10/site-packages/setuptools) by extension 'ignore'
[0.403s] Level 1:colcon.colcon_core.package_identification:_identify(dev_spade/lib/python3.10/site-packages/setuptools) by extension 'ignore_ament_install'
[0.403s] Level 1:colcon.colcon_core.package_identification:_identify(dev_spade/lib/python3.10/site-packages/setuptools) by extensions ['colcon_pkg']
[0.403s] Level 1:colcon.colcon_core.package_identification:_identify(dev_spade/lib/python3.10/site-packages/setuptools) by extension 'colcon_pkg'
[0.404s] Level 1:colcon.colcon_core.package_identification:_identify(dev_spade/lib/python3.10/site-packages/setuptools) by extensions ['colcon_meta']
[0.404s] Level 1:colcon.colcon_core.package_identification:_identify(dev_spade/lib/python3.10/site-packages/setuptools) by extension 'colcon_meta'
[0.404s] Level 1:colcon.colcon_core.package_identification:_identify(dev_spade/lib/python3.10/site-packages/setuptools) by extensions ['ros']
[0.404s] Level 1:colcon.colcon_core.package_identification:_identify(dev_spade/lib/python3.10/site-packages/setuptools) by extension 'ros'
[0.404s] Level 1:colcon.colcon_core.package_identification:_identify(dev_spade/lib/python3.10/site-packages/setuptools) by extensions ['cmake', 'python']
[0.404s] Level 1:colcon.colcon_core.package_identification:_identify(dev_spade/lib/python3.10/site-packages/setuptools) by extension 'cmake'
[0.404s] Level 1:colcon.colcon_core.package_identification:_identify(dev_spade/lib/python3.10/site-packages/setuptools) by extension 'python'
[0.404s] Level 1:colcon.colcon_core.package_identification:_identify(dev_spade/lib/python3.10/site-packages/setuptools) by extensions ['python_setup_py']
[0.404s] Level 1:colcon.colcon_core.package_identification:_identify(dev_spade/lib/python3.10/site-packages/setuptools) by extension 'python_setup_py'
[0.404s] Level 1:colcon.colcon_core.package_identification:_identify(dev_spade/lib/python3.10/site-packages/setuptools/__pycache__) by extensions ['ignore', 'ignore_ament_install']
[0.404s] Level 1:colcon.colcon_core.package_identification:_identify(dev_spade/lib/python3.10/site-packages/setuptools/__pycache__) by extension 'ignore'
[0.404s] Level 1:colcon.colcon_core.package_identification:_identify(dev_spade/lib/python3.10/site-packages/setuptools/__pycache__) by extension 'ignore_ament_install'
[0.404s] Level 1:colcon.colcon_core.package_identification:_identify(dev_spade/lib/python3.10/site-packages/setuptools/__pycache__) by extensions ['colcon_pkg']
[0.404s] Level 1:colcon.colcon_core.package_identification:_identify(dev_spade/lib/python3.10/site-packages/setuptools/__pycache__) by extension 'colcon_pkg'
[0.404s] Level 1:colcon.colcon_core.package_identification:_identify(dev_spade/lib/python3.10/site-packages/setuptools/__pycache__) by extensions ['colcon_meta']
[0.404s] Level 1:colcon.colcon_core.package_identification:_identify(dev_spade/lib/python3.10/site-packages/setuptools/__pycache__) by extension 'colcon_meta'
[0.404s] Level 1:colcon.colcon_core.package_identification:_identify(dev_spade/lib/python3.10/site-packages/setuptools/__pycache__) by extensions ['ros']
[0.404s] Level 1:colcon.colcon_core.package_identification:_identify(dev_spade/lib/python3.10/site-packages/setuptools/__pycache__) by extension 'ros'
[0.404s] Level 1:colcon.colcon_core.package_identification:_identify(dev_spade/lib/python3.10/site-packages/setuptools/__pycache__) by extensions ['cmake', 'python']
[0.404s] Level 1:colcon.colcon_core.package_identification:_identify(dev_spade/lib/python3.10/site-packages/setuptools/__pycache__) by extension 'cmake'
[0.404s] Level 1:colcon.colcon_core.package_identification:_identify(dev_spade/lib/python3.10/site-packages/setuptools/__pycache__) by extension 'python'
[0.404s] Level 1:colcon.colcon_core.package_identification:_identify(dev_spade/lib/python3.10/site-packages/setuptools/__pycache__) by extensions ['python_setup_py']
[0.404s] Level 1:colcon.colcon_core.package_identification:_identify(dev_spade/lib/python3.10/site-packages/setuptools/__pycache__) by extension 'python_setup_py'
[0.404s] Level 1:colcon.colcon_core.package_identification:_identify(dev_spade/lib/python3.10/site-packages/setuptools/_distutils) by extensions ['ignore', 'ignore_ament_install']
[0.404s] Level 1:colcon.colcon_core.package_identification:_identify(dev_spade/lib/python3.10/site-packages/setuptools/_distutils) by extension 'ignore'
[0.404s] Level 1:colcon.colcon_core.package_identification:_identify(dev_spade/lib/python3.10/site-packages/setuptools/_distutils) by extension 'ignore_ament_install'
[0.404s] Level 1:colcon.colcon_core.package_identification:_identify(dev_spade/lib/python3.10/site-packages/setuptools/_distutils) by extensions ['colcon_pkg']
[0.404s] Level 1:colcon.colcon_core.package_identification:_identify(dev_spade/lib/python3.10/site-packages/setuptools/_distutils) by extension 'colcon_pkg'
[0.405s] Level 1:colcon.colcon_core.package_identification:_identify(dev_spade/lib/python3.10/site-packages/setuptools/_distutils) by extensions ['colcon_meta']
[0.405s] Level 1:colcon.colcon_core.package_identification:_identify(dev_spade/lib/python3.10/site-packages/setuptools/_distutils) by extension 'colcon_meta'
[0.405s] Level 1:colcon.colcon_core.package_identification:_identify(dev_spade/lib/python3.10/site-packages/setuptools/_distutils) by extensions ['ros']
[0.405s] Level 1:colcon.colcon_core.package_identification:_identify(dev_spade/lib/python3.10/site-packages/setuptools/_distutils) by extension 'ros'
[0.405s] Level 1:colcon.colcon_core.package_identification:_identify(dev_spade/lib/python3.10/site-packages/setuptools/_distutils) by extensions ['cmake', 'python']
[0.405s] Level 1:colcon.colcon_core.package_identification:_identify(dev_spade/lib/python3.10/site-packages/setuptools/_distutils) by extension 'cmake'
[0.405s] Level 1:colcon.colcon_core.package_identification:_identify(dev_spade/lib/python3.10/site-packages/setuptools/_distutils) by extension 'python'
[0.405s] Level 1:colcon.colcon_core.package_identification:_identify(dev_spade/lib/python3.10/site-packages/setuptools/_distutils) by extensions ['python_setup_py']
[0.405s] Level 1:colcon.colcon_core.package_identification:_identify(dev_spade/lib/python3.10/site-packages/setuptools/_distutils) by extension 'python_setup_py'
[0.405s] Level 1:colcon.colcon_core.package_identification:_identify(dev_spade/lib/python3.10/site-packages/setuptools/_distutils/__pycache__) by extensions ['ignore', 'ignore_ament_install']
[0.405s] Level 1:colcon.colcon_core.package_identification:_identify(dev_spade/lib/python3.10/site-packages/setuptools/_distutils/__pycache__) by extension 'ignore'
[0.405s] Level 1:colcon.colcon_core.package_identification:_identify(dev_spade/lib/python3.10/site-packages/setuptools/_distutils/__pycache__) by extension 'ignore_ament_install'
[0.405s] Level 1:colcon.colcon_core.package_identification:_identify(dev_spade/lib/python3.10/site-packages/setuptools/_distutils/__pycache__) by extensions ['colcon_pkg']
[0.405s] Level 1:colcon.colcon_core.package_identification:_identify(dev_spade/lib/python3.10/site-packages/setuptools/_distutils/__pycache__) by extension 'colcon_pkg'
[0.405s] Level 1:colcon.colcon_core.package_identification:_identify(dev_spade/lib/python3.10/site-packages/setuptools/_distutils/__pycache__) by extensions ['colcon_meta']
[0.405s] Level 1:colcon.colcon_core.package_identification:_identify(dev_spade/lib/python3.10/site-packages/setuptools/_distutils/__pycache__) by extension 'colcon_meta'
[0.405s] Level 1:colcon.colcon_core.package_identification:_identify(dev_spade/lib/python3.10/site-packages/setuptools/_distutils/__pycache__) by extensions ['ros']
[0.405s] Level 1:colcon.colcon_core.package_identification:_identify(dev_spade/lib/python3.10/site-packages/setuptools/_distutils/__pycache__) by extension 'ros'
[0.405s] Level 1:colcon.colcon_core.package_identification:_identify(dev_spade/lib/python3.10/site-packages/setuptools/_distutils/__pycache__) by extensions ['cmake', 'python']
[0.405s] Level 1:colcon.colcon_core.package_identification:_identify(dev_spade/lib/python3.10/site-packages/setuptools/_distutils/__pycache__) by extension 'cmake'
[0.405s] Level 1:colcon.colcon_core.package_identification:_identify(dev_spade/lib/python3.10/site-packages/setuptools/_distutils/__pycache__) by extension 'python'
[0.405s] Level 1:colcon.colcon_core.package_identification:_identify(dev_spade/lib/python3.10/site-packages/setuptools/_distutils/__pycache__) by extensions ['python_setup_py']
[0.405s] Level 1:colcon.colcon_core.package_identification:_identify(dev_spade/lib/python3.10/site-packages/setuptools/_distutils/__pycache__) by extension 'python_setup_py'
[0.405s] Level 1:colcon.colcon_core.package_identification:_identify(dev_spade/lib/python3.10/site-packages/setuptools/_distutils/command) by extensions ['ignore', 'ignore_ament_install']
[0.405s] Level 1:colcon.colcon_core.package_identification:_identify(dev_spade/lib/python3.10/site-packages/setuptools/_distutils/command) by extension 'ignore'
[0.405s] Level 1:colcon.colcon_core.package_identification:_identify(dev_spade/lib/python3.10/site-packages/setuptools/_distutils/command) by extension 'ignore_ament_install'
[0.405s] Level 1:colcon.colcon_core.package_identification:_identify(dev_spade/lib/python3.10/site-packages/setuptools/_distutils/command) by extensions ['colcon_pkg']
[0.405s] Level 1:colcon.colcon_core.package_identification:_identify(dev_spade/lib/python3.10/site-packages/setuptools/_distutils/command) by extension 'colcon_pkg'
[0.405s] Level 1:colcon.colcon_core.package_identification:_identify(dev_spade/lib/python3.10/site-packages/setuptools/_distutils/command) by extensions ['colcon_meta']
[0.405s] Level 1:colcon.colcon_core.package_identification:_identify(dev_spade/lib/python3.10/site-packages/setuptools/_distutils/command) by extension 'colcon_meta'
[0.405s] Level 1:colcon.colcon_core.package_identification:_identify(dev_spade/lib/python3.10/site-packages/setuptools/_distutils/command) by extensions ['ros']
[0.405s] Level 1:colcon.colcon_core.package_identification:_identify(dev_spade/lib/python3.10/site-packages/setuptools/_distutils/command) by extension 'ros'
[0.405s] Level 1:colcon.colcon_core.package_identification:_identify(dev_spade/lib/python3.10/site-packages/setuptools/_distutils/command) by extensions ['cmake', 'python']
[0.405s] Level 1:colcon.colcon_core.package_identification:_identify(dev_spade/lib/python3.10/site-packages/setuptools/_distutils/command) by extension 'cmake'
[0.405s] Level 1:colcon.colcon_core.package_identification:_identify(dev_spade/lib/python3.10/site-packages/setuptools/_distutils/command) by extension 'python'
[0.406s] Level 1:colcon.colcon_core.package_identification:_identify(dev_spade/lib/python3.10/site-packages/setuptools/_distutils/command) by extensions ['python_setup_py']
[0.406s] Level 1:colcon.colcon_core.package_identification:_identify(dev_spade/lib/python3.10/site-packages/setuptools/_distutils/command) by extension 'python_setup_py'
[0.406s] Level 1:colcon.colcon_core.package_identification:_identify(dev_spade/lib/python3.10/site-packages/setuptools/_distutils/command/__pycache__) by extensions ['ignore', 'ignore_ament_install']
[0.406s] Level 1:colcon.colcon_core.package_identification:_identify(dev_spade/lib/python3.10/site-packages/setuptools/_distutils/command/__pycache__) by extension 'ignore'
[0.406s] Level 1:colcon.colcon_core.package_identification:_identify(dev_spade/lib/python3.10/site-packages/setuptools/_distutils/command/__pycache__) by extension 'ignore_ament_install'
[0.406s] Level 1:colcon.colcon_core.package_identification:_identify(dev_spade/lib/python3.10/site-packages/setuptools/_distutils/command/__pycache__) by extensions ['colcon_pkg']
[0.406s] Level 1:colcon.colcon_core.package_identification:_identify(dev_spade/lib/python3.10/site-packages/setuptools/_distutils/command/__pycache__) by extension 'colcon_pkg'
[0.406s] Level 1:colcon.colcon_core.package_identification:_identify(dev_spade/lib/python3.10/site-packages/setuptools/_distutils/command/__pycache__) by extensions ['colcon_meta']
[0.406s] Level 1:colcon.colcon_core.package_identification:_identify(dev_spade/lib/python3.10/site-packages/setuptools/_distutils/command/__pycache__) by extension 'colcon_meta'
[0.406s] Level 1:colcon.colcon_core.package_identification:_identify(dev_spade/lib/python3.10/site-packages/setuptools/_distutils/command/__pycache__) by extensions ['ros']
[0.406s] Level 1:colcon.colcon_core.package_identification:_identify(dev_spade/lib/python3.10/site-packages/setuptools/_distutils/command/__pycache__) by extension 'ros'
[0.406s] Level 1:colcon.colcon_core.package_identification:_identify(dev_spade/lib/python3.10/site-packages/setuptools/_distutils/command/__pycache__) by extensions ['cmake', 'python']
[0.406s] Level 1:colcon.colcon_core.package_identification:_identify(dev_spade/lib/python3.10/site-packages/setuptools/_distutils/command/__pycache__) by extension 'cmake'
[0.406s] Level 1:colcon.colcon_core.package_identification:_identify(dev_spade/lib/python3.10/site-packages/setuptools/_distutils/command/__pycache__) by extension 'python'
[0.406s] Level 1:colcon.colcon_core.package_identification:_identify(dev_spade/lib/python3.10/site-packages/setuptools/_distutils/command/__pycache__) by extensions ['python_setup_py']
[0.406s] Level 1:colcon.colcon_core.package_identification:_identify(dev_spade/lib/python3.10/site-packages/setuptools/_distutils/command/__pycache__) by extension 'python_setup_py'
[0.406s] Level 1:colcon.colcon_core.package_identification:_identify(dev_spade/lib/python3.10/site-packages/setuptools/_vendor) by extensions ['ignore', 'ignore_ament_install']
[0.406s] Level 1:colcon.colcon_core.package_identification:_identify(dev_spade/lib/python3.10/site-packages/setuptools/_vendor) by extension 'ignore'
[0.406s] Level 1:colcon.colcon_core.package_identification:_identify(dev_spade/lib/python3.10/site-packages/setuptools/_vendor) by extension 'ignore_ament_install'
[0.406s] Level 1:colcon.colcon_core.package_identification:_identify(dev_spade/lib/python3.10/site-packages/setuptools/_vendor) by extensions ['colcon_pkg']
[0.406s] Level 1:colcon.colcon_core.package_identification:_identify(dev_spade/lib/python3.10/site-packages/setuptools/_vendor) by extension 'colcon_pkg'
[0.406s] Level 1:colcon.colcon_core.package_identification:_identify(dev_spade/lib/python3.10/site-packages/setuptools/_vendor) by extensions ['colcon_meta']
[0.406s] Level 1:colcon.colcon_core.package_identification:_identify(dev_spade/lib/python3.10/site-packages/setuptools/_vendor) by extension 'colcon_meta'
[0.406s] Level 1:colcon.colcon_core.package_identification:_identify(dev_spade/lib/python3.10/site-packages/setuptools/_vendor) by extensions ['ros']
[0.406s] Level 1:colcon.colcon_core.package_identification:_identify(dev_spade/lib/python3.10/site-packages/setuptools/_vendor) by extension 'ros'
[0.406s] Level 1:colcon.colcon_core.package_identification:_identify(dev_spade/lib/python3.10/site-packages/setuptools/_vendor) by extensions ['cmake', 'python']
[0.406s] Level 1:colcon.colcon_core.package_identification:_identify(dev_spade/lib/python3.10/site-packages/setuptools/_vendor) by extension 'cmake'
[0.406s] Level 1:colcon.colcon_core.package_identification:_identify(dev_spade/lib/python3.10/site-packages/setuptools/_vendor) by extension 'python'
[0.406s] Level 1:colcon.colcon_core.package_identification:_identify(dev_spade/lib/python3.10/site-packages/setuptools/_vendor) by extensions ['python_setup_py']
[0.406s] Level 1:colcon.colcon_core.package_identification:_identify(dev_spade/lib/python3.10/site-packages/setuptools/_vendor) by extension 'python_setup_py'
[0.407s] Level 1:colcon.colcon_core.package_identification:_identify(dev_spade/lib/python3.10/site-packages/setuptools/_vendor/__pycache__) by extensions ['ignore', 'ignore_ament_install']
[0.407s] Level 1:colcon.colcon_core.package_identification:_identify(dev_spade/lib/python3.10/site-packages/setuptools/_vendor/__pycache__) by extension 'ignore'
[0.407s] Level 1:colcon.colcon_core.package_identification:_identify(dev_spade/lib/python3.10/site-packages/setuptools/_vendor/__pycache__) by extension 'ignore_ament_install'
[0.407s] Level 1:colcon.colcon_core.package_identification:_identify(dev_spade/lib/python3.10/site-packages/setuptools/_vendor/__pycache__) by extensions ['colcon_pkg']
[0.407s] Level 1:colcon.colcon_core.package_identification:_identify(dev_spade/lib/python3.10/site-packages/setuptools/_vendor/__pycache__) by extension 'colcon_pkg'
[0.407s] Level 1:colcon.colcon_core.package_identification:_identify(dev_spade/lib/python3.10/site-packages/setuptools/_vendor/__pycache__) by extensions ['colcon_meta']
[0.407s] Level 1:colcon.colcon_core.package_identification:_identify(dev_spade/lib/python3.10/site-packages/setuptools/_vendor/__pycache__) by extension 'colcon_meta'
[0.407s] Level 1:colcon.colcon_core.package_identification:_identify(dev_spade/lib/python3.10/site-packages/setuptools/_vendor/__pycache__) by extensions ['ros']
[0.407s] Level 1:colcon.colcon_core.package_identification:_identify(dev_spade/lib/python3.10/site-packages/setuptools/_vendor/__pycache__) by extension 'ros'
[0.407s] Level 1:colcon.colcon_core.package_identification:_identify(dev_spade/lib/python3.10/site-packages/setuptools/_vendor/__pycache__) by extensions ['cmake', 'python']
[0.407s] Level 1:colcon.colcon_core.package_identification:_identify(dev_spade/lib/python3.10/site-packages/setuptools/_vendor/__pycache__) by extension 'cmake'
[0.407s] Level 1:colcon.colcon_core.package_identification:_identify(dev_spade/lib/python3.10/site-packages/setuptools/_vendor/__pycache__) by extension 'python'
[0.407s] Level 1:colcon.colcon_core.package_identification:_identify(dev_spade/lib/python3.10/site-packages/setuptools/_vendor/__pycache__) by extensions ['python_setup_py']
[0.407s] Level 1:colcon.colcon_core.package_identification:_identify(dev_spade/lib/python3.10/site-packages/setuptools/_vendor/__pycache__) by extension 'python_setup_py'
[0.407s] Level 1:colcon.colcon_core.package_identification:_identify(dev_spade/lib/python3.10/site-packages/setuptools/_vendor/more_itertools) by extensions ['ignore', 'ignore_ament_install']
[0.407s] Level 1:colcon.colcon_core.package_identification:_identify(dev_spade/lib/python3.10/site-packages/setuptools/_vendor/more_itertools) by extension 'ignore'
[0.407s] Level 1:colcon.colcon_core.package_identification:_identify(dev_spade/lib/python3.10/site-packages/setuptools/_vendor/more_itertools) by extension 'ignore_ament_install'
[0.407s] Level 1:colcon.colcon_core.package_identification:_identify(dev_spade/lib/python3.10/site-packages/setuptools/_vendor/more_itertools) by extensions ['colcon_pkg']
[0.407s] Level 1:colcon.colcon_core.package_identification:_identify(dev_spade/lib/python3.10/site-packages/setuptools/_vendor/more_itertools) by extension 'colcon_pkg'
[0.407s] Level 1:colcon.colcon_core.package_identification:_identify(dev_spade/lib/python3.10/site-packages/setuptools/_vendor/more_itertools) by extensions ['colcon_meta']
[0.407s] Level 1:colcon.colcon_core.package_identification:_identify(dev_spade/lib/python3.10/site-packages/setuptools/_vendor/more_itertools) by extension 'colcon_meta'
[0.407s] Level 1:colcon.colcon_core.package_identification:_identify(dev_spade/lib/python3.10/site-packages/setuptools/_vendor/more_itertools) by extensions ['ros']
[0.407s] Level 1:colcon.colcon_core.package_identification:_identify(dev_spade/lib/python3.10/site-packages/setuptools/_vendor/more_itertools) by extension 'ros'
[0.407s] Level 1:colcon.colcon_core.package_identification:_identify(dev_spade/lib/python3.10/site-packages/setuptools/_vendor/more_itertools) by extensions ['cmake', 'python']
[0.407s] Level 1:colcon.colcon_core.package_identification:_identify(dev_spade/lib/python3.10/site-packages/setuptools/_vendor/more_itertools) by extension 'cmake'
[0.407s] Level 1:colcon.colcon_core.package_identification:_identify(dev_spade/lib/python3.10/site-packages/setuptools/_vendor/more_itertools) by extension 'python'
[0.407s] Level 1:colcon.colcon_core.package_identification:_identify(dev_spade/lib/python3.10/site-packages/setuptools/_vendor/more_itertools) by extensions ['python_setup_py']
[0.407s] Level 1:colcon.colcon_core.package_identification:_identify(dev_spade/lib/python3.10/site-packages/setuptools/_vendor/more_itertools) by extension 'python_setup_py'
[0.407s] Level 1:colcon.colcon_core.package_identification:_identify(dev_spade/lib/python3.10/site-packages/setuptools/_vendor/more_itertools/__pycache__) by extensions ['ignore', 'ignore_ament_install']
[0.407s] Level 1:colcon.colcon_core.package_identification:_identify(dev_spade/lib/python3.10/site-packages/setuptools/_vendor/more_itertools/__pycache__) by extension 'ignore'
[0.407s] Level 1:colcon.colcon_core.package_identification:_identify(dev_spade/lib/python3.10/site-packages/setuptools/_vendor/more_itertools/__pycache__) by extension 'ignore_ament_install'
[0.408s] Level 1:colcon.colcon_core.package_identification:_identify(dev_spade/lib/python3.10/site-packages/setuptools/_vendor/more_itertools/__pycache__) by extensions ['colcon_pkg']
[0.408s] Level 1:colcon.colcon_core.package_identification:_identify(dev_spade/lib/python3.10/site-packages/setuptools/_vendor/more_itertools/__pycache__) by extension 'colcon_pkg'
[0.408s] Level 1:colcon.colcon_core.package_identification:_identify(dev_spade/lib/python3.10/site-packages/setuptools/_vendor/more_itertools/__pycache__) by extensions ['colcon_meta']
[0.408s] Level 1:colcon.colcon_core.package_identification:_identify(dev_spade/lib/python3.10/site-packages/setuptools/_vendor/more_itertools/__pycache__) by extension 'colcon_meta'
[0.408s] Level 1:colcon.colcon_core.package_identification:_identify(dev_spade/lib/python3.10/site-packages/setuptools/_vendor/more_itertools/__pycache__) by extensions ['ros']
[0.408s] Level 1:colcon.colcon_core.package_identification:_identify(dev_spade/lib/python3.10/site-packages/setuptools/_vendor/more_itertools/__pycache__) by extension 'ros'
[0.408s] Level 1:colcon.colcon_core.package_identification:_identify(dev_spade/lib/python3.10/site-packages/setuptools/_vendor/more_itertools/__pycache__) by extensions ['cmake', 'python']
[0.408s] Level 1:colcon.colcon_core.package_identification:_identify(dev_spade/lib/python3.10/site-packages/setuptools/_vendor/more_itertools/__pycache__) by extension 'cmake'
[0.408s] Level 1:colcon.colcon_core.package_identification:_identify(dev_spade/lib/python3.10/site-packages/setuptools/_vendor/more_itertools/__pycache__) by extension 'python'
[0.408s] Level 1:colcon.colcon_core.package_identification:_identify(dev_spade/lib/python3.10/site-packages/setuptools/_vendor/more_itertools/__pycache__) by extensions ['python_setup_py']
[0.408s] Level 1:colcon.colcon_core.package_identification:_identify(dev_spade/lib/python3.10/site-packages/setuptools/_vendor/more_itertools/__pycache__) by extension 'python_setup_py'
[0.408s] Level 1:colcon.colcon_core.package_identification:_identify(dev_spade/lib/python3.10/site-packages/setuptools/_vendor/packaging) by extensions ['ignore', 'ignore_ament_install']
[0.408s] Level 1:colcon.colcon_core.package_identification:_identify(dev_spade/lib/python3.10/site-packages/setuptools/_vendor/packaging) by extension 'ignore'
[0.408s] Level 1:colcon.colcon_core.package_identification:_identify(dev_spade/lib/python3.10/site-packages/setuptools/_vendor/packaging) by extension 'ignore_ament_install'
[0.408s] Level 1:colcon.colcon_core.package_identification:_identify(dev_spade/lib/python3.10/site-packages/setuptools/_vendor/packaging) by extensions ['colcon_pkg']
[0.408s] Level 1:colcon.colcon_core.package_identification:_identify(dev_spade/lib/python3.10/site-packages/setuptools/_vendor/packaging) by extension 'colcon_pkg'
[0.408s] Level 1:colcon.colcon_core.package_identification:_identify(dev_spade/lib/python3.10/site-packages/setuptools/_vendor/packaging) by extensions ['colcon_meta']
[0.408s] Level 1:colcon.colcon_core.package_identification:_identify(dev_spade/lib/python3.10/site-packages/setuptools/_vendor/packaging) by extension 'colcon_meta'
[0.408s] Level 1:colcon.colcon_core.package_identification:_identify(dev_spade/lib/python3.10/site-packages/setuptools/_vendor/packaging) by extensions ['ros']
[0.408s] Level 1:colcon.colcon_core.package_identification:_identify(dev_spade/lib/python3.10/site-packages/setuptools/_vendor/packaging) by extension 'ros'
[0.408s] Level 1:colcon.colcon_core.package_identification:_identify(dev_spade/lib/python3.10/site-packages/setuptools/_vendor/packaging) by extensions ['cmake', 'python']
[0.408s] Level 1:colcon.colcon_core.package_identification:_identify(dev_spade/lib/python3.10/site-packages/setuptools/_vendor/packaging) by extension 'cmake'
[0.408s] Level 1:colcon.colcon_core.package_identification:_identify(dev_spade/lib/python3.10/site-packages/setuptools/_vendor/packaging) by extension 'python'
[0.408s] Level 1:colcon.colcon_core.package_identification:_identify(dev_spade/lib/python3.10/site-packages/setuptools/_vendor/packaging) by extensions ['python_setup_py']
[0.408s] Level 1:colcon.colcon_core.package_identification:_identify(dev_spade/lib/python3.10/site-packages/setuptools/_vendor/packaging) by extension 'python_setup_py'
[0.408s] Level 1:colcon.colcon_core.package_identification:_identify(dev_spade/lib/python3.10/site-packages/setuptools/_vendor/packaging/__pycache__) by extensions ['ignore', 'ignore_ament_install']
[0.408s] Level 1:colcon.colcon_core.package_identification:_identify(dev_spade/lib/python3.10/site-packages/setuptools/_vendor/packaging/__pycache__) by extension 'ignore'
[0.408s] Level 1:colcon.colcon_core.package_identification:_identify(dev_spade/lib/python3.10/site-packages/setuptools/_vendor/packaging/__pycache__) by extension 'ignore_ament_install'
[0.408s] Level 1:colcon.colcon_core.package_identification:_identify(dev_spade/lib/python3.10/site-packages/setuptools/_vendor/packaging/__pycache__) by extensions ['colcon_pkg']
[0.408s] Level 1:colcon.colcon_core.package_identification:_identify(dev_spade/lib/python3.10/site-packages/setuptools/_vendor/packaging/__pycache__) by extension 'colcon_pkg'
[0.409s] Level 1:colcon.colcon_core.package_identification:_identify(dev_spade/lib/python3.10/site-packages/setuptools/_vendor/packaging/__pycache__) by extensions ['colcon_meta']
[0.409s] Level 1:colcon.colcon_core.package_identification:_identify(dev_spade/lib/python3.10/site-packages/setuptools/_vendor/packaging/__pycache__) by extension 'colcon_meta'
[0.409s] Level 1:colcon.colcon_core.package_identification:_identify(dev_spade/lib/python3.10/site-packages/setuptools/_vendor/packaging/__pycache__) by extensions ['ros']
[0.409s] Level 1:colcon.colcon_core.package_identification:_identify(dev_spade/lib/python3.10/site-packages/setuptools/_vendor/packaging/__pycache__) by extension 'ros'
[0.409s] Level 1:colcon.colcon_core.package_identification:_identify(dev_spade/lib/python3.10/site-packages/setuptools/_vendor/packaging/__pycache__) by extensions ['cmake', 'python']
[0.409s] Level 1:colcon.colcon_core.package_identification:_identify(dev_spade/lib/python3.10/site-packages/setuptools/_vendor/packaging/__pycache__) by extension 'cmake'
[0.409s] Level 1:colcon.colcon_core.package_identification:_identify(dev_spade/lib/python3.10/site-packages/setuptools/_vendor/packaging/__pycache__) by extension 'python'
[0.409s] Level 1:colcon.colcon_core.package_identification:_identify(dev_spade/lib/python3.10/site-packages/setuptools/_vendor/packaging/__pycache__) by extensions ['python_setup_py']
[0.409s] Level 1:colcon.colcon_core.package_identification:_identify(dev_spade/lib/python3.10/site-packages/setuptools/_vendor/packaging/__pycache__) by extension 'python_setup_py'
[0.409s] Level 1:colcon.colcon_core.package_identification:_identify(dev_spade/lib/python3.10/site-packages/setuptools/command) by extensions ['ignore', 'ignore_ament_install']
[0.409s] Level 1:colcon.colcon_core.package_identification:_identify(dev_spade/lib/python3.10/site-packages/setuptools/command) by extension 'ignore'
[0.409s] Level 1:colcon.colcon_core.package_identification:_identify(dev_spade/lib/python3.10/site-packages/setuptools/command) by extension 'ignore_ament_install'
[0.409s] Level 1:colcon.colcon_core.package_identification:_identify(dev_spade/lib/python3.10/site-packages/setuptools/command) by extensions ['colcon_pkg']
[0.409s] Level 1:colcon.colcon_core.package_identification:_identify(dev_spade/lib/python3.10/site-packages/setuptools/command) by extension 'colcon_pkg'
[0.409s] Level 1:colcon.colcon_core.package_identification:_identify(dev_spade/lib/python3.10/site-packages/setuptools/command) by extensions ['colcon_meta']
[0.409s] Level 1:colcon.colcon_core.package_identification:_identify(dev_spade/lib/python3.10/site-packages/setuptools/command) by extension 'colcon_meta'
[0.409s] Level 1:colcon.colcon_core.package_identification:_identify(dev_spade/lib/python3.10/site-packages/setuptools/command) by extensions ['ros']
[0.409s] Level 1:colcon.colcon_core.package_identification:_identify(dev_spade/lib/python3.10/site-packages/setuptools/command) by extension 'ros'
[0.409s] Level 1:colcon.colcon_core.package_identification:_identify(dev_spade/lib/python3.10/site-packages/setuptools/command) by extensions ['cmake', 'python']
[0.409s] Level 1:colcon.colcon_core.package_identification:_identify(dev_spade/lib/python3.10/site-packages/setuptools/command) by extension 'cmake'
[0.409s] Level 1:colcon.colcon_core.package_identification:_identify(dev_spade/lib/python3.10/site-packages/setuptools/command) by extension 'python'
[0.409s] Level 1:colcon.colcon_core.package_identification:_identify(dev_spade/lib/python3.10/site-packages/setuptools/command) by extensions ['python_setup_py']
[0.409s] Level 1:colcon.colcon_core.package_identification:_identify(dev_spade/lib/python3.10/site-packages/setuptools/command) by extension 'python_setup_py'
[0.409s] Level 1:colcon.colcon_core.package_identification:_identify(dev_spade/lib/python3.10/site-packages/setuptools/command/__pycache__) by extensions ['ignore', 'ignore_ament_install']
[0.409s] Level 1:colcon.colcon_core.package_identification:_identify(dev_spade/lib/python3.10/site-packages/setuptools/command/__pycache__) by extension 'ignore'
[0.409s] Level 1:colcon.colcon_core.package_identification:_identify(dev_spade/lib/python3.10/site-packages/setuptools/command/__pycache__) by extension 'ignore_ament_install'
[0.409s] Level 1:colcon.colcon_core.package_identification:_identify(dev_spade/lib/python3.10/site-packages/setuptools/command/__pycache__) by extensions ['colcon_pkg']
[0.409s] Level 1:colcon.colcon_core.package_identification:_identify(dev_spade/lib/python3.10/site-packages/setuptools/command/__pycache__) by extension 'colcon_pkg'
[0.409s] Level 1:colcon.colcon_core.package_identification:_identify(dev_spade/lib/python3.10/site-packages/setuptools/command/__pycache__) by extensions ['colcon_meta']
[0.409s] Level 1:colcon.colcon_core.package_identification:_identify(dev_spade/lib/python3.10/site-packages/setuptools/command/__pycache__) by extension 'colcon_meta'
[0.409s] Level 1:colcon.colcon_core.package_identification:_identify(dev_spade/lib/python3.10/site-packages/setuptools/command/__pycache__) by extensions ['ros']
[0.409s] Level 1:colcon.colcon_core.package_identification:_identify(dev_spade/lib/python3.10/site-packages/setuptools/command/__pycache__) by extension 'ros'
[0.409s] Level 1:colcon.colcon_core.package_identification:_identify(dev_spade/lib/python3.10/site-packages/setuptools/command/__pycache__) by extensions ['cmake', 'python']
[0.409s] Level 1:colcon.colcon_core.package_identification:_identify(dev_spade/lib/python3.10/site-packages/setuptools/command/__pycache__) by extension 'cmake'
[0.409s] Level 1:colcon.colcon_core.package_identification:_identify(dev_spade/lib/python3.10/site-packages/setuptools/command/__pycache__) by extension 'python'
[0.409s] Level 1:colcon.colcon_core.package_identification:_identify(dev_spade/lib/python3.10/site-packages/setuptools/command/__pycache__) by extensions ['python_setup_py']
[0.409s] Level 1:colcon.colcon_core.package_identification:_identify(dev_spade/lib/python3.10/site-packages/setuptools/command/__pycache__) by extension 'python_setup_py'
[0.409s] Level 1:colcon.colcon_core.package_identification:_identify(dev_spade/lib/python3.10/site-packages/setuptools/extern) by extensions ['ignore', 'ignore_ament_install']
[0.410s] Level 1:colcon.colcon_core.package_identification:_identify(dev_spade/lib/python3.10/site-packages/setuptools/extern) by extension 'ignore'
[0.410s] Level 1:colcon.colcon_core.package_identification:_identify(dev_spade/lib/python3.10/site-packages/setuptools/extern) by extension 'ignore_ament_install'
[0.410s] Level 1:colcon.colcon_core.package_identification:_identify(dev_spade/lib/python3.10/site-packages/setuptools/extern) by extensions ['colcon_pkg']
[0.410s] Level 1:colcon.colcon_core.package_identification:_identify(dev_spade/lib/python3.10/site-packages/setuptools/extern) by extension 'colcon_pkg'
[0.410s] Level 1:colcon.colcon_core.package_identification:_identify(dev_spade/lib/python3.10/site-packages/setuptools/extern) by extensions ['colcon_meta']
[0.410s] Level 1:colcon.colcon_core.package_identification:_identify(dev_spade/lib/python3.10/site-packages/setuptools/extern) by extension 'colcon_meta'
[0.410s] Level 1:colcon.colcon_core.package_identification:_identify(dev_spade/lib/python3.10/site-packages/setuptools/extern) by extensions ['ros']
[0.410s] Level 1:colcon.colcon_core.package_identification:_identify(dev_spade/lib/python3.10/site-packages/setuptools/extern) by extension 'ros'
[0.410s] Level 1:colcon.colcon_core.package_identification:_identify(dev_spade/lib/python3.10/site-packages/setuptools/extern) by extensions ['cmake', 'python']
[0.410s] Level 1:colcon.colcon_core.package_identification:_identify(dev_spade/lib/python3.10/site-packages/setuptools/extern) by extension 'cmake'
[0.410s] Level 1:colcon.colcon_core.package_identification:_identify(dev_spade/lib/python3.10/site-packages/setuptools/extern) by extension 'python'
[0.410s] Level 1:colcon.colcon_core.package_identification:_identify(dev_spade/lib/python3.10/site-packages/setuptools/extern) by extensions ['python_setup_py']
[0.410s] Level 1:colcon.colcon_core.package_identification:_identify(dev_spade/lib/python3.10/site-packages/setuptools/extern) by extension 'python_setup_py'
[0.410s] Level 1:colcon.colcon_core.package_identification:_identify(dev_spade/lib/python3.10/site-packages/setuptools/extern/__pycache__) by extensions ['ignore', 'ignore_ament_install']
[0.410s] Level 1:colcon.colcon_core.package_identification:_identify(dev_spade/lib/python3.10/site-packages/setuptools/extern/__pycache__) by extension 'ignore'
[0.410s] Level 1:colcon.colcon_core.package_identification:_identify(dev_spade/lib/python3.10/site-packages/setuptools/extern/__pycache__) by extension 'ignore_ament_install'
[0.410s] Level 1:colcon.colcon_core.package_identification:_identify(dev_spade/lib/python3.10/site-packages/setuptools/extern/__pycache__) by extensions ['colcon_pkg']
[0.410s] Level 1:colcon.colcon_core.package_identification:_identify(dev_spade/lib/python3.10/site-packages/setuptools/extern/__pycache__) by extension 'colcon_pkg'
[0.410s] Level 1:colcon.colcon_core.package_identification:_identify(dev_spade/lib/python3.10/site-packages/setuptools/extern/__pycache__) by extensions ['colcon_meta']
[0.410s] Level 1:colcon.colcon_core.package_identification:_identify(dev_spade/lib/python3.10/site-packages/setuptools/extern/__pycache__) by extension 'colcon_meta'
[0.410s] Level 1:colcon.colcon_core.package_identification:_identify(dev_spade/lib/python3.10/site-packages/setuptools/extern/__pycache__) by extensions ['ros']
[0.410s] Level 1:colcon.colcon_core.package_identification:_identify(dev_spade/lib/python3.10/site-packages/setuptools/extern/__pycache__) by extension 'ros'
[0.410s] Level 1:colcon.colcon_core.package_identification:_identify(dev_spade/lib/python3.10/site-packages/setuptools/extern/__pycache__) by extensions ['cmake', 'python']
[0.410s] Level 1:colcon.colcon_core.package_identification:_identify(dev_spade/lib/python3.10/site-packages/setuptools/extern/__pycache__) by extension 'cmake'
[0.410s] Level 1:colcon.colcon_core.package_identification:_identify(dev_spade/lib/python3.10/site-packages/setuptools/extern/__pycache__) by extension 'python'
[0.410s] Level 1:colcon.colcon_core.package_identification:_identify(dev_spade/lib/python3.10/site-packages/setuptools/extern/__pycache__) by extensions ['python_setup_py']
[0.410s] Level 1:colcon.colcon_core.package_identification:_identify(dev_spade/lib/python3.10/site-packages/setuptools/extern/__pycache__) by extension 'python_setup_py'
[0.410s] Level 1:colcon.colcon_core.package_identification:_identify(dev_spade/lib/python3.10/site-packages/setuptools-59.6.0.dist-info) by extensions ['ignore', 'ignore_ament_install']
[0.410s] Level 1:colcon.colcon_core.package_identification:_identify(dev_spade/lib/python3.10/site-packages/setuptools-59.6.0.dist-info) by extension 'ignore'
[0.410s] Level 1:colcon.colcon_core.package_identification:_identify(dev_spade/lib/python3.10/site-packages/setuptools-59.6.0.dist-info) by extension 'ignore_ament_install'
[0.410s] Level 1:colcon.colcon_core.package_identification:_identify(dev_spade/lib/python3.10/site-packages/setuptools-59.6.0.dist-info) by extensions ['colcon_pkg']
[0.411s] Level 1:colcon.colcon_core.package_identification:_identify(dev_spade/lib/python3.10/site-packages/setuptools-59.6.0.dist-info) by extension 'colcon_pkg'
[0.411s] Level 1:colcon.colcon_core.package_identification:_identify(dev_spade/lib/python3.10/site-packages/setuptools-59.6.0.dist-info) by extensions ['colcon_meta']
[0.411s] Level 1:colcon.colcon_core.package_identification:_identify(dev_spade/lib/python3.10/site-packages/setuptools-59.6.0.dist-info) by extension 'colcon_meta'
[0.411s] Level 1:colcon.colcon_core.package_identification:_identify(dev_spade/lib/python3.10/site-packages/setuptools-59.6.0.dist-info) by extensions ['ros']
[0.411s] Level 1:colcon.colcon_core.package_identification:_identify(dev_spade/lib/python3.10/site-packages/setuptools-59.6.0.dist-info) by extension 'ros'
[0.411s] Level 1:colcon.colcon_core.package_identification:_identify(dev_spade/lib/python3.10/site-packages/setuptools-59.6.0.dist-info) by extensions ['cmake', 'python']
[0.411s] Level 1:colcon.colcon_core.package_identification:_identify(dev_spade/lib/python3.10/site-packages/setuptools-59.6.0.dist-info) by extension 'cmake'
[0.411s] Level 1:colcon.colcon_core.package_identification:_identify(dev_spade/lib/python3.10/site-packages/setuptools-59.6.0.dist-info) by extension 'python'
[0.411s] Level 1:colcon.colcon_core.package_identification:_identify(dev_spade/lib/python3.10/site-packages/setuptools-59.6.0.dist-info) by extensions ['python_setup_py']
[0.411s] Level 1:colcon.colcon_core.package_identification:_identify(dev_spade/lib/python3.10/site-packages/setuptools-59.6.0.dist-info) by extension 'python_setup_py'
[0.411s] Level 1:colcon.colcon_core.package_identification:_identify(install) by extensions ['ignore', 'ignore_ament_install']
[0.411s] Level 1:colcon.colcon_core.package_identification:_identify(install) by extension 'ignore'
[0.411s] Level 1:colcon.colcon_core.package_identification:_identify(install) ignored
[0.411s] Level 1:colcon.colcon_core.package_identification:_identify(log) by extensions ['ignore', 'ignore_ament_install']
[0.411s] Level 1:colcon.colcon_core.package_identification:_identify(log) by extension 'ignore'
[0.411s] Level 1:colcon.colcon_core.package_identification:_identify(log) ignored
[0.411s] Level 1:colcon.colcon_core.package_identification:_identify(mavros) by extensions ['ignore', 'ignore_ament_install']
[0.411s] Level 1:colcon.colcon_core.package_identification:_identify(mavros) by extension 'ignore'
[0.411s] Level 1:colcon.colcon_core.package_identification:_identify(mavros) by extension 'ignore_ament_install'
[0.411s] Level 1:colcon.colcon_core.package_identification:_identify(mavros) by extensions ['colcon_pkg']
[0.411s] Level 1:colcon.colcon_core.package_identification:_identify(mavros) by extension 'colcon_pkg'
[0.411s] Level 1:colcon.colcon_core.package_identification:_identify(mavros) by extensions ['colcon_meta']
[0.411s] Level 1:colcon.colcon_core.package_identification:_identify(mavros) by extension 'colcon_meta'
[0.411s] Level 1:colcon.colcon_core.package_identification:_identify(mavros) by extensions ['ros']
[0.411s] Level 1:colcon.colcon_core.package_identification:_identify(mavros) by extension 'ros'
[0.411s] Level 1:colcon.colcon_core.package_identification:_identify(mavros) by extensions ['cmake', 'python']
[0.411s] Level 1:colcon.colcon_core.package_identification:_identify(mavros) by extension 'cmake'
[0.411s] Level 1:colcon.colcon_core.package_identification:_identify(mavros) by extension 'python'
[0.411s] Level 1:colcon.colcon_core.package_identification:_identify(mavros) by extensions ['python_setup_py']
[0.411s] Level 1:colcon.colcon_core.package_identification:_identify(mavros) by extension 'python_setup_py'
[0.411s] Level 1:colcon.colcon_core.package_identification:_identify(mavros/build) by extensions ['ignore', 'ignore_ament_install']
[0.412s] Level 1:colcon.colcon_core.package_identification:_identify(mavros/build) by extension 'ignore'
[0.412s] Level 1:colcon.colcon_core.package_identification:_identify(mavros/build) ignored
[0.412s] Level 1:colcon.colcon_core.package_identification:_identify(mavros/docs) by extensions ['ignore', 'ignore_ament_install']
[0.412s] Level 1:colcon.colcon_core.package_identification:_identify(mavros/docs) by extension 'ignore'
[0.412s] Level 1:colcon.colcon_core.package_identification:_identify(mavros/docs) by extension 'ignore_ament_install'
[0.412s] Level 1:colcon.colcon_core.package_identification:_identify(mavros/docs) by extensions ['colcon_pkg']
[0.412s] Level 1:colcon.colcon_core.package_identification:_identify(mavros/docs) by extension 'colcon_pkg'
[0.412s] Level 1:colcon.colcon_core.package_identification:_identify(mavros/docs) by extensions ['colcon_meta']
[0.412s] Level 1:colcon.colcon_core.package_identification:_identify(mavros/docs) by extension 'colcon_meta'
[0.412s] Level 1:colcon.colcon_core.package_identification:_identify(mavros/docs) by extensions ['ros']
[0.412s] Level 1:colcon.colcon_core.package_identification:_identify(mavros/docs) by extension 'ros'
[0.412s] Level 1:colcon.colcon_core.package_identification:_identify(mavros/docs) by extensions ['cmake', 'python']
[0.412s] Level 1:colcon.colcon_core.package_identification:_identify(mavros/docs) by extension 'cmake'
[0.412s] Level 1:colcon.colcon_core.package_identification:_identify(mavros/docs) by extension 'python'
[0.412s] Level 1:colcon.colcon_core.package_identification:_identify(mavros/docs) by extensions ['python_setup_py']
[0.412s] Level 1:colcon.colcon_core.package_identification:_identify(mavros/docs) by extension 'python_setup_py'
[0.412s] Level 1:colcon.colcon_core.package_identification:_identify(mavros/install) by extensions ['ignore', 'ignore_ament_install']
[0.412s] Level 1:colcon.colcon_core.package_identification:_identify(mavros/install) by extension 'ignore'
[0.412s] Level 1:colcon.colcon_core.package_identification:_identify(mavros/install) ignored
[0.412s] Level 1:colcon.colcon_core.package_identification:_identify(mavros/libmavconn) by extensions ['ignore', 'ignore_ament_install']
[0.412s] Level 1:colcon.colcon_core.package_identification:_identify(mavros/libmavconn) by extension 'ignore'
[0.412s] Level 1:colcon.colcon_core.package_identification:_identify(mavros/libmavconn) by extension 'ignore_ament_install'
[0.412s] Level 1:colcon.colcon_core.package_identification:_identify(mavros/libmavconn) by extensions ['colcon_pkg']
[0.412s] Level 1:colcon.colcon_core.package_identification:_identify(mavros/libmavconn) by extension 'colcon_pkg'
[0.412s] Level 1:colcon.colcon_core.package_identification:_identify(mavros/libmavconn) by extensions ['colcon_meta']
[0.412s] Level 1:colcon.colcon_core.package_identification:_identify(mavros/libmavconn) by extension 'colcon_meta'
[0.412s] Level 1:colcon.colcon_core.package_identification:_identify(mavros/libmavconn) by extensions ['ros']
[0.412s] Level 1:colcon.colcon_core.package_identification:_identify(mavros/libmavconn) by extension 'ros'
[0.414s] DEBUG:colcon.colcon_core.package_identification:Package 'mavros/libmavconn' with type 'ros.ament_cmake' and name 'libmavconn'
[0.414s] Level 1:colcon.colcon_core.package_identification:_identify(mavros/log) by extensions ['ignore', 'ignore_ament_install']
[0.414s] Level 1:colcon.colcon_core.package_identification:_identify(mavros/log) by extension 'ignore'
[0.414s] Level 1:colcon.colcon_core.package_identification:_identify(mavros/log) ignored
[0.414s] Level 1:colcon.colcon_core.package_identification:_identify(mavros/mavros) by extensions ['ignore', 'ignore_ament_install']
[0.415s] Level 1:colcon.colcon_core.package_identification:_identify(mavros/mavros) by extension 'ignore'
[0.415s] Level 1:colcon.colcon_core.package_identification:_identify(mavros/mavros) by extension 'ignore_ament_install'
[0.415s] Level 1:colcon.colcon_core.package_identification:_identify(mavros/mavros) by extensions ['colcon_pkg']
[0.415s] Level 1:colcon.colcon_core.package_identification:_identify(mavros/mavros) by extension 'colcon_pkg'
[0.415s] Level 1:colcon.colcon_core.package_identification:_identify(mavros/mavros) by extensions ['colcon_meta']
[0.415s] Level 1:colcon.colcon_core.package_identification:_identify(mavros/mavros) by extension 'colcon_meta'
[0.415s] Level 1:colcon.colcon_core.package_identification:_identify(mavros/mavros) by extensions ['ros']
[0.415s] Level 1:colcon.colcon_core.package_identification:_identify(mavros/mavros) by extension 'ros'
[0.416s] DEBUG:colcon.colcon_core.package_identification:Package 'mavros/mavros' with type 'ros.ament_cmake' and name 'mavros'
[0.416s] Level 1:colcon.colcon_core.package_identification:_identify(mavros/mavros_extras) by extensions ['ignore', 'ignore_ament_install']
[0.416s] Level 1:colcon.colcon_core.package_identification:_identify(mavros/mavros_extras) by extension 'ignore'
[0.416s] Level 1:colcon.colcon_core.package_identification:_identify(mavros/mavros_extras) by extension 'ignore_ament_install'
[0.417s] Level 1:colcon.colcon_core.package_identification:_identify(mavros/mavros_extras) by extensions ['colcon_pkg']
[0.417s] Level 1:colcon.colcon_core.package_identification:_identify(mavros/mavros_extras) by extension 'colcon_pkg'
[0.417s] Level 1:colcon.colcon_core.package_identification:_identify(mavros/mavros_extras) by extensions ['colcon_meta']
[0.417s] Level 1:colcon.colcon_core.package_identification:_identify(mavros/mavros_extras) by extension 'colcon_meta'
[0.417s] Level 1:colcon.colcon_core.package_identification:_identify(mavros/mavros_extras) by extensions ['ros']
[0.417s] Level 1:colcon.colcon_core.package_identification:_identify(mavros/mavros_extras) by extension 'ros'
[0.419s] DEBUG:colcon.colcon_core.package_identification:Package 'mavros/mavros_extras' with type 'ros.ament_cmake' and name 'mavros_extras'
[0.419s] Level 1:colcon.colcon_core.package_identification:_identify(mavros/mavros_msgs) by extensions ['ignore', 'ignore_ament_install']
[0.419s] Level 1:colcon.colcon_core.package_identification:_identify(mavros/mavros_msgs) by extension 'ignore'
[0.419s] Level 1:colcon.colcon_core.package_identification:_identify(mavros/mavros_msgs) by extension 'ignore_ament_install'
[0.419s] Level 1:colcon.colcon_core.package_identification:_identify(mavros/mavros_msgs) by extensions ['colcon_pkg']
[0.419s] Level 1:colcon.colcon_core.package_identification:_identify(mavros/mavros_msgs) by extension 'colcon_pkg'
[0.419s] Level 1:colcon.colcon_core.package_identification:_identify(mavros/mavros_msgs) by extensions ['colcon_meta']
[0.419s] Level 1:colcon.colcon_core.package_identification:_identify(mavros/mavros_msgs) by extension 'colcon_meta'
[0.419s] Level 1:colcon.colcon_core.package_identification:_identify(mavros/mavros_msgs) by extensions ['ros']
[0.419s] Level 1:colcon.colcon_core.package_identification:_identify(mavros/mavros_msgs) by extension 'ros'
[0.420s] DEBUG:colcon.colcon_core.package_identification:Package 'mavros/mavros_msgs' with type 'ros.ament_cmake' and name 'mavros_msgs'
[0.420s] Level 1:colcon.colcon_core.package_identification:_identify(mavros/test_mavros) by extensions ['ignore', 'ignore_ament_install']
[0.420s] Level 1:colcon.colcon_core.package_identification:_identify(mavros/test_mavros) by extension 'ignore'
[0.420s] Level 1:colcon.colcon_core.package_identification:_identify(mavros/test_mavros) ignored
[0.420s] Level 1:colcon.colcon_core.package_identification:_identify(mavros/tools) by extensions ['ignore', 'ignore_ament_install']
[0.420s] Level 1:colcon.colcon_core.package_identification:_identify(mavros/tools) by extension 'ignore'
[0.420s] Level 1:colcon.colcon_core.package_identification:_identify(mavros/tools) by extension 'ignore_ament_install'
[0.420s] Level 1:colcon.colcon_core.package_identification:_identify(mavros/tools) by extensions ['colcon_pkg']
[0.420s] Level 1:colcon.colcon_core.package_identification:_identify(mavros/tools) by extension 'colcon_pkg'
[0.420s] Level 1:colcon.colcon_core.package_identification:_identify(mavros/tools) by extensions ['colcon_meta']
[0.420s] Level 1:colcon.colcon_core.package_identification:_identify(mavros/tools) by extension 'colcon_meta'
[0.420s] Level 1:colcon.colcon_core.package_identification:_identify(mavros/tools) by extensions ['ros']
[0.420s] Level 1:colcon.colcon_core.package_identification:_identify(mavros/tools) by extension 'ros'
[0.421s] Level 1:colcon.colcon_core.package_identification:_identify(mavros/tools) by extensions ['cmake', 'python']
[0.421s] Level 1:colcon.colcon_core.package_identification:_identify(mavros/tools) by extension 'cmake'
[0.421s] Level 1:colcon.colcon_core.package_identification:_identify(mavros/tools) by extension 'python'
[0.421s] Level 1:colcon.colcon_core.package_identification:_identify(mavros/tools) by extensions ['python_setup_py']
[0.421s] Level 1:colcon.colcon_core.package_identification:_identify(mavros/tools) by extension 'python_setup_py'
[0.421s] Level 1:colcon.colcon_core.package_identification:_identify(spade-autonomousmission) by extensions ['ignore', 'ignore_ament_install']
[0.421s] Level 1:colcon.colcon_core.package_identification:_identify(spade-autonomousmission) by extension 'ignore'
[0.421s] Level 1:colcon.colcon_core.package_identification:_identify(spade-autonomousmission) by extension 'ignore_ament_install'
[0.421s] Level 1:colcon.colcon_core.package_identification:_identify(spade-autonomousmission) by extensions ['colcon_pkg']
[0.421s] Level 1:colcon.colcon_core.package_identification:_identify(spade-autonomousmission) by extension 'colcon_pkg'
[0.421s] Level 1:colcon.colcon_core.package_identification:_identify(spade-autonomousmission) by extensions ['colcon_meta']
[0.421s] Level 1:colcon.colcon_core.package_identification:_identify(spade-autonomousmission) by extension 'colcon_meta'
[0.421s] Level 1:colcon.colcon_core.package_identification:_identify(spade-autonomousmission) by extensions ['ros']
[0.421s] Level 1:colcon.colcon_core.package_identification:_identify(spade-autonomousmission) by extension 'ros'
[0.421s] Level 1:colcon.colcon_core.package_identification:_identify(spade-autonomousmission) by extensions ['cmake', 'python']
[0.421s] Level 1:colcon.colcon_core.package_identification:_identify(spade-autonomousmission) by extension 'cmake'
[0.421s] Level 1:colcon.colcon_core.package_identification:_identify(spade-autonomousmission) by extension 'python'
[0.421s] Level 1:colcon.colcon_core.package_identification:_identify(spade-autonomousmission) by extensions ['python_setup_py']
[0.421s] Level 1:colcon.colcon_core.package_identification:_identify(spade-autonomousmission) by extension 'python_setup_py'
[0.421s] Level 1:colcon.colcon_core.package_identification:_identify(spade-autonomousmission/communication_spade) by extensions ['ignore', 'ignore_ament_install']
[0.421s] Level 1:colcon.colcon_core.package_identification:_identify(spade-autonomousmission/communication_spade) by extension 'ignore'
[0.421s] Level 1:colcon.colcon_core.package_identification:_identify(spade-autonomousmission/communication_spade) by extension 'ignore_ament_install'
[0.421s] Level 1:colcon.colcon_core.package_identification:_identify(spade-autonomousmission/communication_spade) by extensions ['colcon_pkg']
[0.421s] Level 1:colcon.colcon_core.package_identification:_identify(spade-autonomousmission/communication_spade) by extension 'colcon_pkg'
[0.421s] Level 1:colcon.colcon_core.package_identification:_identify(spade-autonomousmission/communication_spade) by extensions ['colcon_meta']
[0.421s] Level 1:colcon.colcon_core.package_identification:_identify(spade-autonomousmission/communication_spade) by extension 'colcon_meta'
[0.421s] Level 1:colcon.colcon_core.package_identification:_identify(spade-autonomousmission/communication_spade) by extensions ['ros']
[0.421s] Level 1:colcon.colcon_core.package_identification:_identify(spade-autonomousmission/communication_spade) by extension 'ros'
[0.421s] Level 1:colcon.colcon_core.package_identification:_identify(spade-autonomousmission/communication_spade) by extensions ['cmake', 'python']
[0.421s] Level 1:colcon.colcon_core.package_identification:_identify(spade-autonomousmission/communication_spade) by extension 'cmake'
[0.421s] Level 1:colcon.colcon_core.package_identification:_identify(spade-autonomousmission/communication_spade) by extension 'python'
[0.421s] Level 1:colcon.colcon_core.package_identification:_identify(spade-autonomousmission/communication_spade) by extensions ['python_setup_py']
[0.421s] Level 1:colcon.colcon_core.package_identification:_identify(spade-autonomousmission/communication_spade) by extension 'python_setup_py'
[0.421s] Level 1:colcon.colcon_core.package_identification:_identify(spade-autonomousmission/communication_spade/mavlink) by extensions ['ignore', 'ignore_ament_install']
[0.422s] Level 1:colcon.colcon_core.package_identification:_identify(spade-autonomousmission/communication_spade/mavlink) by extension 'ignore'
[0.422s] Level 1:colcon.colcon_core.package_identification:_identify(spade-autonomousmission/communication_spade/mavlink) by extension 'ignore_ament_install'
[0.422s] Level 1:colcon.colcon_core.package_identification:_identify(spade-autonomousmission/communication_spade/mavlink) by extensions ['colcon_pkg']
[0.422s] Level 1:colcon.colcon_core.package_identification:_identify(spade-autonomousmission/communication_spade/mavlink) by extension 'colcon_pkg'
[0.422s] Level 1:colcon.colcon_core.package_identification:_identify(spade-autonomousmission/communication_spade/mavlink) by extensions ['colcon_meta']
[0.422s] Level 1:colcon.colcon_core.package_identification:_identify(spade-autonomousmission/communication_spade/mavlink) by extension 'colcon_meta'
[0.422s] Level 1:colcon.colcon_core.package_identification:_identify(spade-autonomousmission/communication_spade/mavlink) by extensions ['ros']
[0.422s] Level 1:colcon.colcon_core.package_identification:_identify(spade-autonomousmission/communication_spade/mavlink) by extension 'ros'
[0.422s] Level 1:colcon.colcon_core.package_identification:_identify(spade-autonomousmission/communication_spade/mavlink) by extensions ['cmake', 'python']
[0.422s] Level 1:colcon.colcon_core.package_identification:_identify(spade-autonomousmission/communication_spade/mavlink) by extension 'cmake'
[0.423s] Level 1:colcon.colcon_core.package_identification:_identify(spade-autonomousmission/communication_spade/mavlink) by extension 'python'
[0.423s] DEBUG:colcon.colcon_core.package_identification:Package 'spade-autonomousmission/communication_spade/mavlink' with type 'cmake' and name 'mavlink'
[0.423s] Level 1:colcon.colcon_core.package_identification:_identify(spade-autonomousmission/communication_spade/mavros) by extensions ['ignore', 'ignore_ament_install']
[0.424s] Level 1:colcon.colcon_core.package_identification:_identify(spade-autonomousmission/communication_spade/mavros) by extension 'ignore'
[0.424s] Level 1:colcon.colcon_core.package_identification:_identify(spade-autonomousmission/communication_spade/mavros) by extension 'ignore_ament_install'
[0.424s] Level 1:colcon.colcon_core.package_identification:_identify(spade-autonomousmission/communication_spade/mavros) by extensions ['colcon_pkg']
[0.424s] Level 1:colcon.colcon_core.package_identification:_identify(spade-autonomousmission/communication_spade/mavros) by extension 'colcon_pkg'
[0.424s] Level 1:colcon.colcon_core.package_identification:_identify(spade-autonomousmission/communication_spade/mavros) by extensions ['colcon_meta']
[0.424s] Level 1:colcon.colcon_core.package_identification:_identify(spade-autonomousmission/communication_spade/mavros) by extension 'colcon_meta'
[0.424s] Level 1:colcon.colcon_core.package_identification:_identify(spade-autonomousmission/communication_spade/mavros) by extensions ['ros']
[0.424s] Level 1:colcon.colcon_core.package_identification:_identify(spade-autonomousmission/communication_spade/mavros) by extension 'ros'
[0.424s] Level 1:colcon.colcon_core.package_identification:_identify(spade-autonomousmission/communication_spade/mavros) by extensions ['cmake', 'python']
[0.424s] Level 1:colcon.colcon_core.package_identification:_identify(spade-autonomousmission/communication_spade/mavros) by extension 'cmake'
[0.424s] Level 1:colcon.colcon_core.package_identification:_identify(spade-autonomousmission/communication_spade/mavros) by extension 'python'
[0.424s] Level 1:colcon.colcon_core.package_identification:_identify(spade-autonomousmission/communication_spade/mavros) by extensions ['python_setup_py']
[0.424s] Level 1:colcon.colcon_core.package_identification:_identify(spade-autonomousmission/communication_spade/mavros) by extension 'python_setup_py'
[0.424s] Level 1:colcon.colcon_core.package_identification:_identify(spade-autonomousmission/communication_spade/mavros/libmavconn) by extensions ['ignore', 'ignore_ament_install']
[0.424s] Level 1:colcon.colcon_core.package_identification:_identify(spade-autonomousmission/communication_spade/mavros/libmavconn) by extension 'ignore'
[0.424s] Level 1:colcon.colcon_core.package_identification:_identify(spade-autonomousmission/communication_spade/mavros/libmavconn) by extension 'ignore_ament_install'
[0.425s] Level 1:colcon.colcon_core.package_identification:_identify(spade-autonomousmission/communication_spade/mavros/libmavconn) by extensions ['colcon_pkg']
[0.425s] Level 1:colcon.colcon_core.package_identification:_identify(spade-autonomousmission/communication_spade/mavros/libmavconn) by extension 'colcon_pkg'
[0.425s] Level 1:colcon.colcon_core.package_identification:_identify(spade-autonomousmission/communication_spade/mavros/libmavconn) by extensions ['colcon_meta']
[0.425s] Level 1:colcon.colcon_core.package_identification:_identify(spade-autonomousmission/communication_spade/mavros/libmavconn) by extension 'colcon_meta'
[0.425s] Level 1:colcon.colcon_core.package_identification:_identify(spade-autonomousmission/communication_spade/mavros/libmavconn) by extensions ['ros']
[0.425s] Level 1:colcon.colcon_core.package_identification:_identify(spade-autonomousmission/communication_spade/mavros/libmavconn) by extension 'ros'
[0.425s] DEBUG:colcon.colcon_core.package_identification:Package 'spade-autonomousmission/communication_spade/mavros/libmavconn' with type 'ros.ament_cmake' and name 'libmavconn'
[0.425s] Level 1:colcon.colcon_core.package_identification:_identify(spade-autonomousmission/communication_spade/mavros/mavros) by extensions ['ignore', 'ignore_ament_install']
[0.425s] Level 1:colcon.colcon_core.package_identification:_identify(spade-autonomousmission/communication_spade/mavros/mavros) by extension 'ignore'
[0.425s] Level 1:colcon.colcon_core.package_identification:_identify(spade-autonomousmission/communication_spade/mavros/mavros) by extension 'ignore_ament_install'
[0.425s] Level 1:colcon.colcon_core.package_identification:_identify(spade-autonomousmission/communication_spade/mavros/mavros) by extensions ['colcon_pkg']
[0.425s] Level 1:colcon.colcon_core.package_identification:_identify(spade-autonomousmission/communication_spade/mavros/mavros) by extension 'colcon_pkg'
[0.425s] Level 1:colcon.colcon_core.package_identification:_identify(spade-autonomousmission/communication_spade/mavros/mavros) by extensions ['colcon_meta']
[0.425s] Level 1:colcon.colcon_core.package_identification:_identify(spade-autonomousmission/communication_spade/mavros/mavros) by extension 'colcon_meta'
[0.425s] Level 1:colcon.colcon_core.package_identification:_identify(spade-autonomousmission/communication_spade/mavros/mavros) by extensions ['ros']
[0.426s] Level 1:colcon.colcon_core.package_identification:_identify(spade-autonomousmission/communication_spade/mavros/mavros) by extension 'ros'
[0.433s] DEBUG:colcon.colcon_core.package_identification:Package 'spade-autonomousmission/communication_spade/mavros/mavros' with type 'ros.ament_cmake' and name 'mavros'
[0.434s] Level 1:colcon.colcon_core.package_identification:_identify(spade-autonomousmission/communication_spade/mavros/mavros_extras) by extensions ['ignore', 'ignore_ament_install']
[0.434s] Level 1:colcon.colcon_core.package_identification:_identify(spade-autonomousmission/communication_spade/mavros/mavros_extras) by extension 'ignore'
[0.434s] Level 1:colcon.colcon_core.package_identification:_identify(spade-autonomousmission/communication_spade/mavros/mavros_extras) by extension 'ignore_ament_install'
[0.434s] Level 1:colcon.colcon_core.package_identification:_identify(spade-autonomousmission/communication_spade/mavros/mavros_extras) by extensions ['colcon_pkg']
[0.434s] Level 1:colcon.colcon_core.package_identification:_identify(spade-autonomousmission/communication_spade/mavros/mavros_extras) by extension 'colcon_pkg'
[0.434s] Level 1:colcon.colcon_core.package_identification:_identify(spade-autonomousmission/communication_spade/mavros/mavros_extras) by extensions ['colcon_meta']
[0.434s] Level 1:colcon.colcon_core.package_identification:_identify(spade-autonomousmission/communication_spade/mavros/mavros_extras) by extension 'colcon_meta'
[0.434s] Level 1:colcon.colcon_core.package_identification:_identify(spade-autonomousmission/communication_spade/mavros/mavros_extras) by extensions ['ros']
[0.434s] Level 1:colcon.colcon_core.package_identification:_identify(spade-autonomousmission/communication_spade/mavros/mavros_extras) by extension 'ros'
[0.435s] DEBUG:colcon.colcon_core.package_identification:Package 'spade-autonomousmission/communication_spade/mavros/mavros_extras' with type 'ros.ament_cmake' and name 'mavros_extras'
[0.436s] Level 1:colcon.colcon_core.package_identification:_identify(spade-autonomousmission/communication_spade/mavros/mavros_msgs) by extensions ['ignore', 'ignore_ament_install']
[0.436s] Level 1:colcon.colcon_core.package_identification:_identify(spade-autonomousmission/communication_spade/mavros/mavros_msgs) by extension 'ignore'
[0.436s] Level 1:colcon.colcon_core.package_identification:_identify(spade-autonomousmission/communication_spade/mavros/mavros_msgs) by extension 'ignore_ament_install'
[0.436s] Level 1:colcon.colcon_core.package_identification:_identify(spade-autonomousmission/communication_spade/mavros/mavros_msgs) by extensions ['colcon_pkg']
[0.436s] Level 1:colcon.colcon_core.package_identification:_identify(spade-autonomousmission/communication_spade/mavros/mavros_msgs) by extension 'colcon_pkg'
[0.436s] Level 1:colcon.colcon_core.package_identification:_identify(spade-autonomousmission/communication_spade/mavros/mavros_msgs) by extensions ['colcon_meta']
[0.436s] Level 1:colcon.colcon_core.package_identification:_identify(spade-autonomousmission/communication_spade/mavros/mavros_msgs) by extension 'colcon_meta'
[0.436s] Level 1:colcon.colcon_core.package_identification:_identify(spade-autonomousmission/communication_spade/mavros/mavros_msgs) by extensions ['ros']
[0.436s] Level 1:colcon.colcon_core.package_identification:_identify(spade-autonomousmission/communication_spade/mavros/mavros_msgs) by extension 'ros'
[0.436s] DEBUG:colcon.colcon_core.package_identification:Package 'spade-autonomousmission/communication_spade/mavros/mavros_msgs' with type 'ros.ament_cmake' and name 'mavros_msgs'
[0.437s] Level 1:colcon.colcon_core.package_identification:_identify(spade-autonomousmission/communication_spade/mavros/test_mavros) by extensions ['ignore', 'ignore_ament_install']
[0.437s] Level 1:colcon.colcon_core.package_identification:_identify(spade-autonomousmission/communication_spade/mavros/test_mavros) by extension 'ignore'
[0.437s] Level 1:colcon.colcon_core.package_identification:_identify(spade-autonomousmission/communication_spade/mavros/test_mavros) ignored
[0.437s] Level 1:colcon.colcon_core.package_identification:_identify(spade-autonomousmission/lio_ws) by extensions ['ignore', 'ignore_ament_install']
[0.437s] Level 1:colcon.colcon_core.package_identification:_identify(spade-autonomousmission/lio_ws) by extension 'ignore'
[0.437s] Level 1:colcon.colcon_core.package_identification:_identify(spade-autonomousmission/lio_ws) by extension 'ignore_ament_install'
[0.437s] Level 1:colcon.colcon_core.package_identification:_identify(spade-autonomousmission/lio_ws) by extensions ['colcon_pkg']
[0.437s] Level 1:colcon.colcon_core.package_identification:_identify(spade-autonomousmission/lio_ws) by extension 'colcon_pkg'
[0.437s] Level 1:colcon.colcon_core.package_identification:_identify(spade-autonomousmission/lio_ws) by extensions ['colcon_meta']
[0.437s] Level 1:colcon.colcon_core.package_identification:_identify(spade-autonomousmission/lio_ws) by extension 'colcon_meta'
[0.437s] Level 1:colcon.colcon_core.package_identification:_identify(spade-autonomousmission/lio_ws) by extensions ['ros']
[0.437s] Level 1:colcon.colcon_core.package_identification:_identify(spade-autonomousmission/lio_ws) by extension 'ros'
[0.437s] Level 1:colcon.colcon_core.package_identification:_identify(spade-autonomousmission/lio_ws) by extensions ['cmake', 'python']
[0.437s] Level 1:colcon.colcon_core.package_identification:_identify(spade-autonomousmission/lio_ws) by extension 'cmake'
[0.437s] Level 1:colcon.colcon_core.package_identification:_identify(spade-autonomousmission/lio_ws) by extension 'python'
[0.437s] Level 1:colcon.colcon_core.package_identification:_identify(spade-autonomousmission/lio_ws) by extensions ['python_setup_py']
[0.437s] Level 1:colcon.colcon_core.package_identification:_identify(spade-autonomousmission/lio_ws) by extension 'python_setup_py'
[0.437s] Level 1:colcon.colcon_core.package_identification:_identify(spade-autonomousmission/lio_ws/Livox-SDK2) by extensions ['ignore', 'ignore_ament_install']
[0.437s] Level 1:colcon.colcon_core.package_identification:_identify(spade-autonomousmission/lio_ws/Livox-SDK2) by extension 'ignore'
[0.437s] Level 1:colcon.colcon_core.package_identification:_identify(spade-autonomousmission/lio_ws/Livox-SDK2) by extension 'ignore_ament_install'
[0.437s] Level 1:colcon.colcon_core.package_identification:_identify(spade-autonomousmission/lio_ws/Livox-SDK2) by extensions ['colcon_pkg']
[0.437s] Level 1:colcon.colcon_core.package_identification:_identify(spade-autonomousmission/lio_ws/Livox-SDK2) by extension 'colcon_pkg'
[0.437s] Level 1:colcon.colcon_core.package_identification:_identify(spade-autonomousmission/lio_ws/Livox-SDK2) by extensions ['colcon_meta']
[0.437s] Level 1:colcon.colcon_core.package_identification:_identify(spade-autonomousmission/lio_ws/Livox-SDK2) by extension 'colcon_meta'
[0.437s] Level 1:colcon.colcon_core.package_identification:_identify(spade-autonomousmission/lio_ws/Livox-SDK2) by extensions ['ros']
[0.437s] Level 1:colcon.colcon_core.package_identification:_identify(spade-autonomousmission/lio_ws/Livox-SDK2) by extension 'ros'
[0.437s] Level 1:colcon.colcon_core.package_identification:_identify(spade-autonomousmission/lio_ws/Livox-SDK2) by extensions ['cmake', 'python']
[0.437s] Level 1:colcon.colcon_core.package_identification:_identify(spade-autonomousmission/lio_ws/Livox-SDK2) by extension 'cmake'
[0.438s] Level 1:colcon.colcon_core.package_identification:_identify(spade-autonomousmission/lio_ws/Livox-SDK2) by extension 'python'
[0.438s] DEBUG:colcon.colcon_core.package_identification:Package 'spade-autonomousmission/lio_ws/Livox-SDK2' with type 'cmake' and name 'livox_sdk2'
[0.439s] Level 1:colcon.colcon_core.package_identification:_identify(spade-autonomousmission/lio_ws/slam_ws) by extensions ['ignore', 'ignore_ament_install']
[0.439s] Level 1:colcon.colcon_core.package_identification:_identify(spade-autonomousmission/lio_ws/slam_ws) by extension 'ignore'
[0.439s] Level 1:colcon.colcon_core.package_identification:_identify(spade-autonomousmission/lio_ws/slam_ws) by extension 'ignore_ament_install'
[0.439s] Level 1:colcon.colcon_core.package_identification:_identify(spade-autonomousmission/lio_ws/slam_ws) by extensions ['colcon_pkg']
[0.439s] Level 1:colcon.colcon_core.package_identification:_identify(spade-autonomousmission/lio_ws/slam_ws) by extension 'colcon_pkg'
[0.439s] Level 1:colcon.colcon_core.package_identification:_identify(spade-autonomousmission/lio_ws/slam_ws) by extensions ['colcon_meta']
[0.439s] Level 1:colcon.colcon_core.package_identification:_identify(spade-autonomousmission/lio_ws/slam_ws) by extension 'colcon_meta'
[0.439s] Level 1:colcon.colcon_core.package_identification:_identify(spade-autonomousmission/lio_ws/slam_ws) by extensions ['ros']
[0.439s] Level 1:colcon.colcon_core.package_identification:_identify(spade-autonomousmission/lio_ws/slam_ws) by extension 'ros'
[0.439s] Level 1:colcon.colcon_core.package_identification:_identify(spade-autonomousmission/lio_ws/slam_ws) by extensions ['cmake', 'python']
[0.439s] Level 1:colcon.colcon_core.package_identification:_identify(spade-autonomousmission/lio_ws/slam_ws) by extension 'cmake'
[0.439s] Level 1:colcon.colcon_core.package_identification:_identify(spade-autonomousmission/lio_ws/slam_ws) by extension 'python'
[0.439s] Level 1:colcon.colcon_core.package_identification:_identify(spade-autonomousmission/lio_ws/slam_ws) by extensions ['python_setup_py']
[0.439s] Level 1:colcon.colcon_core.package_identification:_identify(spade-autonomousmission/lio_ws/slam_ws) by extension 'python_setup_py'
[0.439s] Level 1:colcon.colcon_core.package_identification:_identify(spade-autonomousmission/lio_ws/slam_ws/src) by extensions ['ignore', 'ignore_ament_install']
[0.439s] Level 1:colcon.colcon_core.package_identification:_identify(spade-autonomousmission/lio_ws/slam_ws/src) by extension 'ignore'
[0.439s] Level 1:colcon.colcon_core.package_identification:_identify(spade-autonomousmission/lio_ws/slam_ws/src) by extension 'ignore_ament_install'
[0.439s] Level 1:colcon.colcon_core.package_identification:_identify(spade-autonomousmission/lio_ws/slam_ws/src) by extensions ['colcon_pkg']
[0.439s] Level 1:colcon.colcon_core.package_identification:_identify(spade-autonomousmission/lio_ws/slam_ws/src) by extension 'colcon_pkg'
[0.439s] Level 1:colcon.colcon_core.package_identification:_identify(spade-autonomousmission/lio_ws/slam_ws/src) by extensions ['colcon_meta']
[0.439s] Level 1:colcon.colcon_core.package_identification:_identify(spade-autonomousmission/lio_ws/slam_ws/src) by extension 'colcon_meta'
[0.439s] Level 1:colcon.colcon_core.package_identification:_identify(spade-autonomousmission/lio_ws/slam_ws/src) by extensions ['ros']
[0.439s] Level 1:colcon.colcon_core.package_identification:_identify(spade-autonomousmission/lio_ws/slam_ws/src) by extension 'ros'
[0.439s] Level 1:colcon.colcon_core.package_identification:_identify(spade-autonomousmission/lio_ws/slam_ws/src) by extensions ['cmake', 'python']
[0.439s] Level 1:colcon.colcon_core.package_identification:_identify(spade-autonomousmission/lio_ws/slam_ws/src) by extension 'cmake'
[0.439s] Level 1:colcon.colcon_core.package_identification:_identify(spade-autonomousmission/lio_ws/slam_ws/src) by extension 'python'
[0.439s] Level 1:colcon.colcon_core.package_identification:_identify(spade-autonomousmission/lio_ws/slam_ws/src) by extensions ['python_setup_py']
[0.439s] Level 1:colcon.colcon_core.package_identification:_identify(spade-autonomousmission/lio_ws/slam_ws/src) by extension 'python_setup_py'
[0.439s] Level 1:colcon.colcon_core.package_identification:_identify(spade-autonomousmission/lio_ws/slam_ws/src/FAST_LIO) by extensions ['ignore', 'ignore_ament_install']
[0.439s] Level 1:colcon.colcon_core.package_identification:_identify(spade-autonomousmission/lio_ws/slam_ws/src/FAST_LIO) by extension 'ignore'
[0.439s] Level 1:colcon.colcon_core.package_identification:_identify(spade-autonomousmission/lio_ws/slam_ws/src/FAST_LIO) by extension 'ignore_ament_install'
[0.440s] Level 1:colcon.colcon_core.package_identification:_identify(spade-autonomousmission/lio_ws/slam_ws/src/FAST_LIO) by extensions ['colcon_pkg']
[0.440s] Level 1:colcon.colcon_core.package_identification:_identify(spade-autonomousmission/lio_ws/slam_ws/src/FAST_LIO) by extension 'colcon_pkg'
[0.440s] Level 1:colcon.colcon_core.package_identification:_identify(spade-autonomousmission/lio_ws/slam_ws/src/FAST_LIO) by extensions ['colcon_meta']
[0.440s] Level 1:colcon.colcon_core.package_identification:_identify(spade-autonomousmission/lio_ws/slam_ws/src/FAST_LIO) by extension 'colcon_meta'
[0.440s] Level 1:colcon.colcon_core.package_identification:_identify(spade-autonomousmission/lio_ws/slam_ws/src/FAST_LIO) by extensions ['ros']
[0.440s] Level 1:colcon.colcon_core.package_identification:_identify(spade-autonomousmission/lio_ws/slam_ws/src/FAST_LIO) by extension 'ros'
[0.441s] DEBUG:colcon.colcon_core.package_identification:Package 'spade-autonomousmission/lio_ws/slam_ws/src/FAST_LIO' with type 'ros.ament_cmake' and name 'fast_lio'
[0.441s] Level 1:colcon.colcon_core.package_identification:_identify(spade-autonomousmission/lio_ws/ws_livox) by extensions ['ignore', 'ignore_ament_install']
[0.441s] Level 1:colcon.colcon_core.package_identification:_identify(spade-autonomousmission/lio_ws/ws_livox) by extension 'ignore'
[0.441s] Level 1:colcon.colcon_core.package_identification:_identify(spade-autonomousmission/lio_ws/ws_livox) by extension 'ignore_ament_install'
[0.441s] Level 1:colcon.colcon_core.package_identification:_identify(spade-autonomousmission/lio_ws/ws_livox) by extensions ['colcon_pkg']
[0.441s] Level 1:colcon.colcon_core.package_identification:_identify(spade-autonomousmission/lio_ws/ws_livox) by extension 'colcon_pkg'
[0.441s] Level 1:colcon.colcon_core.package_identification:_identify(spade-autonomousmission/lio_ws/ws_livox) by extensions ['colcon_meta']
[0.441s] Level 1:colcon.colcon_core.package_identification:_identify(spade-autonomousmission/lio_ws/ws_livox) by extension 'colcon_meta'
[0.441s] Level 1:colcon.colcon_core.package_identification:_identify(spade-autonomousmission/lio_ws/ws_livox) by extensions ['ros']
[0.441s] Level 1:colcon.colcon_core.package_identification:_identify(spade-autonomousmission/lio_ws/ws_livox) by extension 'ros'
[0.441s] Level 1:colcon.colcon_core.package_identification:_identify(spade-autonomousmission/lio_ws/ws_livox) by extensions ['cmake', 'python']
[0.441s] Level 1:colcon.colcon_core.package_identification:_identify(spade-autonomousmission/lio_ws/ws_livox) by extension 'cmake'
[0.441s] Level 1:colcon.colcon_core.package_identification:_identify(spade-autonomousmission/lio_ws/ws_livox) by extension 'python'
[0.441s] Level 1:colcon.colcon_core.package_identification:_identify(spade-autonomousmission/lio_ws/ws_livox) by extensions ['python_setup_py']
[0.441s] Level 1:colcon.colcon_core.package_identification:_identify(spade-autonomousmission/lio_ws/ws_livox) by extension 'python_setup_py'
[0.441s] Level 1:colcon.colcon_core.package_identification:_identify(spade-autonomousmission/lio_ws/ws_livox/src) by extensions ['ignore', 'ignore_ament_install']
[0.441s] Level 1:colcon.colcon_core.package_identification:_identify(spade-autonomousmission/lio_ws/ws_livox/src) by extension 'ignore'
[0.441s] Level 1:colcon.colcon_core.package_identification:_identify(spade-autonomousmission/lio_ws/ws_livox/src) by extension 'ignore_ament_install'
[0.441s] Level 1:colcon.colcon_core.package_identification:_identify(spade-autonomousmission/lio_ws/ws_livox/src) by extensions ['colcon_pkg']
[0.441s] Level 1:colcon.colcon_core.package_identification:_identify(spade-autonomousmission/lio_ws/ws_livox/src) by extension 'colcon_pkg'
[0.441s] Level 1:colcon.colcon_core.package_identification:_identify(spade-autonomousmission/lio_ws/ws_livox/src) by extensions ['colcon_meta']
[0.441s] Level 1:colcon.colcon_core.package_identification:_identify(spade-autonomousmission/lio_ws/ws_livox/src) by extension 'colcon_meta'
[0.441s] Level 1:colcon.colcon_core.package_identification:_identify(spade-autonomousmission/lio_ws/ws_livox/src) by extensions ['ros']
[0.441s] Level 1:colcon.colcon_core.package_identification:_identify(spade-autonomousmission/lio_ws/ws_livox/src) by extension 'ros'
[0.441s] Level 1:colcon.colcon_core.package_identification:_identify(spade-autonomousmission/lio_ws/ws_livox/src) by extensions ['cmake', 'python']
[0.441s] Level 1:colcon.colcon_core.package_identification:_identify(spade-autonomousmission/lio_ws/ws_livox/src) by extension 'cmake'
[0.441s] Level 1:colcon.colcon_core.package_identification:_identify(spade-autonomousmission/lio_ws/ws_livox/src) by extension 'python'
[0.441s] Level 1:colcon.colcon_core.package_identification:_identify(spade-autonomousmission/lio_ws/ws_livox/src) by extensions ['python_setup_py']
[0.441s] Level 1:colcon.colcon_core.package_identification:_identify(spade-autonomousmission/lio_ws/ws_livox/src) by extension 'python_setup_py'
[0.441s] Level 1:colcon.colcon_core.package_identification:_identify(spade-autonomousmission/lio_ws/ws_livox/src/livox_ros_driver2) by extensions ['ignore', 'ignore_ament_install']
[0.442s] Level 1:colcon.colcon_core.package_identification:_identify(spade-autonomousmission/lio_ws/ws_livox/src/livox_ros_driver2) by extension 'ignore'
[0.442s] Level 1:colcon.colcon_core.package_identification:_identify(spade-autonomousmission/lio_ws/ws_livox/src/livox_ros_driver2) by extension 'ignore_ament_install'
[0.442s] Level 1:colcon.colcon_core.package_identification:_identify(spade-autonomousmission/lio_ws/ws_livox/src/livox_ros_driver2) by extensions ['colcon_pkg']
[0.442s] Level 1:colcon.colcon_core.package_identification:_identify(spade-autonomousmission/lio_ws/ws_livox/src/livox_ros_driver2) by extension 'colcon_pkg'
[0.442s] Level 1:colcon.colcon_core.package_identification:_identify(spade-autonomousmission/lio_ws/ws_livox/src/livox_ros_driver2) by extensions ['colcon_meta']
[0.442s] Level 1:colcon.colcon_core.package_identification:_identify(spade-autonomousmission/lio_ws/ws_livox/src/livox_ros_driver2) by extension 'colcon_meta'
[0.442s] Level 1:colcon.colcon_core.package_identification:_identify(spade-autonomousmission/lio_ws/ws_livox/src/livox_ros_driver2) by extensions ['ros']
[0.442s] Level 1:colcon.colcon_core.package_identification:_identify(spade-autonomousmission/lio_ws/ws_livox/src/livox_ros_driver2) by extension 'ros'
[0.442s] Level 1:colcon.colcon_core.package_identification:_identify(spade-autonomousmission/lio_ws/ws_livox/src/livox_ros_driver2) by extensions ['cmake', 'python']
[0.442s] Level 1:colcon.colcon_core.package_identification:_identify(spade-autonomousmission/lio_ws/ws_livox/src/livox_ros_driver2) by extension 'cmake'
[0.443s] Level 1:colcon.colcon_core.package_identification:_identify(spade-autonomousmission/lio_ws/ws_livox/src/livox_ros_driver2) by extension 'python'
[0.443s] DEBUG:colcon.colcon_core.package_identification:Package 'spade-autonomousmission/lio_ws/ws_livox/src/livox_ros_driver2' with type 'cmake' and name 'livox_ros_driver2'
[0.443s] Level 1:colcon.colcon_core.package_identification:_identify(spade-autonomousmission/planner_spade) by extensions ['ignore', 'ignore_ament_install']
[0.443s] Level 1:colcon.colcon_core.package_identification:_identify(spade-autonomousmission/planner_spade) by extension 'ignore'
[0.443s] Level 1:colcon.colcon_core.package_identification:_identify(spade-autonomousmission/planner_spade) by extension 'ignore_ament_install'
[0.443s] Level 1:colcon.colcon_core.package_identification:_identify(spade-autonomousmission/planner_spade) by extensions ['colcon_pkg']
[0.443s] Level 1:colcon.colcon_core.package_identification:_identify(spade-autonomousmission/planner_spade) by extension 'colcon_pkg'
[0.443s] Level 1:colcon.colcon_core.package_identification:_identify(spade-autonomousmission/planner_spade) by extensions ['colcon_meta']
[0.443s] Level 1:colcon.colcon_core.package_identification:_identify(spade-autonomousmission/planner_spade) by extension 'colcon_meta'
[0.443s] Level 1:colcon.colcon_core.package_identification:_identify(spade-autonomousmission/planner_spade) by extensions ['ros']
[0.443s] Level 1:colcon.colcon_core.package_identification:_identify(spade-autonomousmission/planner_spade) by extension 'ros'
[0.443s] Level 1:colcon.colcon_core.package_identification:_identify(spade-autonomousmission/planner_spade) by extensions ['cmake', 'python']
[0.443s] Level 1:colcon.colcon_core.package_identification:_identify(spade-autonomousmission/planner_spade) by extension 'cmake'
[0.443s] Level 1:colcon.colcon_core.package_identification:_identify(spade-autonomousmission/planner_spade) by extension 'python'
[0.443s] Level 1:colcon.colcon_core.package_identification:_identify(spade-autonomousmission/planner_spade) by extensions ['python_setup_py']
[0.443s] Level 1:colcon.colcon_core.package_identification:_identify(spade-autonomousmission/planner_spade) by extension 'python_setup_py'
[0.443s] Level 1:colcon.colcon_core.package_identification:_identify(spade-autonomousmission/planner_spade/planner_ws) by extensions ['ignore', 'ignore_ament_install']
[0.443s] Level 1:colcon.colcon_core.package_identification:_identify(spade-autonomousmission/planner_spade/planner_ws) by extension 'ignore'
[0.443s] Level 1:colcon.colcon_core.package_identification:_identify(spade-autonomousmission/planner_spade/planner_ws) by extension 'ignore_ament_install'
[0.443s] Level 1:colcon.colcon_core.package_identification:_identify(spade-autonomousmission/planner_spade/planner_ws) by extensions ['colcon_pkg']
[0.443s] Level 1:colcon.colcon_core.package_identification:_identify(spade-autonomousmission/planner_spade/planner_ws) by extension 'colcon_pkg'
[0.443s] Level 1:colcon.colcon_core.package_identification:_identify(spade-autonomousmission/planner_spade/planner_ws) by extensions ['colcon_meta']
[0.443s] Level 1:colcon.colcon_core.package_identification:_identify(spade-autonomousmission/planner_spade/planner_ws) by extension 'colcon_meta'
[0.443s] Level 1:colcon.colcon_core.package_identification:_identify(spade-autonomousmission/planner_spade/planner_ws) by extensions ['ros']
[0.443s] Level 1:colcon.colcon_core.package_identification:_identify(spade-autonomousmission/planner_spade/planner_ws) by extension 'ros'
[0.443s] Level 1:colcon.colcon_core.package_identification:_identify(spade-autonomousmission/planner_spade/planner_ws) by extensions ['cmake', 'python']
[0.443s] Level 1:colcon.colcon_core.package_identification:_identify(spade-autonomousmission/planner_spade/planner_ws) by extension 'cmake'
[0.443s] Level 1:colcon.colcon_core.package_identification:_identify(spade-autonomousmission/planner_spade/planner_ws) by extension 'python'
[0.443s] Level 1:colcon.colcon_core.package_identification:_identify(spade-autonomousmission/planner_spade/planner_ws) by extensions ['python_setup_py']
[0.443s] Level 1:colcon.colcon_core.package_identification:_identify(spade-autonomousmission/planner_spade/planner_ws) by extension 'python_setup_py'
[0.443s] Level 1:colcon.colcon_core.package_identification:_identify(spade-autonomousmission/planner_spade/planner_ws/src) by extensions ['ignore', 'ignore_ament_install']
[0.443s] Level 1:colcon.colcon_core.package_identification:_identify(spade-autonomousmission/planner_spade/planner_ws/src) by extension 'ignore'
[0.443s] Level 1:colcon.colcon_core.package_identification:_identify(spade-autonomousmission/planner_spade/planner_ws/src) by extension 'ignore_ament_install'
[0.443s] Level 1:colcon.colcon_core.package_identification:_identify(spade-autonomousmission/planner_spade/planner_ws/src) by extensions ['colcon_pkg']
[0.444s] Level 1:colcon.colcon_core.package_identification:_identify(spade-autonomousmission/planner_spade/planner_ws/src) by extension 'colcon_pkg'
[0.444s] Level 1:colcon.colcon_core.package_identification:_identify(spade-autonomousmission/planner_spade/planner_ws/src) by extensions ['colcon_meta']
[0.444s] Level 1:colcon.colcon_core.package_identification:_identify(spade-autonomousmission/planner_spade/planner_ws/src) by extension 'colcon_meta'
[0.444s] Level 1:colcon.colcon_core.package_identification:_identify(spade-autonomousmission/planner_spade/planner_ws/src) by extensions ['ros']
[0.444s] Level 1:colcon.colcon_core.package_identification:_identify(spade-autonomousmission/planner_spade/planner_ws/src) by extension 'ros'
[0.444s] Level 1:colcon.colcon_core.package_identification:_identify(spade-autonomousmission/planner_spade/planner_ws/src) by extensions ['cmake', 'python']
[0.444s] Level 1:colcon.colcon_core.package_identification:_identify(spade-autonomousmission/planner_spade/planner_ws/src) by extension 'cmake'
[0.444s] Level 1:colcon.colcon_core.package_identification:_identify(spade-autonomousmission/planner_spade/planner_ws/src) by extension 'python'
[0.444s] Level 1:colcon.colcon_core.package_identification:_identify(spade-autonomousmission/planner_spade/planner_ws/src) by extensions ['python_setup_py']
[0.444s] Level 1:colcon.colcon_core.package_identification:_identify(spade-autonomousmission/planner_spade/planner_ws/src) by extension 'python_setup_py'
[0.444s] Level 1:colcon.colcon_core.package_identification:_identify(spade-autonomousmission/planner_spade/planner_ws/src/FUEL) by extensions ['ignore', 'ignore_ament_install']
[0.444s] Level 1:colcon.colcon_core.package_identification:_identify(spade-autonomousmission/planner_spade/planner_ws/src/FUEL) by extension 'ignore'
[0.444s] Level 1:colcon.colcon_core.package_identification:_identify(spade-autonomousmission/planner_spade/planner_ws/src/FUEL) by extension 'ignore_ament_install'
[0.444s] Level 1:colcon.colcon_core.package_identification:_identify(spade-autonomousmission/planner_spade/planner_ws/src/FUEL) by extensions ['colcon_pkg']
[0.444s] Level 1:colcon.colcon_core.package_identification:_identify(spade-autonomousmission/planner_spade/planner_ws/src/FUEL) by extension 'colcon_pkg'
[0.444s] Level 1:colcon.colcon_core.package_identification:_identify(spade-autonomousmission/planner_spade/planner_ws/src/FUEL) by extensions ['colcon_meta']
[0.444s] Level 1:colcon.colcon_core.package_identification:_identify(spade-autonomousmission/planner_spade/planner_ws/src/FUEL) by extension 'colcon_meta'
[0.444s] Level 1:colcon.colcon_core.package_identification:_identify(spade-autonomousmission/planner_spade/planner_ws/src/FUEL) by extensions ['ros']
[0.444s] Level 1:colcon.colcon_core.package_identification:_identify(spade-autonomousmission/planner_spade/planner_ws/src/FUEL) by extension 'ros'
[0.444s] Level 1:colcon.colcon_core.package_identification:_identify(spade-autonomousmission/planner_spade/planner_ws/src/FUEL) by extensions ['cmake', 'python']
[0.444s] Level 1:colcon.colcon_core.package_identification:_identify(spade-autonomousmission/planner_spade/planner_ws/src/FUEL) by extension 'cmake'
[0.444s] Level 1:colcon.colcon_core.package_identification:_identify(spade-autonomousmission/planner_spade/planner_ws/src/FUEL) by extension 'python'
[0.444s] Level 1:colcon.colcon_core.package_identification:_identify(spade-autonomousmission/planner_spade/planner_ws/src/FUEL) by extensions ['python_setup_py']
[0.444s] Level 1:colcon.colcon_core.package_identification:_identify(spade-autonomousmission/planner_spade/planner_ws/src/FUEL) by extension 'python_setup_py'
[0.444s] Level 1:colcon.colcon_core.package_identification:_identify(spade-autonomousmission/planner_spade/planner_ws/src/FUEL/fuel_planner) by extensions ['ignore', 'ignore_ament_install']
[0.444s] Level 1:colcon.colcon_core.package_identification:_identify(spade-autonomousmission/planner_spade/planner_ws/src/FUEL/fuel_planner) by extension 'ignore'
[0.444s] Level 1:colcon.colcon_core.package_identification:_identify(spade-autonomousmission/planner_spade/planner_ws/src/FUEL/fuel_planner) by extension 'ignore_ament_install'
[0.444s] Level 1:colcon.colcon_core.package_identification:_identify(spade-autonomousmission/planner_spade/planner_ws/src/FUEL/fuel_planner) by extensions ['colcon_pkg']
[0.444s] Level 1:colcon.colcon_core.package_identification:_identify(spade-autonomousmission/planner_spade/planner_ws/src/FUEL/fuel_planner) by extension 'colcon_pkg'
[0.444s] Level 1:colcon.colcon_core.package_identification:_identify(spade-autonomousmission/planner_spade/planner_ws/src/FUEL/fuel_planner) by extensions ['colcon_meta']
[0.444s] Level 1:colcon.colcon_core.package_identification:_identify(spade-autonomousmission/planner_spade/planner_ws/src/FUEL/fuel_planner) by extension 'colcon_meta'
[0.444s] Level 1:colcon.colcon_core.package_identification:_identify(spade-autonomousmission/planner_spade/planner_ws/src/FUEL/fuel_planner) by extensions ['ros']
[0.444s] Level 1:colcon.colcon_core.package_identification:_identify(spade-autonomousmission/planner_spade/planner_ws/src/FUEL/fuel_planner) by extension 'ros'
[0.444s] Level 1:colcon.colcon_core.package_identification:_identify(spade-autonomousmission/planner_spade/planner_ws/src/FUEL/fuel_planner) by extensions ['cmake', 'python']
[0.444s] Level 1:colcon.colcon_core.package_identification:_identify(spade-autonomousmission/planner_spade/planner_ws/src/FUEL/fuel_planner) by extension 'cmake'
[0.444s] Level 1:colcon.colcon_core.package_identification:_identify(spade-autonomousmission/planner_spade/planner_ws/src/FUEL/fuel_planner) by extension 'python'
[0.445s] Level 1:colcon.colcon_core.package_identification:_identify(spade-autonomousmission/planner_spade/planner_ws/src/FUEL/fuel_planner) by extensions ['python_setup_py']
[0.445s] Level 1:colcon.colcon_core.package_identification:_identify(spade-autonomousmission/planner_spade/planner_ws/src/FUEL/fuel_planner) by extension 'python_setup_py'
[0.445s] Level 1:colcon.colcon_core.package_identification:_identify(spade-autonomousmission/planner_spade/planner_ws/src/FUEL/fuel_planner/active_perception) by extensions ['ignore', 'ignore_ament_install']
[0.445s] Level 1:colcon.colcon_core.package_identification:_identify(spade-autonomousmission/planner_spade/planner_ws/src/FUEL/fuel_planner/active_perception) by extension 'ignore'
[0.445s] Level 1:colcon.colcon_core.package_identification:_identify(spade-autonomousmission/planner_spade/planner_ws/src/FUEL/fuel_planner/active_perception) by extension 'ignore_ament_install'
[0.445s] Level 1:colcon.colcon_core.package_identification:_identify(spade-autonomousmission/planner_spade/planner_ws/src/FUEL/fuel_planner/active_perception) by extensions ['colcon_pkg']
[0.445s] Level 1:colcon.colcon_core.package_identification:_identify(spade-autonomousmission/planner_spade/planner_ws/src/FUEL/fuel_planner/active_perception) by extension 'colcon_pkg'
[0.445s] Level 1:colcon.colcon_core.package_identification:_identify(spade-autonomousmission/planner_spade/planner_ws/src/FUEL/fuel_planner/active_perception) by extensions ['colcon_meta']
[0.445s] Level 1:colcon.colcon_core.package_identification:_identify(spade-autonomousmission/planner_spade/planner_ws/src/FUEL/fuel_planner/active_perception) by extension 'colcon_meta'
[0.445s] Level 1:colcon.colcon_core.package_identification:_identify(spade-autonomousmission/planner_spade/planner_ws/src/FUEL/fuel_planner/active_perception) by extensions ['ros']
[0.445s] Level 1:colcon.colcon_core.package_identification:_identify(spade-autonomousmission/planner_spade/planner_ws/src/FUEL/fuel_planner/active_perception) by extension 'ros'
[0.445s] DEBUG:colcon.colcon_core.package_identification:Package 'spade-autonomousmission/planner_spade/planner_ws/src/FUEL/fuel_planner/active_perception' with type 'ros.ament_cmake' and name 'active_perception'
[0.446s] Level 1:colcon.colcon_core.package_identification:_identify(spade-autonomousmission/planner_spade/planner_ws/src/FUEL/fuel_planner/bag) by extensions ['ignore', 'ignore_ament_install']
[0.446s] Level 1:colcon.colcon_core.package_identification:_identify(spade-autonomousmission/planner_spade/planner_ws/src/FUEL/fuel_planner/bag) by extension 'ignore'
[0.446s] Level 1:colcon.colcon_core.package_identification:_identify(spade-autonomousmission/planner_spade/planner_ws/src/FUEL/fuel_planner/bag) by extension 'ignore_ament_install'
[0.446s] Level 1:colcon.colcon_core.package_identification:_identify(spade-autonomousmission/planner_spade/planner_ws/src/FUEL/fuel_planner/bag) by extensions ['colcon_pkg']
[0.446s] Level 1:colcon.colcon_core.package_identification:_identify(spade-autonomousmission/planner_spade/planner_ws/src/FUEL/fuel_planner/bag) by extension 'colcon_pkg'
[0.446s] Level 1:colcon.colcon_core.package_identification:_identify(spade-autonomousmission/planner_spade/planner_ws/src/FUEL/fuel_planner/bag) by extensions ['colcon_meta']
[0.446s] Level 1:colcon.colcon_core.package_identification:_identify(spade-autonomousmission/planner_spade/planner_ws/src/FUEL/fuel_planner/bag) by extension 'colcon_meta'
[0.446s] Level 1:colcon.colcon_core.package_identification:_identify(spade-autonomousmission/planner_spade/planner_ws/src/FUEL/fuel_planner/bag) by extensions ['ros']
[0.446s] Level 1:colcon.colcon_core.package_identification:_identify(spade-autonomousmission/planner_spade/planner_ws/src/FUEL/fuel_planner/bag) by extension 'ros'
[0.446s] Level 1:colcon.colcon_core.package_identification:_identify(spade-autonomousmission/planner_spade/planner_ws/src/FUEL/fuel_planner/bag) by extensions ['cmake', 'python']
[0.446s] Level 1:colcon.colcon_core.package_identification:_identify(spade-autonomousmission/planner_spade/planner_ws/src/FUEL/fuel_planner/bag) by extension 'cmake'
[0.446s] Level 1:colcon.colcon_core.package_identification:_identify(spade-autonomousmission/planner_spade/planner_ws/src/FUEL/fuel_planner/bag) by extension 'python'
[0.446s] Level 1:colcon.colcon_core.package_identification:_identify(spade-autonomousmission/planner_spade/planner_ws/src/FUEL/fuel_planner/bag) by extensions ['python_setup_py']
[0.446s] Level 1:colcon.colcon_core.package_identification:_identify(spade-autonomousmission/planner_spade/planner_ws/src/FUEL/fuel_planner/bag) by extension 'python_setup_py'
[0.446s] Level 1:colcon.colcon_core.package_identification:_identify(spade-autonomousmission/planner_spade/planner_ws/src/FUEL/fuel_planner/bspline) by extensions ['ignore', 'ignore_ament_install']
[0.446s] Level 1:colcon.colcon_core.package_identification:_identify(spade-autonomousmission/planner_spade/planner_ws/src/FUEL/fuel_planner/bspline) by extension 'ignore'
[0.446s] Level 1:colcon.colcon_core.package_identification:_identify(spade-autonomousmission/planner_spade/planner_ws/src/FUEL/fuel_planner/bspline) by extension 'ignore_ament_install'
[0.446s] Level 1:colcon.colcon_core.package_identification:_identify(spade-autonomousmission/planner_spade/planner_ws/src/FUEL/fuel_planner/bspline) by extensions ['colcon_pkg']
[0.446s] Level 1:colcon.colcon_core.package_identification:_identify(spade-autonomousmission/planner_spade/planner_ws/src/FUEL/fuel_planner/bspline) by extension 'colcon_pkg'
[0.446s] Level 1:colcon.colcon_core.package_identification:_identify(spade-autonomousmission/planner_spade/planner_ws/src/FUEL/fuel_planner/bspline) by extensions ['colcon_meta']
[0.446s] Level 1:colcon.colcon_core.package_identification:_identify(spade-autonomousmission/planner_spade/planner_ws/src/FUEL/fuel_planner/bspline) by extension 'colcon_meta'
[0.446s] Level 1:colcon.colcon_core.package_identification:_identify(spade-autonomousmission/planner_spade/planner_ws/src/FUEL/fuel_planner/bspline) by extensions ['ros']
[0.446s] Level 1:colcon.colcon_core.package_identification:_identify(spade-autonomousmission/planner_spade/planner_ws/src/FUEL/fuel_planner/bspline) by extension 'ros'
[0.447s] DEBUG:colcon.colcon_core.package_identification:Package 'spade-autonomousmission/planner_spade/planner_ws/src/FUEL/fuel_planner/bspline' with type 'ros.ament_cmake' and name 'bspline'
[0.447s] Level 1:colcon.colcon_core.package_identification:_identify(spade-autonomousmission/planner_spade/planner_ws/src/FUEL/fuel_planner/bspline_opt) by extensions ['ignore', 'ignore_ament_install']
[0.447s] Level 1:colcon.colcon_core.package_identification:_identify(spade-autonomousmission/planner_spade/planner_ws/src/FUEL/fuel_planner/bspline_opt) by extension 'ignore'
[0.447s] Level 1:colcon.colcon_core.package_identification:_identify(spade-autonomousmission/planner_spade/planner_ws/src/FUEL/fuel_planner/bspline_opt) by extension 'ignore_ament_install'
[0.447s] Level 1:colcon.colcon_core.package_identification:_identify(spade-autonomousmission/planner_spade/planner_ws/src/FUEL/fuel_planner/bspline_opt) by extensions ['colcon_pkg']
[0.447s] Level 1:colcon.colcon_core.package_identification:_identify(spade-autonomousmission/planner_spade/planner_ws/src/FUEL/fuel_planner/bspline_opt) by extension 'colcon_pkg'
[0.447s] Level 1:colcon.colcon_core.package_identification:_identify(spade-autonomousmission/planner_spade/planner_ws/src/FUEL/fuel_planner/bspline_opt) by extensions ['colcon_meta']
[0.447s] Level 1:colcon.colcon_core.package_identification:_identify(spade-autonomousmission/planner_spade/planner_ws/src/FUEL/fuel_planner/bspline_opt) by extension 'colcon_meta'
[0.447s] Level 1:colcon.colcon_core.package_identification:_identify(spade-autonomousmission/planner_spade/planner_ws/src/FUEL/fuel_planner/bspline_opt) by extensions ['ros']
[0.447s] Level 1:colcon.colcon_core.package_identification:_identify(spade-autonomousmission/planner_spade/planner_ws/src/FUEL/fuel_planner/bspline_opt) by extension 'ros'
[0.448s] DEBUG:colcon.colcon_core.package_identification:Package 'spade-autonomousmission/planner_spade/planner_ws/src/FUEL/fuel_planner/bspline_opt' with type 'ros.ament_cmake' and name 'bspline_opt'
[0.448s] Level 1:colcon.colcon_core.package_identification:_identify(spade-autonomousmission/planner_spade/planner_ws/src/FUEL/fuel_planner/exploration_manager) by extensions ['ignore', 'ignore_ament_install']
[0.448s] Level 1:colcon.colcon_core.package_identification:_identify(spade-autonomousmission/planner_spade/planner_ws/src/FUEL/fuel_planner/exploration_manager) by extension 'ignore'
[0.448s] Level 1:colcon.colcon_core.package_identification:_identify(spade-autonomousmission/planner_spade/planner_ws/src/FUEL/fuel_planner/exploration_manager) by extension 'ignore_ament_install'
[0.448s] Level 1:colcon.colcon_core.package_identification:_identify(spade-autonomousmission/planner_spade/planner_ws/src/FUEL/fuel_planner/exploration_manager) by extensions ['colcon_pkg']
[0.448s] Level 1:colcon.colcon_core.package_identification:_identify(spade-autonomousmission/planner_spade/planner_ws/src/FUEL/fuel_planner/exploration_manager) by extension 'colcon_pkg'
[0.448s] Level 1:colcon.colcon_core.package_identification:_identify(spade-autonomousmission/planner_spade/planner_ws/src/FUEL/fuel_planner/exploration_manager) by extensions ['colcon_meta']
[0.448s] Level 1:colcon.colcon_core.package_identification:_identify(spade-autonomousmission/planner_spade/planner_ws/src/FUEL/fuel_planner/exploration_manager) by extension 'colcon_meta'
[0.448s] Level 1:colcon.colcon_core.package_identification:_identify(spade-autonomousmission/planner_spade/planner_ws/src/FUEL/fuel_planner/exploration_manager) by extensions ['ros']
[0.448s] Level 1:colcon.colcon_core.package_identification:_identify(spade-autonomousmission/planner_spade/planner_ws/src/FUEL/fuel_planner/exploration_manager) by extension 'ros'
[0.449s] DEBUG:colcon.colcon_core.package_identification:Package 'spade-autonomousmission/planner_spade/planner_ws/src/FUEL/fuel_planner/exploration_manager' with type 'ros.ament_cmake' and name 'exploration_manager'
[0.449s] Level 1:colcon.colcon_core.package_identification:_identify(spade-autonomousmission/planner_spade/planner_ws/src/FUEL/fuel_planner/path_searching) by extensions ['ignore', 'ignore_ament_install']
[0.449s] Level 1:colcon.colcon_core.package_identification:_identify(spade-autonomousmission/planner_spade/planner_ws/src/FUEL/fuel_planner/path_searching) by extension 'ignore'
[0.449s] Level 1:colcon.colcon_core.package_identification:_identify(spade-autonomousmission/planner_spade/planner_ws/src/FUEL/fuel_planner/path_searching) by extension 'ignore_ament_install'
[0.449s] Level 1:colcon.colcon_core.package_identification:_identify(spade-autonomousmission/planner_spade/planner_ws/src/FUEL/fuel_planner/path_searching) by extensions ['colcon_pkg']
[0.449s] Level 1:colcon.colcon_core.package_identification:_identify(spade-autonomousmission/planner_spade/planner_ws/src/FUEL/fuel_planner/path_searching) by extension 'colcon_pkg'
[0.449s] Level 1:colcon.colcon_core.package_identification:_identify(spade-autonomousmission/planner_spade/planner_ws/src/FUEL/fuel_planner/path_searching) by extensions ['colcon_meta']
[0.449s] Level 1:colcon.colcon_core.package_identification:_identify(spade-autonomousmission/planner_spade/planner_ws/src/FUEL/fuel_planner/path_searching) by extension 'colcon_meta'
[0.449s] Level 1:colcon.colcon_core.package_identification:_identify(spade-autonomousmission/planner_spade/planner_ws/src/FUEL/fuel_planner/path_searching) by extensions ['ros']
[0.449s] Level 1:colcon.colcon_core.package_identification:_identify(spade-autonomousmission/planner_spade/planner_ws/src/FUEL/fuel_planner/path_searching) by extension 'ros'
[0.450s] DEBUG:colcon.colcon_core.package_identification:Package 'spade-autonomousmission/planner_spade/planner_ws/src/FUEL/fuel_planner/path_searching' with type 'ros.ament_cmake' and name 'path_searching'
[0.450s] Level 1:colcon.colcon_core.package_identification:_identify(spade-autonomousmission/planner_spade/planner_ws/src/FUEL/fuel_planner/plan_env) by extensions ['ignore', 'ignore_ament_install']
[0.450s] Level 1:colcon.colcon_core.package_identification:_identify(spade-autonomousmission/planner_spade/planner_ws/src/FUEL/fuel_planner/plan_env) by extension 'ignore'
[0.450s] Level 1:colcon.colcon_core.package_identification:_identify(spade-autonomousmission/planner_spade/planner_ws/src/FUEL/fuel_planner/plan_env) by extension 'ignore_ament_install'
[0.450s] Level 1:colcon.colcon_core.package_identification:_identify(spade-autonomousmission/planner_spade/planner_ws/src/FUEL/fuel_planner/plan_env) by extensions ['colcon_pkg']
[0.450s] Level 1:colcon.colcon_core.package_identification:_identify(spade-autonomousmission/planner_spade/planner_ws/src/FUEL/fuel_planner/plan_env) by extension 'colcon_pkg'
[0.450s] Level 1:colcon.colcon_core.package_identification:_identify(spade-autonomousmission/planner_spade/planner_ws/src/FUEL/fuel_planner/plan_env) by extensions ['colcon_meta']
[0.450s] Level 1:colcon.colcon_core.package_identification:_identify(spade-autonomousmission/planner_spade/planner_ws/src/FUEL/fuel_planner/plan_env) by extension 'colcon_meta'
[0.450s] Level 1:colcon.colcon_core.package_identification:_identify(spade-autonomousmission/planner_spade/planner_ws/src/FUEL/fuel_planner/plan_env) by extensions ['ros']
[0.450s] Level 1:colcon.colcon_core.package_identification:_identify(spade-autonomousmission/planner_spade/planner_ws/src/FUEL/fuel_planner/plan_env) by extension 'ros'
[0.450s] DEBUG:colcon.colcon_core.package_identification:Package 'spade-autonomousmission/planner_spade/planner_ws/src/FUEL/fuel_planner/plan_env' with type 'ros.ament_cmake' and name 'plan_env'
[0.451s] Level 1:colcon.colcon_core.package_identification:_identify(spade-autonomousmission/planner_spade/planner_ws/src/FUEL/fuel_planner/plan_manage) by extensions ['ignore', 'ignore_ament_install']
[0.451s] Level 1:colcon.colcon_core.package_identification:_identify(spade-autonomousmission/planner_spade/planner_ws/src/FUEL/fuel_planner/plan_manage) by extension 'ignore'
[0.451s] Level 1:colcon.colcon_core.package_identification:_identify(spade-autonomousmission/planner_spade/planner_ws/src/FUEL/fuel_planner/plan_manage) by extension 'ignore_ament_install'
[0.451s] Level 1:colcon.colcon_core.package_identification:_identify(spade-autonomousmission/planner_spade/planner_ws/src/FUEL/fuel_planner/plan_manage) by extensions ['colcon_pkg']
[0.451s] Level 1:colcon.colcon_core.package_identification:_identify(spade-autonomousmission/planner_spade/planner_ws/src/FUEL/fuel_planner/plan_manage) by extension 'colcon_pkg'
[0.451s] Level 1:colcon.colcon_core.package_identification:_identify(spade-autonomousmission/planner_spade/planner_ws/src/FUEL/fuel_planner/plan_manage) by extensions ['colcon_meta']
[0.451s] Level 1:colcon.colcon_core.package_identification:_identify(spade-autonomousmission/planner_spade/planner_ws/src/FUEL/fuel_planner/plan_manage) by extension 'colcon_meta'
[0.451s] Level 1:colcon.colcon_core.package_identification:_identify(spade-autonomousmission/planner_spade/planner_ws/src/FUEL/fuel_planner/plan_manage) by extensions ['ros']
[0.451s] Level 1:colcon.colcon_core.package_identification:_identify(spade-autonomousmission/planner_spade/planner_ws/src/FUEL/fuel_planner/plan_manage) by extension 'ros'
[0.451s] DEBUG:colcon.colcon_core.package_identification:Package 'spade-autonomousmission/planner_spade/planner_ws/src/FUEL/fuel_planner/plan_manage' with type 'ros.ament_cmake' and name 'plan_manage'
[0.451s] Level 1:colcon.colcon_core.package_identification:_identify(spade-autonomousmission/planner_spade/planner_ws/src/FUEL/fuel_planner/poly_traj) by extensions ['ignore', 'ignore_ament_install']
[0.452s] Level 1:colcon.colcon_core.package_identification:_identify(spade-autonomousmission/planner_spade/planner_ws/src/FUEL/fuel_planner/poly_traj) by extension 'ignore'
[0.452s] Level 1:colcon.colcon_core.package_identification:_identify(spade-autonomousmission/planner_spade/planner_ws/src/FUEL/fuel_planner/poly_traj) by extension 'ignore_ament_install'
[0.452s] Level 1:colcon.colcon_core.package_identification:_identify(spade-autonomousmission/planner_spade/planner_ws/src/FUEL/fuel_planner/poly_traj) by extensions ['colcon_pkg']
[0.452s] Level 1:colcon.colcon_core.package_identification:_identify(spade-autonomousmission/planner_spade/planner_ws/src/FUEL/fuel_planner/poly_traj) by extension 'colcon_pkg'
[0.452s] Level 1:colcon.colcon_core.package_identification:_identify(spade-autonomousmission/planner_spade/planner_ws/src/FUEL/fuel_planner/poly_traj) by extensions ['colcon_meta']
[0.452s] Level 1:colcon.colcon_core.package_identification:_identify(spade-autonomousmission/planner_spade/planner_ws/src/FUEL/fuel_planner/poly_traj) by extension 'colcon_meta'
[0.452s] Level 1:colcon.colcon_core.package_identification:_identify(spade-autonomousmission/planner_spade/planner_ws/src/FUEL/fuel_planner/poly_traj) by extensions ['ros']
[0.452s] Level 1:colcon.colcon_core.package_identification:_identify(spade-autonomousmission/planner_spade/planner_ws/src/FUEL/fuel_planner/poly_traj) by extension 'ros'
[0.452s] DEBUG:colcon.colcon_core.package_identification:Package 'spade-autonomousmission/planner_spade/planner_ws/src/FUEL/fuel_planner/poly_traj' with type 'ros.ament_cmake' and name 'poly_traj'
[0.452s] Level 1:colcon.colcon_core.package_identification:_identify(spade-autonomousmission/planner_spade/planner_ws/src/FUEL/fuel_planner/traj_utils) by extensions ['ignore', 'ignore_ament_install']
[0.452s] Level 1:colcon.colcon_core.package_identification:_identify(spade-autonomousmission/planner_spade/planner_ws/src/FUEL/fuel_planner/traj_utils) by extension 'ignore'
[0.452s] Level 1:colcon.colcon_core.package_identification:_identify(spade-autonomousmission/planner_spade/planner_ws/src/FUEL/fuel_planner/traj_utils) by extension 'ignore_ament_install'
[0.452s] Level 1:colcon.colcon_core.package_identification:_identify(spade-autonomousmission/planner_spade/planner_ws/src/FUEL/fuel_planner/traj_utils) by extensions ['colcon_pkg']
[0.452s] Level 1:colcon.colcon_core.package_identification:_identify(spade-autonomousmission/planner_spade/planner_ws/src/FUEL/fuel_planner/traj_utils) by extension 'colcon_pkg'
[0.452s] Level 1:colcon.colcon_core.package_identification:_identify(spade-autonomousmission/planner_spade/planner_ws/src/FUEL/fuel_planner/traj_utils) by extensions ['colcon_meta']
[0.452s] Level 1:colcon.colcon_core.package_identification:_identify(spade-autonomousmission/planner_spade/planner_ws/src/FUEL/fuel_planner/traj_utils) by extension 'colcon_meta'
[0.452s] Level 1:colcon.colcon_core.package_identification:_identify(spade-autonomousmission/planner_spade/planner_ws/src/FUEL/fuel_planner/traj_utils) by extensions ['ros']
[0.452s] Level 1:colcon.colcon_core.package_identification:_identify(spade-autonomousmission/planner_spade/planner_ws/src/FUEL/fuel_planner/traj_utils) by extension 'ros'
[0.453s] DEBUG:colcon.colcon_core.package_identification:Package 'spade-autonomousmission/planner_spade/planner_ws/src/FUEL/fuel_planner/traj_utils' with type 'ros.catkin' and name 'traj_utils'
[0.453s] Level 1:colcon.colcon_core.package_identification:_identify(spade-autonomousmission/planner_spade/planner_ws/src/FUEL/fuel_planner/utils) by extensions ['ignore', 'ignore_ament_install']
[0.453s] Level 1:colcon.colcon_core.package_identification:_identify(spade-autonomousmission/planner_spade/planner_ws/src/FUEL/fuel_planner/utils) by extension 'ignore'
[0.453s] Level 1:colcon.colcon_core.package_identification:_identify(spade-autonomousmission/planner_spade/planner_ws/src/FUEL/fuel_planner/utils) by extension 'ignore_ament_install'
[0.454s] Level 1:colcon.colcon_core.package_identification:_identify(spade-autonomousmission/planner_spade/planner_ws/src/FUEL/fuel_planner/utils) by extensions ['colcon_pkg']
[0.454s] Level 1:colcon.colcon_core.package_identification:_identify(spade-autonomousmission/planner_spade/planner_ws/src/FUEL/fuel_planner/utils) by extension 'colcon_pkg'
[0.454s] Level 1:colcon.colcon_core.package_identification:_identify(spade-autonomousmission/planner_spade/planner_ws/src/FUEL/fuel_planner/utils) by extensions ['colcon_meta']
[0.454s] Level 1:colcon.colcon_core.package_identification:_identify(spade-autonomousmission/planner_spade/planner_ws/src/FUEL/fuel_planner/utils) by extension 'colcon_meta'
[0.454s] Level 1:colcon.colcon_core.package_identification:_identify(spade-autonomousmission/planner_spade/planner_ws/src/FUEL/fuel_planner/utils) by extensions ['ros']
[0.454s] Level 1:colcon.colcon_core.package_identification:_identify(spade-autonomousmission/planner_spade/planner_ws/src/FUEL/fuel_planner/utils) by extension 'ros'
[0.454s] Level 1:colcon.colcon_core.package_identification:_identify(spade-autonomousmission/planner_spade/planner_ws/src/FUEL/fuel_planner/utils) by extensions ['cmake', 'python']
[0.454s] Level 1:colcon.colcon_core.package_identification:_identify(spade-autonomousmission/planner_spade/planner_ws/src/FUEL/fuel_planner/utils) by extension 'cmake'
[0.454s] Level 1:colcon.colcon_core.package_identification:_identify(spade-autonomousmission/planner_spade/planner_ws/src/FUEL/fuel_planner/utils) by extension 'python'
[0.454s] Level 1:colcon.colcon_core.package_identification:_identify(spade-autonomousmission/planner_spade/planner_ws/src/FUEL/fuel_planner/utils) by extensions ['python_setup_py']
[0.454s] Level 1:colcon.colcon_core.package_identification:_identify(spade-autonomousmission/planner_spade/planner_ws/src/FUEL/fuel_planner/utils) by extension 'python_setup_py'
[0.454s] Level 1:colcon.colcon_core.package_identification:_identify(spade-autonomousmission/planner_spade/planner_ws/src/FUEL/fuel_planner/utils/backward) by extensions ['ignore', 'ignore_ament_install']
[0.454s] Level 1:colcon.colcon_core.package_identification:_identify(spade-autonomousmission/planner_spade/planner_ws/src/FUEL/fuel_planner/utils/backward) by extension 'ignore'
[0.454s] Level 1:colcon.colcon_core.package_identification:_identify(spade-autonomousmission/planner_spade/planner_ws/src/FUEL/fuel_planner/utils/backward) by extension 'ignore_ament_install'
[0.454s] Level 1:colcon.colcon_core.package_identification:_identify(spade-autonomousmission/planner_spade/planner_ws/src/FUEL/fuel_planner/utils/backward) by extensions ['colcon_pkg']
[0.454s] Level 1:colcon.colcon_core.package_identification:_identify(spade-autonomousmission/planner_spade/planner_ws/src/FUEL/fuel_planner/utils/backward) by extension 'colcon_pkg'
[0.454s] Level 1:colcon.colcon_core.package_identification:_identify(spade-autonomousmission/planner_spade/planner_ws/src/FUEL/fuel_planner/utils/backward) by extensions ['colcon_meta']
[0.454s] Level 1:colcon.colcon_core.package_identification:_identify(spade-autonomousmission/planner_spade/planner_ws/src/FUEL/fuel_planner/utils/backward) by extension 'colcon_meta'
[0.454s] Level 1:colcon.colcon_core.package_identification:_identify(spade-autonomousmission/planner_spade/planner_ws/src/FUEL/fuel_planner/utils/backward) by extensions ['ros']
[0.454s] Level 1:colcon.colcon_core.package_identification:_identify(spade-autonomousmission/planner_spade/planner_ws/src/FUEL/fuel_planner/utils/backward) by extension 'ros'
[0.454s] Level 1:colcon.colcon_core.package_identification:_identify(spade-autonomousmission/planner_spade/planner_ws/src/FUEL/fuel_planner/utils/backward) by extensions ['cmake', 'python']
[0.454s] Level 1:colcon.colcon_core.package_identification:_identify(spade-autonomousmission/planner_spade/planner_ws/src/FUEL/fuel_planner/utils/backward) by extension 'cmake'
[0.454s] Level 1:colcon.colcon_core.package_identification:_identify(spade-autonomousmission/planner_spade/planner_ws/src/FUEL/fuel_planner/utils/backward) by extension 'python'
[0.454s] Level 1:colcon.colcon_core.package_identification:_identify(spade-autonomousmission/planner_spade/planner_ws/src/FUEL/fuel_planner/utils/backward) by extensions ['python_setup_py']
[0.454s] Level 1:colcon.colcon_core.package_identification:_identify(spade-autonomousmission/planner_spade/planner_ws/src/FUEL/fuel_planner/utils/backward) by extension 'python_setup_py'
[0.454s] Level 1:colcon.colcon_core.package_identification:_identify(spade-autonomousmission/planner_spade/planner_ws/src/FUEL/fuel_planner/utils/lkh_tsp_solver) by extensions ['ignore', 'ignore_ament_install']
[0.454s] Level 1:colcon.colcon_core.package_identification:_identify(spade-autonomousmission/planner_spade/planner_ws/src/FUEL/fuel_planner/utils/lkh_tsp_solver) by extension 'ignore'
[0.454s] Level 1:colcon.colcon_core.package_identification:_identify(spade-autonomousmission/planner_spade/planner_ws/src/FUEL/fuel_planner/utils/lkh_tsp_solver) by extension 'ignore_ament_install'
[0.454s] Level 1:colcon.colcon_core.package_identification:_identify(spade-autonomousmission/planner_spade/planner_ws/src/FUEL/fuel_planner/utils/lkh_tsp_solver) by extensions ['colcon_pkg']
[0.454s] Level 1:colcon.colcon_core.package_identification:_identify(spade-autonomousmission/planner_spade/planner_ws/src/FUEL/fuel_planner/utils/lkh_tsp_solver) by extension 'colcon_pkg'
[0.454s] Level 1:colcon.colcon_core.package_identification:_identify(spade-autonomousmission/planner_spade/planner_ws/src/FUEL/fuel_planner/utils/lkh_tsp_solver) by extensions ['colcon_meta']
[0.454s] Level 1:colcon.colcon_core.package_identification:_identify(spade-autonomousmission/planner_spade/planner_ws/src/FUEL/fuel_planner/utils/lkh_tsp_solver) by extension 'colcon_meta'
[0.454s] Level 1:colcon.colcon_core.package_identification:_identify(spade-autonomousmission/planner_spade/planner_ws/src/FUEL/fuel_planner/utils/lkh_tsp_solver) by extensions ['ros']
[0.455s] Level 1:colcon.colcon_core.package_identification:_identify(spade-autonomousmission/planner_spade/planner_ws/src/FUEL/fuel_planner/utils/lkh_tsp_solver) by extension 'ros'
[0.455s] DEBUG:colcon.colcon_core.package_identification:Package 'spade-autonomousmission/planner_spade/planner_ws/src/FUEL/fuel_planner/utils/lkh_tsp_solver' with type 'ros.ament_cmake' and name 'lkh_tsp_solver'
[0.455s] Level 1:colcon.colcon_core.package_identification:_identify(spade-autonomousmission/planner_spade/planner_ws/src/nlopt) by extensions ['ignore', 'ignore_ament_install']
[0.455s] Level 1:colcon.colcon_core.package_identification:_identify(spade-autonomousmission/planner_spade/planner_ws/src/nlopt) by extension 'ignore'
[0.455s] Level 1:colcon.colcon_core.package_identification:_identify(spade-autonomousmission/planner_spade/planner_ws/src/nlopt) by extension 'ignore_ament_install'
[0.455s] Level 1:colcon.colcon_core.package_identification:_identify(spade-autonomousmission/planner_spade/planner_ws/src/nlopt) by extensions ['colcon_pkg']
[0.455s] Level 1:colcon.colcon_core.package_identification:_identify(spade-autonomousmission/planner_spade/planner_ws/src/nlopt) by extension 'colcon_pkg'
[0.455s] Level 1:colcon.colcon_core.package_identification:_identify(spade-autonomousmission/planner_spade/planner_ws/src/nlopt) by extensions ['colcon_meta']
[0.455s] Level 1:colcon.colcon_core.package_identification:_identify(spade-autonomousmission/planner_spade/planner_ws/src/nlopt) by extension 'colcon_meta'
[0.455s] Level 1:colcon.colcon_core.package_identification:_identify(spade-autonomousmission/planner_spade/planner_ws/src/nlopt) by extensions ['ros']
[0.455s] Level 1:colcon.colcon_core.package_identification:_identify(spade-autonomousmission/planner_spade/planner_ws/src/nlopt) by extension 'ros'
[0.455s] Level 1:colcon.colcon_core.package_identification:_identify(spade-autonomousmission/planner_spade/planner_ws/src/nlopt) by extensions ['cmake', 'python']
[0.455s] Level 1:colcon.colcon_core.package_identification:_identify(spade-autonomousmission/planner_spade/planner_ws/src/nlopt) by extension 'cmake'
[0.457s] Level 1:colcon.colcon_core.package_identification:_identify(spade-autonomousmission/planner_spade/planner_ws/src/nlopt) by extension 'python'
[0.457s] DEBUG:colcon.colcon_core.package_identification:Package 'spade-autonomousmission/planner_spade/planner_ws/src/nlopt' with type 'cmake' and name 'nlopt'
[0.457s] Level 1:colcon.colcon_core.package_identification:_identify(spade-autonomousmission/state_machine_spade) by extensions ['ignore', 'ignore_ament_install']
[0.457s] Level 1:colcon.colcon_core.package_identification:_identify(spade-autonomousmission/state_machine_spade) by extension 'ignore'
[0.457s] Level 1:colcon.colcon_core.package_identification:_identify(spade-autonomousmission/state_machine_spade) by extension 'ignore_ament_install'
[0.457s] Level 1:colcon.colcon_core.package_identification:_identify(spade-autonomousmission/state_machine_spade) by extensions ['colcon_pkg']
[0.457s] Level 1:colcon.colcon_core.package_identification:_identify(spade-autonomousmission/state_machine_spade) by extension 'colcon_pkg'
[0.457s] Level 1:colcon.colcon_core.package_identification:_identify(spade-autonomousmission/state_machine_spade) by extensions ['colcon_meta']
[0.458s] Level 1:colcon.colcon_core.package_identification:_identify(spade-autonomousmission/state_machine_spade) by extension 'colcon_meta'
[0.458s] Level 1:colcon.colcon_core.package_identification:_identify(spade-autonomousmission/state_machine_spade) by extensions ['ros']
[0.458s] Level 1:colcon.colcon_core.package_identification:_identify(spade-autonomousmission/state_machine_spade) by extension 'ros'
[0.458s] Level 1:colcon.colcon_core.package_identification:_identify(spade-autonomousmission/state_machine_spade) by extensions ['cmake', 'python']
[0.458s] Level 1:colcon.colcon_core.package_identification:_identify(spade-autonomousmission/state_machine_spade) by extension 'cmake'
[0.458s] Level 1:colcon.colcon_core.package_identification:_identify(spade-autonomousmission/state_machine_spade) by extension 'python'
[0.458s] Level 1:colcon.colcon_core.package_identification:_identify(spade-autonomousmission/state_machine_spade) by extensions ['python_setup_py']
[0.458s] Level 1:colcon.colcon_core.package_identification:_identify(spade-autonomousmission/state_machine_spade) by extension 'python_setup_py'
[0.458s] Level 1:colcon.colcon_core.package_identification:_identify(spade-autonomousmission/state_machine_spade/state_machine_ws) by extensions ['ignore', 'ignore_ament_install']
[0.458s] Level 1:colcon.colcon_core.package_identification:_identify(spade-autonomousmission/state_machine_spade/state_machine_ws) by extension 'ignore'
[0.458s] Level 1:colcon.colcon_core.package_identification:_identify(spade-autonomousmission/state_machine_spade/state_machine_ws) by extension 'ignore_ament_install'
[0.458s] Level 1:colcon.colcon_core.package_identification:_identify(spade-autonomousmission/state_machine_spade/state_machine_ws) by extensions ['colcon_pkg']
[0.458s] Level 1:colcon.colcon_core.package_identification:_identify(spade-autonomousmission/state_machine_spade/state_machine_ws) by extension 'colcon_pkg'
[0.458s] Level 1:colcon.colcon_core.package_identification:_identify(spade-autonomousmission/state_machine_spade/state_machine_ws) by extensions ['colcon_meta']
[0.458s] Level 1:colcon.colcon_core.package_identification:_identify(spade-autonomousmission/state_machine_spade/state_machine_ws) by extension 'colcon_meta'
[0.458s] Level 1:colcon.colcon_core.package_identification:_identify(spade-autonomousmission/state_machine_spade/state_machine_ws) by extensions ['ros']
[0.458s] Level 1:colcon.colcon_core.package_identification:_identify(spade-autonomousmission/state_machine_spade/state_machine_ws) by extension 'ros'
[0.458s] Level 1:colcon.colcon_core.package_identification:_identify(spade-autonomousmission/state_machine_spade/state_machine_ws) by extensions ['cmake', 'python']
[0.458s] Level 1:colcon.colcon_core.package_identification:_identify(spade-autonomousmission/state_machine_spade/state_machine_ws) by extension 'cmake'
[0.458s] Level 1:colcon.colcon_core.package_identification:_identify(spade-autonomousmission/state_machine_spade/state_machine_ws) by extension 'python'
[0.458s] Level 1:colcon.colcon_core.package_identification:_identify(spade-autonomousmission/state_machine_spade/state_machine_ws) by extensions ['python_setup_py']
[0.458s] Level 1:colcon.colcon_core.package_identification:_identify(spade-autonomousmission/state_machine_spade/state_machine_ws) by extension 'python_setup_py'
[0.458s] Level 1:colcon.colcon_core.package_identification:_identify(spade-autonomousmission/state_machine_spade/state_machine_ws/src) by extensions ['ignore', 'ignore_ament_install']
[0.458s] Level 1:colcon.colcon_core.package_identification:_identify(spade-autonomousmission/state_machine_spade/state_machine_ws/src) by extension 'ignore'
[0.458s] Level 1:colcon.colcon_core.package_identification:_identify(spade-autonomousmission/state_machine_spade/state_machine_ws/src) by extension 'ignore_ament_install'
[0.458s] Level 1:colcon.colcon_core.package_identification:_identify(spade-autonomousmission/state_machine_spade/state_machine_ws/src) by extensions ['colcon_pkg']
[0.458s] Level 1:colcon.colcon_core.package_identification:_identify(spade-autonomousmission/state_machine_spade/state_machine_ws/src) by extension 'colcon_pkg'
[0.458s] Level 1:colcon.colcon_core.package_identification:_identify(spade-autonomousmission/state_machine_spade/state_machine_ws/src) by extensions ['colcon_meta']
[0.458s] Level 1:colcon.colcon_core.package_identification:_identify(spade-autonomousmission/state_machine_spade/state_machine_ws/src) by extension 'colcon_meta'
[0.458s] Level 1:colcon.colcon_core.package_identification:_identify(spade-autonomousmission/state_machine_spade/state_machine_ws/src) by extensions ['ros']
[0.459s] Level 1:colcon.colcon_core.package_identification:_identify(spade-autonomousmission/state_machine_spade/state_machine_ws/src) by extension 'ros'
[0.459s] Level 1:colcon.colcon_core.package_identification:_identify(spade-autonomousmission/state_machine_spade/state_machine_ws/src) by extensions ['cmake', 'python']
[0.459s] Level 1:colcon.colcon_core.package_identification:_identify(spade-autonomousmission/state_machine_spade/state_machine_ws/src) by extension 'cmake'
[0.459s] Level 1:colcon.colcon_core.package_identification:_identify(spade-autonomousmission/state_machine_spade/state_machine_ws/src) by extension 'python'
[0.459s] Level 1:colcon.colcon_core.package_identification:_identify(spade-autonomousmission/state_machine_spade/state_machine_ws/src) by extensions ['python_setup_py']
[0.459s] Level 1:colcon.colcon_core.package_identification:_identify(spade-autonomousmission/state_machine_spade/state_machine_ws/src) by extension 'python_setup_py'
[0.459s] Level 1:colcon.colcon_core.package_identification:_identify(spade-autonomousmission/state_machine_spade/state_machine_ws/src/state_machine) by extensions ['ignore', 'ignore_ament_install']
[0.459s] Level 1:colcon.colcon_core.package_identification:_identify(spade-autonomousmission/state_machine_spade/state_machine_ws/src/state_machine) by extension 'ignore'
[0.459s] Level 1:colcon.colcon_core.package_identification:_identify(spade-autonomousmission/state_machine_spade/state_machine_ws/src/state_machine) by extension 'ignore_ament_install'
[0.459s] Level 1:colcon.colcon_core.package_identification:_identify(spade-autonomousmission/state_machine_spade/state_machine_ws/src/state_machine) by extensions ['colcon_pkg']
[0.459s] Level 1:colcon.colcon_core.package_identification:_identify(spade-autonomousmission/state_machine_spade/state_machine_ws/src/state_machine) by extension 'colcon_pkg'
[0.459s] Level 1:colcon.colcon_core.package_identification:_identify(spade-autonomousmission/state_machine_spade/state_machine_ws/src/state_machine) by extensions ['colcon_meta']
[0.459s] Level 1:colcon.colcon_core.package_identification:_identify(spade-autonomousmission/state_machine_spade/state_machine_ws/src/state_machine) by extension 'colcon_meta'
[0.459s] Level 1:colcon.colcon_core.package_identification:_identify(spade-autonomousmission/state_machine_spade/state_machine_ws/src/state_machine) by extensions ['ros']
[0.459s] Level 1:colcon.colcon_core.package_identification:_identify(spade-autonomousmission/state_machine_spade/state_machine_ws/src/state_machine) by extension 'ros'
[0.460s] DEBUG:colcon.colcon_core.package_identification:Package 'spade-autonomousmission/state_machine_spade/state_machine_ws/src/state_machine' with type 'ros.ament_cmake' and name 'state_machine'
[0.460s] Level 1:colcon.colcon_core.package_identification:_identify(src) by extensions ['ignore', 'ignore_ament_install']
[0.460s] Level 1:colcon.colcon_core.package_identification:_identify(src) by extension 'ignore'
[0.460s] Level 1:colcon.colcon_core.package_identification:_identify(src) by extension 'ignore_ament_install'
[0.460s] Level 1:colcon.colcon_core.package_identification:_identify(src) by extensions ['colcon_pkg']
[0.460s] Level 1:colcon.colcon_core.package_identification:_identify(src) by extension 'colcon_pkg'
[0.460s] Level 1:colcon.colcon_core.package_identification:_identify(src) by extensions ['colcon_meta']
[0.460s] Level 1:colcon.colcon_core.package_identification:_identify(src) by extension 'colcon_meta'
[0.460s] Level 1:colcon.colcon_core.package_identification:_identify(src) by extensions ['ros']
[0.460s] Level 1:colcon.colcon_core.package_identification:_identify(src) by extension 'ros'
[0.460s] Level 1:colcon.colcon_core.package_identification:_identify(src) by extensions ['cmake', 'python']
[0.460s] Level 1:colcon.colcon_core.package_identification:_identify(src) by extension 'cmake'
[0.460s] Level 1:colcon.colcon_core.package_identification:_identify(src) by extension 'python'
[0.460s] Level 1:colcon.colcon_core.package_identification:_identify(src) by extensions ['python_setup_py']
[0.460s] Level 1:colcon.colcon_core.package_identification:_identify(src) by extension 'python_setup_py'
[0.460s] Level 1:colcon.colcon_core.package_identification:_identify(src/px4_msgs) by extensions ['ignore', 'ignore_ament_install']
[0.460s] Level 1:colcon.colcon_core.package_identification:_identify(src/px4_msgs) by extension 'ignore'
[0.460s] Level 1:colcon.colcon_core.package_identification:_identify(src/px4_msgs) by extension 'ignore_ament_install'
[0.460s] Level 1:colcon.colcon_core.package_identification:_identify(src/px4_msgs) by extensions ['colcon_pkg']
[0.460s] Level 1:colcon.colcon_core.package_identification:_identify(src/px4_msgs) by extension 'colcon_pkg'
[0.460s] Level 1:colcon.colcon_core.package_identification:_identify(src/px4_msgs) by extensions ['colcon_meta']
[0.460s] Level 1:colcon.colcon_core.package_identification:_identify(src/px4_msgs) by extension 'colcon_meta'
[0.460s] Level 1:colcon.colcon_core.package_identification:_identify(src/px4_msgs) by extensions ['ros']
[0.460s] Level 1:colcon.colcon_core.package_identification:_identify(src/px4_msgs) by extension 'ros'
[0.461s] DEBUG:colcon.colcon_core.package_identification:Package 'src/px4_msgs' with type 'ros.ament_cmake' and name 'px4_msgs'
[0.461s] Level 1:colcon.colcon_core.package_identification:_identify(src/px4_ros_com) by extensions ['ignore', 'ignore_ament_install']
[0.461s] Level 1:colcon.colcon_core.package_identification:_identify(src/px4_ros_com) by extension 'ignore'
[0.461s] Level 1:colcon.colcon_core.package_identification:_identify(src/px4_ros_com) by extension 'ignore_ament_install'
[0.461s] Level 1:colcon.colcon_core.package_identification:_identify(src/px4_ros_com) by extensions ['colcon_pkg']
[0.461s] Level 1:colcon.colcon_core.package_identification:_identify(src/px4_ros_com) by extension 'colcon_pkg'
[0.461s] Level 1:colcon.colcon_core.package_identification:_identify(src/px4_ros_com) by extensions ['colcon_meta']
[0.461s] Level 1:colcon.colcon_core.package_identification:_identify(src/px4_ros_com) by extension 'colcon_meta'
[0.461s] Level 1:colcon.colcon_core.package_identification:_identify(src/px4_ros_com) by extensions ['ros']
[0.461s] Level 1:colcon.colcon_core.package_identification:_identify(src/px4_ros_com) by extension 'ros'
[0.462s] DEBUG:colcon.colcon_core.package_identification:Package 'src/px4_ros_com' with type 'ros.ament_cmake' and name 'px4_ros_com'
[0.462s] Level 1:colcon.colcon_core.package_discovery:discover_packages(recursive) using defaults
[0.462s] Level 1:colcon.colcon_core.package_discovery:discover_packages(ignore) discover
[0.462s] Level 1:colcon.colcon_core.package_discovery:discover_packages(ignore) using defaults
[0.462s] Level 1:colcon.colcon_core.package_discovery:discover_packages(path) discover
[0.462s] Level 1:colcon.colcon_core.package_discovery:discover_packages(path) using defaults
[0.482s] Level 1:colcon.colcon_core.package_discovery:discover_packages(prefix_path) check parameters
[0.482s] Level 1:colcon.colcon_core.package_discovery:discover_packages(prefix_path) discover
[0.483s] DEBUG:colcon.colcon_installed_package_information.package_discovery:Found 4 installed packages in /home/naster/Path_Planning/mavros/install
[0.484s] DEBUG:colcon.colcon_installed_package_information.package_discovery:Found 274 installed packages in /opt/ros/humble
[0.484s] Level 1:colcon.colcon_core.package_discovery:discover_packages(prefix_path) using defaults
[0.504s] ERROR:colcon:colcon build: Duplicate package names not supported:
- libmavconn:
  - mavros/libmavconn
  - spade-autonomousmission/communication_spade/mavros/libmavconn
- mavros:
  - mavros/mavros
  - spade-autonomousmission/communication_spade/mavros/mavros
- mavros_extras:
  - mavros/mavros_extras
  - spade-autonomousmission/communication_spade/mavros/mavros_extras
- mavros_msgs:
  - mavros/mavros_msgs
  - spade-autonomousmission/communication_spade/mavros/mavros_msgs
